2026-01-06 17:47:18,666 - INFO - HTTP Request: GET https://planilhaandrieli.jords.site/api/database/rows/table/673/?user_field_names=true "HTTP/1.1 200 OK"
2026-01-06 17:47:19,862 - INFO - HTTP Request: GET https://planilhaandrieli.jords.site/api/database/rows/table/673/?user_field_names=true "HTTP/1.1 200 OK"
2026-01-06 17:47:24,172 - INFO - HTTP Request: GET https://chatandrieli.jords.site/api/v1/accounts/2/contacts/search?q=%2B558596123586 "HTTP/1.1 200 OK"
2026-01-06 17:47:25,387 - INFO - HTTP Request: POST https://chatandrieli.jords.site/api/v1/accounts/2/conversations "HTTP/1.1 404 Not Found"
2026-01-06 17:53:09,201 - INFO - HTTP Request: GET https://planilhaandrieli.jords.site/api/database/rows/table/673/?user_field_names=true "HTTP/1.1 200 OK"
2026-01-06 17:53:10,461 - INFO - HTTP Request: GET https://planilhaandrieli.jords.site/api/database/rows/table/673/?user_field_names=true "HTTP/1.1 200 OK"
2026-01-06 17:53:14,244 - INFO - HTTP Request: GET https://chatandrieli.jords.site/api/v1/accounts/2/contacts/search?q=%2B558596123586 "HTTP/1.1 200 OK"
2026-01-06 17:53:15,380 - INFO - HTTP Request: POST https://chatandrieli.jords.site/api/v1/accounts/2/conversations "HTTP/1.1 404 Not Found"
2026-01-06 17:55:50,358 - INFO - HTTP Request: GET https://planilhaandrieli.jords.site/api/database/rows/table/673/?user_field_names=true "HTTP/1.1 200 OK"
2026-01-06 17:55:51,584 - INFO - HTTP Request: GET https://planilhaandrieli.jords.site/api/database/rows/table/673/?user_field_names=true "HTTP/1.1 200 OK"
2026-01-06 17:55:54,253 - INFO - ==================================================
2026-01-06 17:55:54,253 - INFO - 🛑 DIAGNÓSTICO DE ENVIO (MENSAGEM)
2026-01-06 17:55:54,254 - INFO - 📌 Account ID: 2
2026-01-06 17:55:54,254 - INFO - 📌 Inbox ID: 2
2026-01-06 17:55:54,254 - INFO - 📌 Nome Cliente: Aryaraj Alves
2026-01-06 17:55:54,255 - INFO - 📌 Número: 558596123586
2026-01-06 17:55:54,255 - INFO - 🔄 Chatwoot: Iniciando fluxo de envio...
2026-01-06 17:55:54,256 - INFO - 🔍 Chatwoot: Buscando contato +558596123586 na URL https://chatandrieli.jords.site/api/v1/accounts/2/contacts/search
2026-01-06 17:55:55,162 - INFO - HTTP Request: GET https://chatandrieli.jords.site/api/v1/accounts/2/contacts/search?q=%2B558596123586 "HTTP/1.1 200 OK"
2026-01-06 17:55:55,166 - INFO - ✅ Chatwoot: Contato existente encontrado.
2026-01-06 17:55:55,169 - INFO - ✅ Chatwoot: Contato obtido/criado com ID: 4
2026-01-06 17:55:55,170 - INFO - 🔍 Chatwoot: Verificando conversas existentes para contato 4...
2026-01-06 17:55:56,418 - INFO - HTTP Request: GET https://chatandrieli.jords.site/api/v1/accounts/2/contacts/4/conversations "HTTP/1.1 200 OK"
2026-01-06 17:55:56,422 - INFO - ✅ Chatwoot: Conversa aberta encontrada (ID: 4). Reutilizando.
2026-01-06 17:55:56,424 - INFO - ✅ Chatwoot: Conversa pronta (ID: 4)
2026-01-06 17:55:56,425 - INFO - 📌 ID CONVERSA QUE SERÁ USADO: 4
2026-01-06 17:55:56,427 - INFO - 🚀 Chatwoot: Enviando mensagem para conversa 4...
2026-01-06 17:55:57,546 - INFO - HTTP Request: POST https://chatandrieli.jords.site/api/v1/accounts/2/conversations/4/messages "HTTP/1.1 200 OK"
2026-01-06 17:55:57,549 - INFO - ✅ Chatwoot: Mensagem enviada com sucesso!
2026-01-06 17:56:17,747 - INFO - ==================================================
2026-01-06 17:56:17,749 - INFO - 🛑 DIAGNÓSTICO DE ENVIO (ARQUIVO)
2026-01-06 17:56:17,750 - INFO - 📌 Account ID: 2
2026-01-06 17:56:17,751 - INFO - 📌 Inbox ID: 2
2026-01-06 17:56:17,752 - INFO - 🔄 Chatwoot: Iniciando envio de ARQUIVO para Aryaraj Alves (558596123586)
2026-01-06 17:56:17,755 - INFO - 🔍 Chatwoot: Buscando contato +558596123586 na URL https://chatandrieli.jords.site/api/v1/accounts/2/contacts/search
2026-01-06 17:56:18,827 - INFO - HTTP Request: GET https://chatandrieli.jords.site/api/v1/accounts/2/contacts/search?q=%2B558596123586 "HTTP/1.1 200 OK"
2026-01-06 17:56:18,834 - INFO - ✅ Chatwoot: Contato existente encontrado.
2026-01-06 17:56:18,835 - INFO - 🔍 Chatwoot: Verificando conversas existentes para contato 4...
2026-01-06 17:56:20,036 - INFO - HTTP Request: GET https://chatandrieli.jords.site/api/v1/accounts/2/contacts/4/conversations "HTTP/1.1 200 OK"
2026-01-06 17:56:20,041 - INFO - ✅ Chatwoot: Conversa aberta encontrada (ID: 4). Reutilizando.
2026-01-06 17:56:20,044 - INFO - ✅ Chatwoot: Conversa pronta para arquivo (ID: 4)
2026-01-06 17:56:20,045 - INFO - 🚀 Chatwoot: Enviando ARQUIVO para conversa 4...
2026-01-06 17:56:21,891 - INFO - HTTP Request: POST https://chatandrieli.jords.site/api/v1/accounts/2/conversations/4/messages "HTTP/1.1 200 OK"
2026-01-06 17:56:21,895 - INFO - ✅ Chatwoot: Arquivo enviado com sucesso!
2026-01-06 17:58:09,877 - INFO - HTTP Request: GET https://planilhaandrieli.jords.site/api/database/rows/table/673/?user_field_names=true "HTTP/1.1 200 OK"
2026-01-06 17:58:11,017 - INFO - HTTP Request: GET https://planilhaandrieli.jords.site/api/database/rows/table/673/?user_field_names=true "HTTP/1.1 200 OK"
2026-01-06 18:01:02,082 - INFO - HTTP Request: GET https://planilhaandrieli.jords.site/api/database/rows/table/673/?user_field_names=true "HTTP/1.1 200 OK"
2026-01-06 18:01:03,275 - INFO - HTTP Request: GET https://planilhaandrieli.jords.site/api/database/rows/table/673/?user_field_names=true "HTTP/1.1 200 OK"
2026-01-06 18:07:47,823 - INFO - HTTP Request: GET https://planilhaandrieli.jords.site/api/database/rows/table/673/?user_field_names=true "HTTP/1.1 200 OK"
2026-01-06 18:07:48,956 - INFO - HTTP Request: GET https://planilhaandrieli.jords.site/api/database/rows/table/673/?user_field_names=true "HTTP/1.1 200 OK"
2026-01-06 18:09:31,186 - INFO - HTTP Request: GET https://planilhaandrieli.jords.site/api/database/rows/table/673/?user_field_names=true "HTTP/1.1 200 OK"
2026-01-06 18:11:01,932 - INFO - HTTP Request: GET https://planilhaandrieli.jords.site/api/database/rows/table/673/?user_field_names=true "HTTP/1.1 200 OK"
2026-01-06 18:11:03,025 - INFO - HTTP Request: GET https://planilhaandrieli.jords.site/api/database/rows/table/673/?user_field_names=true "HTTP/1.1 200 OK"
2026-01-06 18:12:54,450 - INFO - HTTP Request: GET https://planilhaandrieli.jords.site/api/database/rows/table/673/?user_field_names=true "HTTP/1.1 200 OK"
2026-01-06 18:16:21,853 - INFO - HTTP Request: GET https://planilhaandrieli.jords.site/api/database/rows/table/673/?user_field_names=true "HTTP/1.1 200 OK"
2026-01-06 18:16:22,649 - INFO - HTTP Request: GET https://planilhaandrieli.jords.site/api/database/rows/table/673/?user_field_names=true "HTTP/1.1 200 OK"
2026-01-06 18:17:00,684 - INFO - HTTP Request: GET https://planilhaandrieli.jords.site/api/database/rows/table/673/?user_field_names=true "HTTP/1.1 200 OK"
2026-01-06 18:17:01,769 - INFO - HTTP Request: GET https://planilhaandrieli.jords.site/api/database/rows/table/673/?user_field_names=true "HTTP/1.1 200 OK"
2026-01-06 18:19:11,222 - INFO - HTTP Request: GET https://planilhaandrieli.jords.site/api/database/rows/table/673/?user_field_names=true "HTTP/1.1 200 OK"
2026-01-06 18:19:12,482 - INFO - HTTP Request: GET https://planilhaandrieli.jords.site/api/database/rows/table/673/?user_field_names=true "HTTP/1.1 200 OK"
2026-01-06 18:19:23,995 - INFO - HTTP Request: GET https://planilhaandrieli.jords.site/api/database/rows/table/673/?user_field_names=true "HTTP/1.1 200 OK"
2026-01-06 18:19:25,005 - INFO - HTTP Request: GET https://planilhaandrieli.jords.site/api/database/rows/table/673/?user_field_names=true "HTTP/1.1 200 OK"
2026-01-06 18:21:53,171 - INFO - HTTP Request: GET https://planilhaandrieli.jords.site/api/database/rows/table/673/?user_field_names=true "HTTP/1.1 200 OK"
2026-01-06 18:21:54,281 - INFO - HTTP Request: GET https://planilhaandrieli.jords.site/api/database/rows/table/673/?user_field_names=true "HTTP/1.1 200 OK"
2026-01-06 18:22:08,138 - INFO - HTTP Request: PATCH https://planilhaandrieli.jords.site/api/database/rows/table/673/62/?user_field_names=true "HTTP/1.1 200 OK"
2026-01-06 18:22:09,106 - INFO - HTTP Request: GET https://planilhaandrieli.jords.site/api/database/rows/table/673/?user_field_names=true "HTTP/1.1 200 OK"
2026-01-06 18:26:46,913 - INFO - HTTP Request: GET https://planilhaandrieli.jords.site/api/database/rows/table/673/?user_field_names=true "HTTP/1.1 200 OK"
2026-01-06 18:29:40,533 - INFO - HTTP Request: GET https://planilhaandrieli.jords.site/api/database/rows/table/673/?user_field_names=true "HTTP/1.1 200 OK"
2026-01-06 18:29:41,662 - INFO - HTTP Request: GET https://planilhaandrieli.jords.site/api/database/rows/table/673/?user_field_names=true "HTTP/1.1 200 OK"
2026-01-06 18:30:00,779 - INFO - HTTP Request: GET https://planilhaandrieli.jords.site/api/database/rows/table/673/62/?user_field_names=true "HTTP/1.1 200 OK"
2026-01-06 18:30:01,586 - INFO - HTTP Request: GET https://planilhaandrieli.jords.site/api/database/rows/table/673/62/?user_field_names=true "HTTP/1.1 200 OK"
2026-01-06 18:37:18,021 - INFO - HTTP Request: GET https://planilhaandrieli.jords.site/api/database/rows/table/673/?user_field_names=true "HTTP/1.1 200 OK"
2026-01-06 18:37:19,141 - INFO - HTTP Request: GET https://planilhaandrieli.jords.site/api/database/rows/table/673/?user_field_names=true "HTTP/1.1 200 OK"
2026-01-06 18:37:47,153 - INFO - HTTP Request: GET https://planilhaandrieli.jords.site/api/database/rows/table/673/?user_field_names=true "HTTP/1.1 200 OK"
2026-01-06 18:37:48,367 - INFO - HTTP Request: GET https://planilhaandrieli.jords.site/api/database/rows/table/673/?user_field_names=true "HTTP/1.1 200 OK"
2026-01-06 18:42:21,214 - INFO - HTTP Request: GET https://planilhaandrieli.jords.site/api/database/rows/table/673/?user_field_names=true "HTTP/1.1 200 OK"
2026-01-06 18:42:22,390 - INFO - HTTP Request: GET https://planilhaandrieli.jords.site/api/database/rows/table/673/?user_field_names=true "HTTP/1.1 200 OK"
2026-01-06 18:42:26,970 - INFO - HTTP Request: GET https://planilhaandrieli.jords.site/api/database/rows/table/673/62/?user_field_names=true "HTTP/1.1 200 OK"
2026-01-06 18:42:27,573 - INFO - HTTP Request: GET https://planilhaandrieli.jords.site/api/database/rows/table/673/62/?user_field_names=true "HTTP/1.1 200 OK"
2026-01-06 18:43:23,032 - INFO - HTTP Request: GET https://planilhaandrieli.jords.site/api/database/rows/table/673/62/?user_field_names=true "HTTP/1.1 200 OK"
2026-01-06 18:43:23,812 - INFO - HTTP Request: GET https://planilhaandrieli.jords.site/api/database/rows/table/673/62/?user_field_names=true "HTTP/1.1 200 OK"
2026-01-06 18:43:29,465 - INFO - HTTP Request: GET https://planilhaandrieli.jords.site/api/database/rows/table/673/62/?user_field_names=true "HTTP/1.1 200 OK"
2026-01-06 18:43:29,469 - INFO - HTTP Request: GET https://planilhaandrieli.jords.site/api/database/rows/table/673/62/?user_field_names=true "HTTP/1.1 200 OK"
2026-01-06 18:43:59,504 - INFO - HTTP Request: GET https://planilhaandrieli.jords.site/api/database/rows/table/673/62/?user_field_names=true "HTTP/1.1 200 OK"
2026-01-06 18:44:00,292 - INFO - HTTP Request: GET https://planilhaandrieli.jords.site/api/database/rows/table/673/62/?user_field_names=true "HTTP/1.1 200 OK"
2026-01-06 18:47:16,882 - INFO - HTTP Request: GET https://planilhaandrieli.jords.site/api/database/rows/table/673/62/?user_field_names=true "HTTP/1.1 200 OK"
2026-01-06 18:47:17,762 - INFO - HTTP Request: GET https://planilhaandrieli.jords.site/api/database/rows/table/673/62/?user_field_names=true "HTTP/1.1 200 OK"
2026-01-06 18:48:18,073 - INFO - HTTP Request: GET https://planilhaandrieli.jords.site/api/database/rows/table/673/?user_field_names=true "HTTP/1.1 200 OK"
2026-01-06 18:48:19,135 - INFO - HTTP Request: GET https://planilhaandrieli.jords.site/api/database/rows/table/673/?user_field_names=true "HTTP/1.1 200 OK"
2026-01-06 18:48:21,779 - INFO - HTTP Request: GET https://planilhaandrieli.jords.site/api/database/rows/table/673/62/?user_field_names=true "HTTP/1.1 200 OK"
2026-01-06 18:48:22,515 - INFO - HTTP Request: GET https://planilhaandrieli.jords.site/api/database/rows/table/673/62/?user_field_names=true "HTTP/1.1 200 OK"
2026-01-06 18:49:38,058 - INFO - HTTP Request: GET https://planilhaandrieli.jords.site/api/database/rows/table/673/62/?user_field_names=true "HTTP/1.1 200 OK"
2026-01-06 18:49:38,780 - INFO - HTTP Request: GET https://planilhaandrieli.jords.site/api/database/rows/table/673/62/?user_field_names=true "HTTP/1.1 200 OK"
2026-01-06 18:50:56,330 - INFO - HTTP Request: GET https://planilhaandrieli.jords.site/api/database/rows/table/673/?user_field_names=true "HTTP/1.1 200 OK"
2026-01-06 18:50:57,451 - INFO - HTTP Request: GET https://planilhaandrieli.jords.site/api/database/rows/table/673/?user_field_names=true "HTTP/1.1 200 OK"
2026-01-06 18:51:00,558 - INFO - HTTP Request: GET https://planilhaandrieli.jords.site/api/database/rows/table/673/62/?user_field_names=true "HTTP/1.1 200 OK"
2026-01-06 18:51:00,567 - INFO - HTTP Request: GET https://planilhaandrieli.jords.site/api/database/rows/table/673/62/?user_field_names=true "HTTP/1.1 200 OK"
2026-01-06 18:51:01,087 - INFO - HTTP Request: POST https://webhookandrieli.jords.site/webhook/a6adb0ac-5491-4720-9bec-e87476224b62-CriandoMapaAstral "HTTP/1.1 200 OK"
2026-01-06 18:51:01,092 - INFO - HTTP Request: POST https://webhookandrieli.jords.site/webhook/a6adb0ac-5491-4720-9bec-e87476224b62-CriandoMapaAstral "HTTP/1.1 200 OK"
2026-01-07 08:30:49,315 - INFO - HTTP Request: GET https://planilhaandrieli.jords.site/api/database/rows/table/673/?user_field_names=true "HTTP/1.1 200 OK"
2026-01-07 08:30:50,420 - INFO - HTTP Request: GET https://planilhaandrieli.jords.site/api/database/rows/table/673/?user_field_names=true "HTTP/1.1 200 OK"
2026-01-07 08:52:09,378 - INFO - HTTP Request: GET https://planilhaandrieli.jords.site/api/database/rows/table/673/62/?user_field_names=true "HTTP/1.1 200 OK"
2026-01-07 08:52:09,403 - INFO - HTTP Request: GET https://planilhaandrieli.jords.site/api/database/rows/table/673/62/?user_field_names=true "HTTP/1.1 200 OK"
2026-01-07 08:57:04,080 - INFO - HTTP Request: GET https://planilhaandrieli.jords.site/api/database/rows/table/673/?user_field_names=true "HTTP/1.1 200 OK"
2026-01-07 08:59:12,289 - INFO - HTTP Request: GET https://planilhaandrieli.jords.site/api/database/rows/table/673/?user_field_names=true "HTTP/1.1 200 OK"
2026-01-07 08:59:13,381 - INFO - HTTP Request: GET https://planilhaandrieli.jords.site/api/database/rows/table/673/?user_field_names=true "HTTP/1.1 200 OK"
2026-01-07 08:59:18,369 - INFO - HTTP Request: GET https://planilhaandrieli.jords.site/api/database/rows/table/673/62/?user_field_names=true "HTTP/1.1 200 OK"
2026-01-07 08:59:37,337 - INFO - HTTP Request: POST https://webhookandrieli.jords.site/webhook/a6adb0ac-5491-4720-9bec-e87476224b62-CriandoMapaAstral "HTTP/1.1 200 OK"
2026-01-07 08:59:37,979 - INFO - HTTP Request: GET https://planilhaandrieli.jords.site/api/database/rows/table/673/?user_field_names=true "HTTP/1.1 200 OK"
2026-01-07 09:01:11,907 - INFO - HTTP Request: GET https://planilhaandrieli.jords.site/api/database/rows/table/673/?user_field_names=true "HTTP/1.1 200 OK"
2026-01-07 09:01:12,955 - INFO - HTTP Request: GET https://planilhaandrieli.jords.site/api/database/rows/table/673/?user_field_names=true "HTTP/1.1 200 OK"
2026-01-07 09:01:16,421 - INFO - HTTP Request: GET https://planilhaandrieli.jords.site/api/database/rows/table/673/62/?user_field_names=true "HTTP/1.1 200 OK"
2026-01-07 09:02:09,485 - INFO - HTTP Request: POST https://webhookandrieli.jords.site/webhook/a6adb0ac-5491-4720-9bec-e87476224b62-CriandoMapaAstral "HTTP/1.1 200 OK"
2026-01-07 09:02:10,115 - INFO - HTTP Request: GET https://planilhaandrieli.jords.site/api/database/rows/table/673/?user_field_names=true "HTTP/1.1 200 OK"
2026-01-07 09:03:22,702 - INFO - HTTP Request: GET https://planilhaandrieli.jords.site/api/database/rows/table/673/?user_field_names=true "HTTP/1.1 200 OK"
2026-01-07 09:03:23,840 - INFO - HTTP Request: GET https://planilhaandrieli.jords.site/api/database/rows/table/673/?user_field_names=true "HTTP/1.1 200 OK"
2026-01-07 09:03:26,703 - INFO - HTTP Request: GET https://planilhaandrieli.jords.site/api/database/rows/table/673/62/?user_field_names=true "HTTP/1.1 200 OK"
2026-01-07 09:04:26,202 - INFO - HTTP Request: GET https://planilhaandrieli.jords.site/api/database/rows/table/673/?user_field_names=true "HTTP/1.1 200 OK"
2026-01-07 09:04:27,319 - INFO - HTTP Request: GET https://planilhaandrieli.jords.site/api/database/rows/table/673/?user_field_names=true "HTTP/1.1 200 OK"
2026-01-07 09:08:23,650 - INFO - HTTP Request: GET https://planilhaandrieli.jords.site/api/database/rows/table/673/?user_field_names=true "HTTP/1.1 200 OK"
2026-01-07 09:08:24,809 - INFO - HTTP Request: GET https://planilhaandrieli.jords.site/api/database/rows/table/673/?user_field_names=true "HTTP/1.1 200 OK"
2026-01-07 09:08:27,480 - INFO - HTTP Request: GET https://planilhaandrieli.jords.site/api/database/rows/table/673/62/?user_field_names=true "HTTP/1.1 200 OK"
2026-01-07 09:08:33,671 - INFO - HTTP Request: GET https://planilhaandrieli.jords.site/api/database/rows/table/673/?user_field_names=true "HTTP/1.1 200 OK"
2026-01-07 09:08:34,860 - INFO - HTTP Request: GET https://planilhaandrieli.jords.site/api/database/rows/table/673/?user_field_names=true "HTTP/1.1 200 OK"
2026-01-07 09:10:26,688 - INFO - HTTP Request: GET https://planilhaandrieli.jords.site/api/database/rows/table/673/?user_field_names=true "HTTP/1.1 200 OK"
2026-01-07 09:10:27,934 - INFO - HTTP Request: GET https://planilhaandrieli.jords.site/api/database/rows/table/673/?user_field_names=true "HTTP/1.1 200 OK"
2026-01-07 09:10:56,748 - INFO - HTTP Request: GET https://planilhaandrieli.jords.site/api/database/rows/table/673/?user_field_names=true "HTTP/1.1 200 OK"
2026-01-07 09:10:57,849 - INFO - HTTP Request: GET https://planilhaandrieli.jords.site/api/database/rows/table/673/?user_field_names=true "HTTP/1.1 200 OK"
2026-01-07 09:11:55,440 - INFO - HTTP Request: GET https://planilhaandrieli.jords.site/api/database/rows/table/673/64/?user_field_names=true "HTTP/1.1 200 OK"
2026-01-07 09:12:18,214 - INFO - HTTP Request: POST https://webhookandrieli.jords.site/webhook/a6adb0ac-5491-4720-9bec-e87476224b62-CriandoMapaAstral "HTTP/1.1 200 OK"
2026-01-07 09:12:18,827 - INFO - HTTP Request: GET https://planilhaandrieli.jords.site/api/database/rows/table/673/?user_field_names=true "HTTP/1.1 200 OK"
2026-01-07 09:16:43,984 - INFO - HTTP Request: PATCH https://planilhaandrieli.jords.site/api/database/rows/table/673/62/?user_field_names=true "HTTP/1.1 200 OK"
2026-01-07 09:16:45,029 - INFO - HTTP Request: GET https://planilhaandrieli.jords.site/api/database/rows/table/673/?user_field_names=true "HTTP/1.1 200 OK"
2026-01-07 09:17:01,254 - INFO - HTTP Request: PATCH https://planilhaandrieli.jords.site/api/database/rows/table/673/62/?user_field_names=true "HTTP/1.1 200 OK"
2026-01-07 09:17:02,303 - INFO - HTTP Request: GET https://planilhaandrieli.jords.site/api/database/rows/table/673/?user_field_names=true "HTTP/1.1 200 OK"
2026-01-07 09:17:36,907 - INFO - HTTP Request: GET https://planilhaandrieli.jords.site/api/database/rows/table/673/?user_field_names=true "HTTP/1.1 200 OK"
2026-01-07 09:17:38,230 - INFO - HTTP Request: GET https://planilhaandrieli.jords.site/api/database/rows/table/673/?user_field_names=true "HTTP/1.1 200 OK"
2026-01-07 09:18:09,234 - INFO - HTTP Request: GET https://planilhaandrieli.jords.site/api/database/rows/table/673/62/?user_field_names=true "HTTP/1.1 200 OK"
2026-01-07 09:18:27,443 - INFO - HTTP Request: POST https://webhookandrieli.jords.site/webhook/a6adb0ac-5491-4720-9bec-e87476224b62-CriandoMapaAstral "HTTP/1.1 200 OK"
2026-01-07 09:18:28,437 - INFO - HTTP Request: GET https://planilhaandrieli.jords.site/api/database/rows/table/673/?user_field_names=true "HTTP/1.1 200 OK"
2026-01-07 09:20:34,067 - INFO - HTTP Request: GET https://planilhaandrieli.jords.site/api/database/rows/table/673/?user_field_names=true "HTTP/1.1 200 OK"
2026-01-07 09:20:35,171 - INFO - HTTP Request: GET https://planilhaandrieli.jords.site/api/database/rows/table/673/?user_field_names=true "HTTP/1.1 200 OK"
2026-01-07 09:20:38,191 - INFO - HTTP Request: GET https://planilhaandrieli.jords.site/api/database/rows/table/673/62/?user_field_names=true "HTTP/1.1 200 OK"
2026-01-07 09:22:00,614 - INFO - HTTP Request: GET https://planilhaandrieli.jords.site/api/database/rows/table/673/?user_field_names=true "HTTP/1.1 200 OK"
2026-01-07 09:22:01,811 - INFO - HTTP Request: GET https://planilhaandrieli.jords.site/api/database/rows/table/673/?user_field_names=true "HTTP/1.1 200 OK"
2026-01-07 09:24:31,067 - INFO - HTTP Request: GET https://planilhaandrieli.jords.site/api/database/rows/table/673/?user_field_names=true "HTTP/1.1 200 OK"
2026-01-07 09:24:32,225 - INFO - HTTP Request: GET https://planilhaandrieli.jords.site/api/database/rows/table/673/?user_field_names=true "HTTP/1.1 200 OK"
2026-01-07 09:24:42,868 - INFO - HTTP Request: GET https://planilhaandrieli.jords.site/api/database/rows/table/673/?user_field_names=true "HTTP/1.1 200 OK"
2026-01-07 09:24:43,986 - INFO - HTTP Request: GET https://planilhaandrieli.jords.site/api/database/rows/table/673/?user_field_names=true "HTTP/1.1 200 OK"
2026-01-07 09:24:47,321 - INFO - HTTP Request: GET https://planilhaandrieli.jords.site/api/database/rows/table/673/62/?user_field_names=true "HTTP/1.1 200 OK"
2026-01-07 09:25:56,321 - INFO - HTTP Request: GET https://planilhaandrieli.jords.site/api/database/rows/table/673/?user_field_names=true "HTTP/1.1 200 OK"
2026-01-07 09:25:57,444 - INFO - HTTP Request: GET https://planilhaandrieli.jords.site/api/database/rows/table/673/?user_field_names=true "HTTP/1.1 200 OK"
2026-01-07 09:27:02,511 - INFO - HTTP Request: POST https://webhookandrieli.jords.site/webhook/a6adb0ac-5491-4720-9bec-e87476224b62-CriandoMapaAstral "HTTP/1.1 200 OK"
2026-01-07 09:29:30,626 - INFO - HTTP Request: GET https://planilhaandrieli.jords.site/api/database/rows/table/673/?user_field_names=true "HTTP/1.1 200 OK"
2026-01-07 09:30:34,755 - INFO - HTTP Request: GET https://planilhaandrieli.jords.site/api/database/rows/table/673/?user_field_names=true "HTTP/1.1 200 OK"
2026-01-07 09:30:35,813 - INFO - HTTP Request: GET https://planilhaandrieli.jords.site/api/database/rows/table/673/?user_field_names=true "HTTP/1.1 200 OK"
2026-01-07 09:30:37,775 - INFO - HTTP Request: GET https://planilhaandrieli.jords.site/api/database/rows/table/673/?user_field_names=true "HTTP/1.1 200 OK"
2026-01-07 09:30:38,810 - INFO - HTTP Request: GET https://planilhaandrieli.jords.site/api/database/rows/table/673/?user_field_names=true "HTTP/1.1 200 OK"
2026-01-07 09:30:42,588 - INFO - HTTP Request: GET https://planilhaandrieli.jords.site/api/database/rows/table/673/62/?user_field_names=true "HTTP/1.1 200 OK"
2026-01-07 09:30:48,637 - INFO - HTTP Request: GET https://planilhaandrieli.jords.site/api/database/rows/table/673/?user_field_names=true "HTTP/1.1 200 OK"
2026-01-07 09:30:55,642 - INFO - HTTP Request: GET https://planilhaandrieli.jords.site/api/database/rows/table/673/?user_field_names=true "HTTP/1.1 200 OK"
2026-01-07 09:31:02,593 - INFO - HTTP Request: GET https://planilhaandrieli.jords.site/api/database/rows/table/673/?user_field_names=true "HTTP/1.1 200 OK"
2026-01-07 09:31:09,762 - INFO - HTTP Request: GET https://planilhaandrieli.jords.site/api/database/rows/table/673/?user_field_names=true "HTTP/1.1 200 OK"
2026-01-07 09:31:16,615 - INFO - HTTP Request: GET https://planilhaandrieli.jords.site/api/database/rows/table/673/?user_field_names=true "HTTP/1.1 200 OK"
2026-01-07 09:31:23,722 - INFO - HTTP Request: GET https://planilhaandrieli.jords.site/api/database/rows/table/673/?user_field_names=true "HTTP/1.1 200 OK"
2026-01-07 09:31:30,737 - INFO - HTTP Request: GET https://planilhaandrieli.jords.site/api/database/rows/table/673/?user_field_names=true "HTTP/1.1 200 OK"
2026-01-07 09:31:37,669 - INFO - HTTP Request: GET https://planilhaandrieli.jords.site/api/database/rows/table/673/?user_field_names=true "HTTP/1.1 200 OK"
2026-01-07 09:31:44,296 - INFO - HTTP Request: GET https://planilhaandrieli.jords.site/api/database/rows/table/673/?user_field_names=true "HTTP/1.1 200 OK"
2026-01-07 09:31:51,025 - INFO - HTTP Request: GET https://planilhaandrieli.jords.site/api/database/rows/table/673/?user_field_names=true "HTTP/1.1 200 OK"
2026-01-07 09:31:57,381 - INFO - HTTP Request: GET https://planilhaandrieli.jords.site/api/database/rows/table/673/?user_field_names=true "HTTP/1.1 200 OK"
2026-01-07 09:32:04,277 - INFO - HTTP Request: GET https://planilhaandrieli.jords.site/api/database/rows/table/673/?user_field_names=true "HTTP/1.1 200 OK"
2026-01-07 09:32:11,245 - INFO - HTTP Request: GET https://planilhaandrieli.jords.site/api/database/rows/table/673/?user_field_names=true "HTTP/1.1 200 OK"
2026-01-07 09:32:18,252 - INFO - HTTP Request: GET https://planilhaandrieli.jords.site/api/database/rows/table/673/?user_field_names=true "HTTP/1.1 200 OK"
2026-01-07 09:32:25,273 - INFO - HTTP Request: GET https://planilhaandrieli.jords.site/api/database/rows/table/673/?user_field_names=true "HTTP/1.1 200 OK"
2026-01-07 09:32:32,392 - INFO - HTTP Request: GET https://planilhaandrieli.jords.site/api/database/rows/table/673/?user_field_names=true "HTTP/1.1 200 OK"
2026-01-07 09:32:39,256 - INFO - HTTP Request: GET https://planilhaandrieli.jords.site/api/database/rows/table/673/?user_field_names=true "HTTP/1.1 200 OK"
2026-01-07 09:32:43,312 - INFO - HTTP Request: POST https://webhookandrieli.jords.site/webhook/a6adb0ac-5491-4720-9bec-e87476224b62-CriandoMapaAstral "HTTP/1.1 200 OK"
2026-01-07 09:32:44,042 - INFO - HTTP Request: GET https://planilhaandrieli.jords.site/api/database/rows/table/673/?user_field_names=true "HTTP/1.1 200 OK"
2026-01-07 09:33:43,962 - INFO - HTTP Request: GET https://planilhaandrieli.jords.site/api/database/rows/table/673/?user_field_names=true "HTTP/1.1 200 OK"
2026-01-07 09:33:56,942 - INFO - HTTP Request: GET https://planilhaandrieli.jords.site/api/database/rows/table/673/?user_field_names=true "HTTP/1.1 200 OK"
2026-01-07 09:35:04,578 - INFO - HTTP Request: GET https://planilhaandrieli.jords.site/api/database/rows/table/673/?user_field_names=true "HTTP/1.1 200 OK"
2026-01-07 09:35:05,747 - INFO - HTTP Request: GET https://planilhaandrieli.jords.site/api/database/rows/table/673/?user_field_names=true "HTTP/1.1 200 OK"
2026-01-07 09:35:08,729 - INFO - HTTP Request: GET https://planilhaandrieli.jords.site/api/database/rows/table/673/62/?user_field_names=true "HTTP/1.1 200 OK"
2026-01-07 09:35:14,206 - INFO - HTTP Request: GET https://planilhaandrieli.jords.site/api/database/rows/table/673/?user_field_names=true "HTTP/1.1 200 OK"
2026-01-07 09:35:20,426 - INFO - HTTP Request: GET https://planilhaandrieli.jords.site/api/database/rows/table/673/?user_field_names=true "HTTP/1.1 200 OK"
2026-01-07 09:35:26,906 - INFO - HTTP Request: GET https://planilhaandrieli.jords.site/api/database/rows/table/673/?user_field_names=true "HTTP/1.1 200 OK"
2026-01-07 09:35:33,470 - INFO - HTTP Request: GET https://planilhaandrieli.jords.site/api/database/rows/table/673/?user_field_names=true "HTTP/1.1 200 OK"
2026-01-07 09:35:39,947 - INFO - HTTP Request: GET https://planilhaandrieli.jords.site/api/database/rows/table/673/?user_field_names=true "HTTP/1.1 200 OK"
2026-01-07 09:35:46,727 - INFO - HTTP Request: GET https://planilhaandrieli.jords.site/api/database/rows/table/673/?user_field_names=true "HTTP/1.1 200 OK"
2026-01-07 09:35:53,551 - INFO - HTTP Request: GET https://planilhaandrieli.jords.site/api/database/rows/table/673/?user_field_names=true "HTTP/1.1 200 OK"
2026-01-07 09:36:00,606 - INFO - HTTP Request: GET https://planilhaandrieli.jords.site/api/database/rows/table/673/?user_field_names=true "HTTP/1.1 200 OK"
2026-01-07 09:36:07,425 - INFO - HTTP Request: GET https://planilhaandrieli.jords.site/api/database/rows/table/673/?user_field_names=true "HTTP/1.1 200 OK"
2026-01-07 09:36:14,580 - INFO - HTTP Request: GET https://planilhaandrieli.jords.site/api/database/rows/table/673/?user_field_names=true "HTTP/1.1 200 OK"
2026-01-07 09:36:21,539 - INFO - HTTP Request: GET https://planilhaandrieli.jords.site/api/database/rows/table/673/?user_field_names=true "HTTP/1.1 200 OK"
2026-01-07 09:36:28,501 - INFO - HTTP Request: GET https://planilhaandrieli.jords.site/api/database/rows/table/673/?user_field_names=true "HTTP/1.1 200 OK"
2026-01-07 09:36:35,595 - INFO - HTTP Request: GET https://planilhaandrieli.jords.site/api/database/rows/table/673/?user_field_names=true "HTTP/1.1 200 OK"
2026-01-07 09:36:42,611 - INFO - HTTP Request: GET https://planilhaandrieli.jords.site/api/database/rows/table/673/?user_field_names=true "HTTP/1.1 200 OK"
2026-01-07 09:36:49,367 - INFO - HTTP Request: GET https://planilhaandrieli.jords.site/api/database/rows/table/673/?user_field_names=true "HTTP/1.1 200 OK"
2026-01-07 09:36:56,611 - INFO - HTTP Request: GET https://planilhaandrieli.jords.site/api/database/rows/table/673/?user_field_names=true "HTTP/1.1 200 OK"
2026-01-07 09:37:03,174 - INFO - HTTP Request: POST https://webhookandrieli.jords.site/webhook/a6adb0ac-5491-4720-9bec-e87476224b62-CriandoMapaAstral "HTTP/1.1 200 OK"
2026-01-07 09:37:03,610 - INFO - HTTP Request: GET https://planilhaandrieli.jords.site/api/database/rows/table/673/?user_field_names=true "HTTP/1.1 200 OK"
2026-01-07 09:37:04,739 - INFO - HTTP Request: GET https://planilhaandrieli.jords.site/api/database/rows/table/673/?user_field_names=true "HTTP/1.1 200 OK"
2026-01-07 09:49:11,508 - INFO - HTTP Request: GET https://planilhaandrieli.jords.site/api/database/rows/table/673/?user_field_names=true "HTTP/1.1 200 OK"
2026-01-07 09:49:12,794 - INFO - HTTP Request: GET https://planilhaandrieli.jords.site/api/database/rows/table/673/?user_field_names=true "HTTP/1.1 200 OK"
2026-01-07 09:50:25,661 - INFO - HTTP Request: GET https://planilhaandrieli.jords.site/api/database/rows/table/673/?user_field_names=true "HTTP/1.1 200 OK"
2026-01-07 09:50:26,882 - INFO - HTTP Request: GET https://planilhaandrieli.jords.site/api/database/rows/table/673/?user_field_names=true "HTTP/1.1 200 OK"
2026-01-07 09:51:26,689 - INFO - HTTP Request: GET https://planilhaandrieli.jords.site/api/database/rows/table/673/?user_field_names=true "HTTP/1.1 200 OK"
2026-01-07 09:51:27,974 - INFO - HTTP Request: GET https://planilhaandrieli.jords.site/api/database/rows/table/677/?user_field_names=true&size=200 "HTTP/1.1 200 OK"
2026-01-07 09:51:29,377 - INFO - HTTP Request: GET https://planilhaandrieli.jords.site/api/database/rows/table/673/?user_field_names=true "HTTP/1.1 200 OK"
2026-01-07 09:51:30,645 - INFO - HTTP Request: GET https://planilhaandrieli.jords.site/api/database/rows/table/677/?user_field_names=true&size=200 "HTTP/1.1 200 OK"
2026-01-07 09:54:34,393 - INFO - HTTP Request: GET https://planilhaandrieli.jords.site/api/database/rows/table/673/?user_field_names=true "HTTP/1.1 200 OK"
2026-01-07 09:54:35,546 - INFO - HTTP Request: GET https://planilhaandrieli.jords.site/api/database/rows/table/677/?user_field_names=true&size=200 "HTTP/1.1 200 OK"
2026-01-07 09:54:36,951 - INFO - HTTP Request: GET https://planilhaandrieli.jords.site/api/database/rows/table/673/?user_field_names=true "HTTP/1.1 200 OK"
2026-01-07 09:54:38,369 - INFO - HTTP Request: GET https://planilhaandrieli.jords.site/api/database/rows/table/677/?user_field_names=true&size=200 "HTTP/1.1 200 OK"
2026-01-07 09:56:15,666 - INFO - HTTP Request: GET https://planilhaandrieli.jords.site/api/database/rows/table/673/?user_field_names=true "HTTP/1.1 200 OK"
2026-01-07 09:56:16,820 - INFO - HTTP Request: GET https://planilhaandrieli.jords.site/api/database/rows/table/677/?user_field_names=true&size=200 "HTTP/1.1 200 OK"
2026-01-07 09:56:18,184 - INFO - HTTP Request: GET https://planilhaandrieli.jords.site/api/database/rows/table/673/?user_field_names=true "HTTP/1.1 200 OK"
2026-01-07 09:56:19,470 - INFO - HTTP Request: GET https://planilhaandrieli.jords.site/api/database/rows/table/677/?user_field_names=true&size=200 "HTTP/1.1 200 OK"
2026-01-07 09:58:07,917 - INFO - HTTP Request: GET https://planilhaandrieli.jords.site/api/database/rows/table/673/?user_field_names=true "HTTP/1.1 200 OK"
2026-01-07 09:58:09,099 - INFO - HTTP Request: GET https://planilhaandrieli.jords.site/api/database/rows/table/677/?user_field_names=true&size=200 "HTTP/1.1 200 OK"
2026-01-07 09:58:10,449 - INFO - HTTP Request: GET https://planilhaandrieli.jords.site/api/database/rows/table/673/?user_field_names=true "HTTP/1.1 200 OK"
2026-01-07 09:58:11,743 - INFO - HTTP Request: GET https://planilhaandrieli.jords.site/api/database/rows/table/677/?user_field_names=true&size=200 "HTTP/1.1 200 OK"
2026-01-07 10:01:14,927 - INFO - HTTP Request: GET https://planilhaandrieli.jords.site/api/database/rows/table/673/?user_field_names=true "HTTP/1.1 200 OK"
2026-01-07 10:01:16,098 - INFO - HTTP Request: GET https://planilhaandrieli.jords.site/api/database/rows/table/677/?user_field_names=true&size=200 "HTTP/1.1 200 OK"
2026-01-07 10:01:17,506 - INFO - HTTP Request: GET https://planilhaandrieli.jords.site/api/database/rows/table/673/?user_field_names=true "HTTP/1.1 200 OK"
2026-01-07 10:01:18,669 - INFO - HTTP Request: GET https://planilhaandrieli.jords.site/api/database/rows/table/677/?user_field_names=true&size=200 "HTTP/1.1 200 OK"
2026-01-07 10:06:26,856 - INFO - HTTP Request: GET https://planilhaandrieli.jords.site/api/database/rows/table/673/?user_field_names=true "HTTP/1.1 200 OK"
2026-01-07 10:06:28,025 - INFO - HTTP Request: GET https://planilhaandrieli.jords.site/api/database/rows/table/677/?user_field_names=true&size=200 "HTTP/1.1 200 OK"
2026-01-07 10:06:29,382 - INFO - HTTP Request: GET https://planilhaandrieli.jords.site/api/database/rows/table/673/?user_field_names=true "HTTP/1.1 200 OK"
2026-01-07 10:06:30,517 - INFO - HTTP Request: GET https://planilhaandrieli.jords.site/api/database/rows/table/677/?user_field_names=true&size=200 "HTTP/1.1 200 OK"
2026-01-07 10:09:15,398 - INFO - HTTP Request: GET https://planilhaandrieli.jords.site/api/database/rows/table/673/?user_field_names=true "HTTP/1.1 200 OK"
2026-01-07 10:09:16,663 - INFO - HTTP Request: GET https://planilhaandrieli.jords.site/api/database/rows/table/677/?user_field_names=true&size=200 "HTTP/1.1 200 OK"
2026-01-07 10:09:17,958 - INFO - HTTP Request: GET https://planilhaandrieli.jords.site/api/database/rows/table/673/?user_field_names=true "HTTP/1.1 200 OK"
2026-01-07 10:09:19,236 - INFO - HTTP Request: GET https://planilhaandrieli.jords.site/api/database/rows/table/677/?user_field_names=true&size=200 "HTTP/1.1 200 OK"
2026-01-07 10:13:43,087 - INFO - HTTP Request: PATCH https://planilhaandrieli.jords.site/api/database/rows/table/673/62/?user_field_names=true "HTTP/1.1 200 OK"
2026-01-07 10:13:44,497 - INFO - HTTP Request: GET https://planilhaandrieli.jords.site/api/database/rows/table/677/?user_field_names=true&search=558596123586 "HTTP/1.1 200 OK"
2026-01-07 10:13:44,713 - INFO - HTTP Request: PATCH https://planilhaandrieli.jords.site/api/database/rows/table/677/10/?user_field_names=true "HTTP/1.1 200 OK"
2026-01-07 10:13:46,089 - INFO - HTTP Request: GET https://planilhaandrieli.jords.site/api/database/rows/table/673/62/?user_field_names=true "HTTP/1.1 200 OK"
2026-01-07 10:13:47,288 - INFO - HTTP Request: GET https://planilhaandrieli.jords.site/api/database/rows/table/673/?user_field_names=true "HTTP/1.1 200 OK"
2026-01-07 10:13:48,619 - INFO - HTTP Request: GET https://planilhaandrieli.jords.site/api/database/rows/table/677/?user_field_names=true&size=200 "HTTP/1.1 200 OK"
2026-01-07 10:13:53,462 - INFO - HTTP Request: GET https://planilhaandrieli.jords.site/api/database/rows/table/673/?user_field_names=true "HTTP/1.1 200 OK"
2026-01-07 10:13:54,590 - INFO - HTTP Request: GET https://planilhaandrieli.jords.site/api/database/rows/table/677/?user_field_names=true&size=200 "HTTP/1.1 200 OK"
2026-01-07 10:13:55,715 - INFO - HTTP Request: GET https://planilhaandrieli.jords.site/api/database/rows/table/673/?user_field_names=true "HTTP/1.1 200 OK"
2026-01-07 10:13:56,906 - INFO - HTTP Request: GET https://planilhaandrieli.jords.site/api/database/rows/table/677/?user_field_names=true&size=200 "HTTP/1.1 200 OK"
2026-01-07 10:14:08,013 - INFO - HTTP Request: PATCH https://planilhaandrieli.jords.site/api/database/rows/table/673/62/?user_field_names=true "HTTP/1.1 200 OK"
2026-01-07 10:14:09,549 - INFO - HTTP Request: GET https://planilhaandrieli.jords.site/api/database/rows/table/677/?user_field_names=true&search=558596123586 "HTTP/1.1 200 OK"
2026-01-07 10:14:09,758 - INFO - HTTP Request: PATCH https://planilhaandrieli.jords.site/api/database/rows/table/677/10/?user_field_names=true "HTTP/1.1 200 OK"
2026-01-07 10:14:11,136 - INFO - HTTP Request: GET https://planilhaandrieli.jords.site/api/database/rows/table/673/62/?user_field_names=true "HTTP/1.1 200 OK"
2026-01-07 10:14:12,335 - INFO - HTTP Request: GET https://planilhaandrieli.jords.site/api/database/rows/table/673/?user_field_names=true "HTTP/1.1 200 OK"
2026-01-07 10:14:13,590 - INFO - HTTP Request: GET https://planilhaandrieli.jords.site/api/database/rows/table/677/?user_field_names=true&size=200 "HTTP/1.1 200 OK"
2026-01-07 10:14:15,662 - INFO - HTTP Request: GET https://planilhaandrieli.jords.site/api/database/rows/table/673/?user_field_names=true "HTTP/1.1 200 OK"
2026-01-07 10:14:16,826 - INFO - HTTP Request: GET https://planilhaandrieli.jords.site/api/database/rows/table/677/?user_field_names=true&size=200 "HTTP/1.1 200 OK"
2026-01-07 10:14:18,086 - INFO - HTTP Request: GET https://planilhaandrieli.jords.site/api/database/rows/table/673/?user_field_names=true "HTTP/1.1 200 OK"
2026-01-07 10:14:19,347 - INFO - HTTP Request: GET https://planilhaandrieli.jords.site/api/database/rows/table/677/?user_field_names=true&size=200 "HTTP/1.1 200 OK"
2026-01-07 10:14:52,669 - INFO - HTTP Request: PATCH https://planilhaandrieli.jords.site/api/database/rows/table/673/62/?user_field_names=true "HTTP/1.1 200 OK"
2026-01-07 10:14:53,984 - INFO - HTTP Request: GET https://planilhaandrieli.jords.site/api/database/rows/table/677/?user_field_names=true&search=558596123586 "HTTP/1.1 200 OK"
2026-01-07 10:14:54,194 - INFO - HTTP Request: PATCH https://planilhaandrieli.jords.site/api/database/rows/table/677/10/?user_field_names=true "HTTP/1.1 200 OK"
2026-01-07 10:14:55,359 - INFO - HTTP Request: GET https://planilhaandrieli.jords.site/api/database/rows/table/673/62/?user_field_names=true "HTTP/1.1 200 OK"
2026-01-07 10:14:56,486 - INFO - HTTP Request: GET https://planilhaandrieli.jords.site/api/database/rows/table/673/?user_field_names=true "HTTP/1.1 200 OK"
2026-01-07 10:14:57,639 - INFO - HTTP Request: GET https://planilhaandrieli.jords.site/api/database/rows/table/677/?user_field_names=true&size=200 "HTTP/1.1 200 OK"
2026-01-07 10:16:57,590 - INFO - HTTP Request: GET https://planilhaandrieli.jords.site/api/database/rows/table/673/?user_field_names=true "HTTP/1.1 200 OK"
2026-01-07 10:16:58,736 - INFO - HTTP Request: GET https://planilhaandrieli.jords.site/api/database/rows/table/677/?user_field_names=true&size=200 "HTTP/1.1 200 OK"
2026-01-07 10:16:59,990 - INFO - HTTP Request: GET https://planilhaandrieli.jords.site/api/database/rows/table/673/?user_field_names=true "HTTP/1.1 200 OK"
2026-01-07 10:17:01,078 - INFO - HTTP Request: GET https://planilhaandrieli.jords.site/api/database/rows/table/677/?user_field_names=true&size=200 "HTTP/1.1 200 OK"
2026-01-07 10:17:08,790 - INFO - HTTP Request: PATCH https://planilhaandrieli.jords.site/api/database/rows/table/673/62/?user_field_names=true "HTTP/1.1 200 OK"
2026-01-07 10:17:10,098 - INFO - HTTP Request: GET https://planilhaandrieli.jords.site/api/database/rows/table/677/?user_field_names=true&search=558596123586 "HTTP/1.1 200 OK"
2026-01-07 10:17:10,358 - INFO - HTTP Request: PATCH https://planilhaandrieli.jords.site/api/database/rows/table/677/10/?user_field_names=true "HTTP/1.1 200 OK"
2026-01-07 10:17:11,682 - INFO - HTTP Request: GET https://planilhaandrieli.jords.site/api/database/rows/table/673/62/?user_field_names=true "HTTP/1.1 200 OK"
2026-01-07 10:17:12,819 - INFO - HTTP Request: GET https://planilhaandrieli.jords.site/api/database/rows/table/673/?user_field_names=true "HTTP/1.1 200 OK"
2026-01-07 10:17:14,018 - INFO - HTTP Request: GET https://planilhaandrieli.jords.site/api/database/rows/table/677/?user_field_names=true&size=200 "HTTP/1.1 200 OK"
2026-01-07 10:17:15,342 - INFO - HTTP Request: GET https://planilhaandrieli.jords.site/api/database/rows/table/673/?user_field_names=true "HTTP/1.1 200 OK"
2026-01-07 10:17:16,451 - INFO - HTTP Request: GET https://planilhaandrieli.jords.site/api/database/rows/table/677/?user_field_names=true&size=200 "HTTP/1.1 200 OK"
2026-01-07 10:17:17,583 - INFO - HTTP Request: GET https://planilhaandrieli.jords.site/api/database/rows/table/673/?user_field_names=true "HTTP/1.1 200 OK"
2026-01-07 10:17:18,858 - INFO - HTTP Request: GET https://planilhaandrieli.jords.site/api/database/rows/table/677/?user_field_names=true&size=200 "HTTP/1.1 200 OK"
2026-01-07 10:19:34,933 - INFO - HTTP Request: GET https://planilhaandrieli.jords.site/api/database/rows/table/673/?user_field_names=true "HTTP/1.1 200 OK"
2026-01-07 10:19:36,236 - INFO - HTTP Request: GET https://planilhaandrieli.jords.site/api/database/rows/table/677/?user_field_names=true&size=200 "HTTP/1.1 200 OK"
2026-01-07 10:25:08,504 - INFO - HTTP Request: GET https://planilhaandrieli.jords.site/api/database/rows/table/673/?user_field_names=true "HTTP/1.1 200 OK"
2026-01-07 10:25:08,506 - INFO - HTTP Request: GET https://planilhaandrieli.jords.site/api/database/rows/table/673/?user_field_names=true "HTTP/1.1 200 OK"
2026-01-07 10:25:10,417 - INFO - HTTP Request: GET https://planilhaandrieli.jords.site/api/database/rows/table/677/?user_field_names=true&size=200 "HTTP/1.1 200 OK"
2026-01-07 10:25:10,421 - INFO - HTTP Request: GET https://planilhaandrieli.jords.site/api/database/rows/table/677/?user_field_names=true&size=200 "HTTP/1.1 200 OK"
2026-01-07 10:45:58,548 - INFO - HTTP Request: GET https://planilhaandrieli.jords.site/api/database/rows/table/673/?user_field_names=true "HTTP/1.1 200 OK"
2026-01-07 10:45:58,549 - INFO - HTTP Request: GET https://planilhaandrieli.jords.site/api/database/rows/table/673/?user_field_names=true "HTTP/1.1 200 OK"
2026-01-07 10:45:59,428 - INFO - HTTP Request: GET https://planilhaandrieli.jords.site/api/database/rows/table/677/?user_field_names=true&size=200 "HTTP/1.1 200 OK"
2026-01-07 10:45:59,429 - INFO - HTTP Request: GET https://planilhaandrieli.jords.site/api/database/rows/table/677/?user_field_names=true&size=200 "HTTP/1.1 200 OK"
2026-01-07 10:52:19,450 - INFO - HTTP Request: GET https://planilhaandrieli.jords.site/api/database/rows/table/673/?user_field_names=true "HTTP/1.1 200 OK"
2026-01-07 10:52:20,149 - INFO - HTTP Request: GET https://planilhaandrieli.jords.site/api/database/rows/table/677/?user_field_names=true&size=200 "HTTP/1.1 200 OK"
2026-01-07 11:00:11,395 - INFO - HTTP Request: GET https://planilhaandrieli.jords.site/api/database/rows/table/673/?user_field_names=true "HTTP/1.1 200 OK"
2026-01-07 11:00:12,140 - INFO - HTTP Request: GET https://planilhaandrieli.jords.site/api/database/rows/table/677/?user_field_names=true&size=200 "HTTP/1.1 200 OK"
2026-01-07 11:03:13,117 - INFO - HTTP Request: GET https://planilhaandrieli.jords.site/api/database/rows/table/673/?user_field_names=true "HTTP/1.1 200 OK"
2026-01-07 11:03:13,136 - INFO - HTTP Request: GET https://planilhaandrieli.jords.site/api/database/rows/table/673/?user_field_names=true "HTTP/1.1 200 OK"
2026-01-07 11:03:15,061 - INFO - HTTP Request: GET https://planilhaandrieli.jords.site/api/database/rows/table/677/?user_field_names=true&size=200 "HTTP/1.1 200 OK"
2026-01-07 11:03:15,064 - INFO - HTTP Request: GET https://planilhaandrieli.jords.site/api/database/rows/table/677/?user_field_names=true&size=200 "HTTP/1.1 200 OK"
2026-01-07 11:03:29,016 - INFO - HTTP Request: GET https://planilhaandrieli.jords.site/api/database/rows/table/673/?user_field_names=true "HTTP/1.1 200 OK"
2026-01-07 11:03:29,717 - INFO - HTTP Request: GET https://planilhaandrieli.jords.site/api/database/rows/table/677/?user_field_names=true&size=200 "HTTP/1.1 200 OK"
2026-01-07 11:15:42,267 - INFO - HTTP Request: GET https://planilhaandrieli.jords.site/api/database/rows/table/673/?user_field_names=true "HTTP/1.1 200 OK"
2026-01-07 11:15:42,279 - INFO - HTTP Request: GET https://planilhaandrieli.jords.site/api/database/rows/table/673/?user_field_names=true "HTTP/1.1 200 OK"
2026-01-07 11:15:44,243 - INFO - HTTP Request: GET https://planilhaandrieli.jords.site/api/database/rows/table/677/?user_field_names=true&size=200 "HTTP/1.1 200 OK"
2026-01-07 11:15:44,268 - INFO - HTTP Request: GET https://planilhaandrieli.jords.site/api/database/rows/table/677/?user_field_names=true&size=200 "HTTP/1.1 200 OK"
2026-01-07 11:16:49,228 - INFO - HTTP Request: GET https://planilhaandrieli.jords.site/api/database/rows/table/673/?user_field_names=true "HTTP/1.1 200 OK"
2026-01-07 11:16:49,230 - INFO - HTTP Request: GET https://planilhaandrieli.jords.site/api/database/rows/table/673/?user_field_names=true "HTTP/1.1 200 OK"
2026-01-07 11:16:51,116 - INFO - HTTP Request: GET https://planilhaandrieli.jords.site/api/database/rows/table/677/?user_field_names=true&size=200 "HTTP/1.1 200 OK"
2026-01-07 11:16:51,125 - INFO - HTTP Request: GET https://planilhaandrieli.jords.site/api/database/rows/table/677/?user_field_names=true&size=200 "HTTP/1.1 200 OK"
2026-01-07 11:35:57,519 - INFO - HTTP Request: GET https://planilhaandrieli.jords.site/api/database/rows/table/673/?user_field_names=true "HTTP/1.1 200 OK"
2026-01-07 11:35:57,519 - INFO - HTTP Request: GET https://planilhaandrieli.jords.site/api/database/rows/table/673/?user_field_names=true "HTTP/1.1 200 OK"
2026-01-07 11:35:58,441 - INFO - HTTP Request: GET https://planilhaandrieli.jords.site/api/database/rows/table/677/?user_field_names=true&size=200 "HTTP/1.1 200 OK"
2026-01-07 11:35:58,443 - INFO - HTTP Request: GET https://planilhaandrieli.jords.site/api/database/rows/table/677/?user_field_names=true&size=200 "HTTP/1.1 200 OK"
2026-01-07 11:38:11,214 - INFO - HTTP Request: GET https://planilhaandrieli.jords.site/api/database/rows/table/673/?user_field_names=true "HTTP/1.1 200 OK"
2026-01-07 11:38:11,220 - INFO - HTTP Request: GET https://planilhaandrieli.jords.site/api/database/rows/table/673/?user_field_names=true "HTTP/1.1 200 OK"
2026-01-07 11:38:13,260 - INFO - HTTP Request: GET https://planilhaandrieli.jords.site/api/database/rows/table/677/?user_field_names=true&size=200 "HTTP/1.1 200 OK"
2026-01-07 11:38:13,262 - INFO - HTTP Request: GET https://planilhaandrieli.jords.site/api/database/rows/table/677/?user_field_names=true&size=200 "HTTP/1.1 200 OK"
2026-01-07 11:38:59,238 - INFO - HTTP Request: GET https://planilhaandrieli.jords.site/api/database/rows/table/673/?user_field_names=true "HTTP/1.1 200 OK"
2026-01-07 11:38:59,240 - INFO - HTTP Request: GET https://planilhaandrieli.jords.site/api/database/rows/table/673/?user_field_names=true "HTTP/1.1 200 OK"
2026-01-07 11:39:01,190 - INFO - HTTP Request: GET https://planilhaandrieli.jords.site/api/database/rows/table/677/?user_field_names=true&size=200 "HTTP/1.1 200 OK"
2026-01-07 11:39:01,196 - INFO - HTTP Request: GET https://planilhaandrieli.jords.site/api/database/rows/table/677/?user_field_names=true&size=200 "HTTP/1.1 200 OK"
2026-01-07 11:39:34,033 - INFO - HTTP Request: GET https://planilhaandrieli.jords.site/api/database/rows/table/673/?user_field_names=true "HTTP/1.1 200 OK"
2026-01-07 11:39:34,053 - INFO - HTTP Request: GET https://planilhaandrieli.jords.site/api/database/rows/table/673/?user_field_names=true "HTTP/1.1 200 OK"
2026-01-07 11:39:36,007 - INFO - HTTP Request: GET https://planilhaandrieli.jords.site/api/database/rows/table/677/?user_field_names=true&size=200 "HTTP/1.1 200 OK"
2026-01-07 11:39:36,040 - INFO - HTTP Request: GET https://planilhaandrieli.jords.site/api/database/rows/table/677/?user_field_names=true&size=200 "HTTP/1.1 200 OK"
2026-01-07 11:40:04,860 - INFO - HTTP Request: GET https://planilhaandrieli.jords.site/api/database/rows/table/673/?user_field_names=true "HTTP/1.1 200 OK"
2026-01-07 11:40:04,866 - INFO - HTTP Request: GET https://planilhaandrieli.jords.site/api/database/rows/table/673/?user_field_names=true "HTTP/1.1 200 OK"
2026-01-07 11:40:05,799 - INFO - HTTP Request: GET https://planilhaandrieli.jords.site/api/database/rows/table/677/?user_field_names=true&size=200 "HTTP/1.1 200 OK"
2026-01-07 11:40:05,800 - INFO - HTTP Request: GET https://planilhaandrieli.jords.site/api/database/rows/table/677/?user_field_names=true&size=200 "HTTP/1.1 200 OK"
2026-01-07 11:40:30,733 - INFO - HTTP Request: GET https://planilhaandrieli.jords.site/api/database/rows/table/673/?user_field_names=true "HTTP/1.1 200 OK"
2026-01-07 11:40:31,423 - INFO - HTTP Request: GET https://planilhaandrieli.jords.site/api/database/rows/table/677/?user_field_names=true&size=200 "HTTP/1.1 200 OK"
2026-01-07 11:40:32,115 - INFO - HTTP Request: GET https://planilhaandrieli.jords.site/api/database/rows/table/673/?user_field_names=true "HTTP/1.1 200 OK"
2026-01-07 11:40:32,831 - INFO - HTTP Request: GET https://planilhaandrieli.jords.site/api/database/rows/table/677/?user_field_names=true&size=200 "HTTP/1.1 200 OK"
2026-01-07 11:43:40,925 - INFO - HTTP Request: GET https://planilhaandrieli.jords.site/api/database/rows/table/673/62/?user_field_names=true "HTTP/1.1 200 OK"
2026-01-07 11:43:45,609 - INFO - HTTP Request: GET https://planilhaandrieli.jords.site/api/database/rows/table/673/?user_field_names=true "HTTP/1.1 200 OK"
2026-01-07 11:43:46,652 - INFO - HTTP Request: GET https://planilhaandrieli.jords.site/api/database/rows/table/677/?user_field_names=true&size=200 "HTTP/1.1 200 OK"
2026-01-07 11:43:53,529 - INFO - HTTP Request: GET https://planilhaandrieli.jords.site/api/database/rows/table/673/?user_field_names=true "HTTP/1.1 200 OK"
2026-01-07 11:43:54,644 - INFO - HTTP Request: GET https://planilhaandrieli.jords.site/api/database/rows/table/677/?user_field_names=true&size=200 "HTTP/1.1 200 OK"
2026-01-07 11:44:01,449 - INFO - HTTP Request: GET https://planilhaandrieli.jords.site/api/database/rows/table/673/?user_field_names=true "HTTP/1.1 200 OK"
2026-01-07 11:44:02,552 - INFO - HTTP Request: GET https://planilhaandrieli.jords.site/api/database/rows/table/677/?user_field_names=true&size=200 "HTTP/1.1 200 OK"
2026-01-07 11:44:09,617 - INFO - HTTP Request: GET https://planilhaandrieli.jords.site/api/database/rows/table/673/?user_field_names=true "HTTP/1.1 200 OK"
2026-01-07 11:44:10,733 - INFO - HTTP Request: GET https://planilhaandrieli.jords.site/api/database/rows/table/677/?user_field_names=true&size=200 "HTTP/1.1 200 OK"
2026-01-07 11:44:17,642 - INFO - HTTP Request: GET https://planilhaandrieli.jords.site/api/database/rows/table/673/?user_field_names=true "HTTP/1.1 200 OK"
2026-01-07 11:44:18,553 - INFO - HTTP Request: GET https://planilhaandrieli.jords.site/api/database/rows/table/677/?user_field_names=true&size=200 "HTTP/1.1 200 OK"
2026-01-07 11:44:25,240 - INFO - HTTP Request: GET https://planilhaandrieli.jords.site/api/database/rows/table/673/?user_field_names=true "HTTP/1.1 200 OK"
2026-01-07 11:44:25,962 - INFO - HTTP Request: GET https://planilhaandrieli.jords.site/api/database/rows/table/677/?user_field_names=true&size=200 "HTTP/1.1 200 OK"
2026-01-07 11:44:32,263 - INFO - HTTP Request: GET https://planilhaandrieli.jords.site/api/database/rows/table/673/?user_field_names=true "HTTP/1.1 200 OK"
2026-01-07 11:44:32,950 - INFO - HTTP Request: GET https://planilhaandrieli.jords.site/api/database/rows/table/677/?user_field_names=true&size=200 "HTTP/1.1 200 OK"
2026-01-07 11:44:39,475 - INFO - HTTP Request: GET https://planilhaandrieli.jords.site/api/database/rows/table/673/?user_field_names=true "HTTP/1.1 200 OK"
2026-01-07 11:44:40,595 - INFO - HTTP Request: GET https://planilhaandrieli.jords.site/api/database/rows/table/677/?user_field_names=true&size=200 "HTTP/1.1 200 OK"
2026-01-07 11:44:41,773 - INFO - HTTP Request: GET https://planilhaandrieli.jords.site/api/database/rows/table/673/?user_field_names=true "HTTP/1.1 200 OK"
2026-01-07 11:44:42,883 - INFO - HTTP Request: GET https://planilhaandrieli.jords.site/api/database/rows/table/677/?user_field_names=true&size=200 "HTTP/1.1 200 OK"
2026-01-07 11:45:29,916 - INFO - HTTP Request: GET https://planilhaandrieli.jords.site/api/database/rows/table/673/?user_field_names=true "HTTP/1.1 200 OK"
2026-01-07 11:45:31,030 - INFO - HTTP Request: GET https://planilhaandrieli.jords.site/api/database/rows/table/677/?user_field_names=true&size=200 "HTTP/1.1 200 OK"
2026-01-07 11:46:01,897 - INFO - HTTP Request: POST https://webhookandrieli.jords.site/webhook/a6adb0ac-5491-4720-9bec-e87476224b62-CriandoMapaAstral "HTTP/1.1 200 OK"
2026-01-07 11:46:28,303 - INFO - HTTP Request: GET https://planilhaandrieli.jords.site/api/database/rows/table/673/?user_field_names=true "HTTP/1.1 200 OK"
2026-01-07 11:46:29,430 - INFO - HTTP Request: GET https://planilhaandrieli.jords.site/api/database/rows/table/677/?user_field_names=true&size=200 "HTTP/1.1 200 OK"
2026-01-07 11:49:22,336 - INFO - HTTP Request: GET https://planilhaandrieli.jords.site/api/database/rows/table/673/?user_field_names=true "HTTP/1.1 200 OK"
2026-01-07 11:49:23,382 - INFO - HTTP Request: GET https://planilhaandrieli.jords.site/api/database/rows/table/677/?user_field_names=true&size=200 "HTTP/1.1 200 OK"
2026-01-07 11:49:24,511 - INFO - HTTP Request: GET https://planilhaandrieli.jords.site/api/database/rows/table/673/?user_field_names=true "HTTP/1.1 200 OK"
2026-01-07 11:49:25,648 - INFO - HTTP Request: GET https://planilhaandrieli.jords.site/api/database/rows/table/677/?user_field_names=true&size=200 "HTTP/1.1 200 OK"
2026-01-07 11:51:28,333 - INFO - HTTP Request: GET https://planilhaandrieli.jords.site/api/database/rows/table/673/?user_field_names=true "HTTP/1.1 200 OK"
2026-01-07 11:51:29,035 - INFO - HTTP Request: GET https://planilhaandrieli.jords.site/api/database/rows/table/677/?user_field_names=true&size=200 "HTTP/1.1 200 OK"
2026-01-07 11:52:18,627 - INFO - HTTP Request: GET https://planilhaandrieli.jords.site/api/database/rows/table/673/?user_field_names=true "HTTP/1.1 200 OK"
2026-01-07 11:52:19,698 - INFO - HTTP Request: GET https://planilhaandrieli.jords.site/api/database/rows/table/677/?user_field_names=true&size=200 "HTTP/1.1 200 OK"
2026-01-07 11:52:20,817 - INFO - HTTP Request: GET https://planilhaandrieli.jords.site/api/database/rows/table/673/?user_field_names=true "HTTP/1.1 200 OK"
2026-01-07 11:52:21,918 - INFO - HTTP Request: GET https://planilhaandrieli.jords.site/api/database/rows/table/677/?user_field_names=true&size=200 "HTTP/1.1 200 OK"
2026-01-07 11:54:08,128 - INFO - HTTP Request: GET https://planilhaandrieli.jords.site/api/database/rows/table/673/?user_field_names=true "HTTP/1.1 200 OK"
2026-01-07 11:54:09,136 - INFO - HTTP Request: GET https://planilhaandrieli.jords.site/api/database/rows/table/677/?user_field_names=true&size=200 "HTTP/1.1 200 OK"
2026-01-07 11:54:20,672 - INFO - HTTP Request: GET https://planilhaandrieli.jords.site/api/database/rows/table/673/?user_field_names=true "HTTP/1.1 200 OK"
2026-01-07 11:54:21,826 - INFO - HTTP Request: GET https://planilhaandrieli.jords.site/api/database/rows/table/677/?user_field_names=true&size=200 "HTTP/1.1 200 OK"
2026-01-07 11:54:39,039 - INFO - HTTP Request: GET https://planilhaandrieli.jords.site/api/database/rows/table/673/?user_field_names=true "HTTP/1.1 200 OK"
2026-01-07 11:54:40,182 - INFO - HTTP Request: GET https://planilhaandrieli.jords.site/api/database/rows/table/677/?user_field_names=true&size=200 "HTTP/1.1 200 OK"
2026-01-07 11:54:41,362 - INFO - HTTP Request: GET https://planilhaandrieli.jords.site/api/database/rows/table/673/?user_field_names=true "HTTP/1.1 200 OK"
2026-01-07 11:54:42,465 - INFO - HTTP Request: GET https://planilhaandrieli.jords.site/api/database/rows/table/677/?user_field_names=true&size=200 "HTTP/1.1 200 OK"
2026-01-07 11:56:16,028 - INFO - HTTP Request: GET https://planilhaandrieli.jords.site/api/database/rows/table/673/58/?user_field_names=true "HTTP/1.1 200 OK"
2026-01-07 11:56:16,037 - INFO - HTTP Request: GET https://planilhaandrieli.jords.site/api/database/rows/table/673/?user_field_names=true "HTTP/1.1 200 OK"
2026-01-07 11:56:16,741 - INFO - HTTP Request: GET https://planilhaandrieli.jords.site/api/database/rows/table/677/?user_field_names=true&size=200 "HTTP/1.1 200 OK"
2026-01-07 11:56:18,654 - INFO - HTTP Request: POST https://webhookandrieli.jords.site/webhook/a6adb0ac-5491-4720-9bec-e87476224b62-CriandoMapaAstral "HTTP/1.1 200 OK"
2026-01-07 11:56:19,257 - INFO - HTTP Request: GET https://planilhaandrieli.jords.site/api/database/rows/table/673/?user_field_names=true "HTTP/1.1 200 OK"
2026-01-07 11:56:19,989 - INFO - HTTP Request: GET https://planilhaandrieli.jords.site/api/database/rows/table/677/?user_field_names=true&size=200 "HTTP/1.1 200 OK"
2026-01-07 11:56:26,290 - INFO - HTTP Request: GET https://planilhaandrieli.jords.site/api/database/rows/table/673/?user_field_names=true "HTTP/1.1 200 OK"
2026-01-07 11:56:26,974 - INFO - HTTP Request: GET https://planilhaandrieli.jords.site/api/database/rows/table/677/?user_field_names=true&size=200 "HTTP/1.1 200 OK"
2026-01-07 11:56:32,935 - INFO - HTTP Request: GET https://planilhaandrieli.jords.site/api/database/rows/table/673/?user_field_names=true "HTTP/1.1 200 OK"
2026-01-07 11:56:33,641 - INFO - HTTP Request: GET https://planilhaandrieli.jords.site/api/database/rows/table/677/?user_field_names=true&size=200 "HTTP/1.1 200 OK"
2026-01-07 11:56:40,243 - INFO - HTTP Request: GET https://planilhaandrieli.jords.site/api/database/rows/table/673/?user_field_names=true "HTTP/1.1 200 OK"
2026-01-07 11:56:40,939 - INFO - HTTP Request: GET https://planilhaandrieli.jords.site/api/database/rows/table/677/?user_field_names=true&size=200 "HTTP/1.1 200 OK"
2026-01-07 11:56:47,053 - INFO - HTTP Request: GET https://planilhaandrieli.jords.site/api/database/rows/table/673/?user_field_names=true "HTTP/1.1 200 OK"
2026-01-07 11:56:49,107 - INFO - HTTP Request: GET https://planilhaandrieli.jords.site/api/database/rows/table/677/?user_field_names=true&size=200 "HTTP/1.1 200 OK"
2026-01-07 11:56:49,364 - INFO - HTTP Request: GET https://planilhaandrieli.jords.site/api/database/rows/table/673/?user_field_names=true "HTTP/1.1 200 OK"
2026-01-07 11:56:49,383 - INFO - HTTP Request: GET https://planilhaandrieli.jords.site/api/database/rows/table/673/?user_field_names=true "HTTP/1.1 200 OK"
2026-01-07 11:56:50,999 - INFO - HTTP Request: GET https://planilhaandrieli.jords.site/api/database/rows/table/677/?user_field_names=true&size=200 "HTTP/1.1 200 OK"
2026-01-07 11:56:51,002 - INFO - HTTP Request: GET https://planilhaandrieli.jords.site/api/database/rows/table/677/?user_field_names=true&size=200 "HTTP/1.1 200 OK"
2026-01-07 11:59:20,696 - INFO - HTTP Request: GET https://planilhaandrieli.jords.site/api/database/rows/table/673/?user_field_names=true "HTTP/1.1 200 OK"
2026-01-07 11:59:21,773 - INFO - HTTP Request: GET https://planilhaandrieli.jords.site/api/database/rows/table/677/?user_field_names=true&size=200 "HTTP/1.1 200 OK"
2026-01-07 11:59:22,907 - INFO - HTTP Request: GET https://planilhaandrieli.jords.site/api/database/rows/table/673/?user_field_names=true "HTTP/1.1 200 OK"
2026-01-07 11:59:24,067 - INFO - HTTP Request: GET https://planilhaandrieli.jords.site/api/database/rows/table/677/?user_field_names=true&size=200 "HTTP/1.1 200 OK"
2026-01-07 11:59:26,842 - INFO - HTTP Request: GET https://planilhaandrieli.jords.site/api/database/rows/table/673/58/?user_field_names=true "HTTP/1.1 200 OK"
2026-01-07 11:59:30,229 - INFO - HTTP Request: POST https://webhookandrieli.jords.site/webhook/a6adb0ac-5491-4720-9bec-e87476224b62-CriandoMapaAstral "HTTP/1.1 200 OK"
2026-01-07 11:59:31,205 - INFO - HTTP Request: GET https://planilhaandrieli.jords.site/api/database/rows/table/673/?user_field_names=true "HTTP/1.1 200 OK"
2026-01-07 11:59:32,331 - INFO - HTTP Request: GET https://planilhaandrieli.jords.site/api/database/rows/table/677/?user_field_names=true&size=200 "HTTP/1.1 200 OK"
2026-01-07 11:59:37,007 - INFO - HTTP Request: GET https://planilhaandrieli.jords.site/api/database/rows/table/673/57/?user_field_names=true "HTTP/1.1 200 OK"
2026-01-07 11:59:40,500 - INFO - HTTP Request: POST https://webhookandrieli.jords.site/webhook/a6adb0ac-5491-4720-9bec-e87476224b62-CriandoMapaAstral "HTTP/1.1 200 OK"
2026-01-07 11:59:41,510 - INFO - HTTP Request: GET https://planilhaandrieli.jords.site/api/database/rows/table/673/?user_field_names=true "HTTP/1.1 200 OK"
2026-01-07 11:59:42,660 - INFO - HTTP Request: GET https://planilhaandrieli.jords.site/api/database/rows/table/677/?user_field_names=true&size=200 "HTTP/1.1 200 OK"
2026-01-07 12:10:06,525 - INFO - HTTP Request: GET https://planilhaandrieli.jords.site/api/database/rows/table/673/?user_field_names=true "HTTP/1.1 200 OK"
2026-01-07 12:10:07,343 - INFO - HTTP Request: GET https://planilhaandrieli.jords.site/api/database/rows/table/677/?user_field_names=true&size=200 "HTTP/1.1 200 OK"
2026-01-07 12:10:17,044 - INFO - HTTP Request: GET https://planilhaandrieli.jords.site/api/database/rows/table/673/?user_field_names=true "HTTP/1.1 200 OK"
2026-01-07 12:10:17,869 - INFO - HTTP Request: GET https://planilhaandrieli.jords.site/api/database/rows/table/677/?user_field_names=true&size=200 "HTTP/1.1 200 OK"
2026-01-07 12:11:08,517 - INFO - HTTP Request: GET https://planilhaandrieli.jords.site/api/database/rows/table/673/?user_field_names=true "HTTP/1.1 200 OK"
2026-01-07 12:11:08,519 - INFO - HTTP Request: GET https://planilhaandrieli.jords.site/api/database/rows/table/673/?user_field_names=true "HTTP/1.1 200 OK"
2026-01-07 12:11:11,363 - INFO - HTTP Request: GET https://planilhaandrieli.jords.site/api/database/rows/table/677/?user_field_names=true&size=200 "HTTP/1.1 200 OK"
2026-01-07 12:11:11,366 - INFO - HTTP Request: GET https://planilhaandrieli.jords.site/api/database/rows/table/677/?user_field_names=true&size=200 "HTTP/1.1 200 OK"
2026-01-07 12:13:50,180 - INFO - HTTP Request: GET https://planilhaandrieli.jords.site/api/database/rows/table/673/38/?user_field_names=true "HTTP/1.1 200 OK"
2026-01-07 12:13:53,216 - INFO - HTTP Request: POST https://webhookandrieli.jords.site/webhook/a6adb0ac-5491-4720-9bec-e87476224b62-CriandoMapaAstral "HTTP/1.1 200 OK"
2026-01-07 12:13:54,342 - INFO - HTTP Request: GET https://planilhaandrieli.jords.site/api/database/rows/table/673/?user_field_names=true "HTTP/1.1 200 OK"
2026-01-07 12:13:55,530 - INFO - HTTP Request: GET https://planilhaandrieli.jords.site/api/database/rows/table/677/?user_field_names=true&size=200 "HTTP/1.1 200 OK"
2026-01-07 12:23:38,163 - INFO - HTTP Request: GET https://planilhaandrieli.jords.site/api/database/rows/table/673/38/?user_field_names=true "HTTP/1.1 200 OK"
2026-01-07 12:23:42,753 - INFO - HTTP Request: GET https://planilhaandrieli.jords.site/api/database/rows/table/673/?user_field_names=true "HTTP/1.1 200 OK"
2026-01-07 12:23:43,953 - INFO - HTTP Request: GET https://planilhaandrieli.jords.site/api/database/rows/table/677/?user_field_names=true&size=200 "HTTP/1.1 200 OK"
2026-01-07 12:23:50,716 - INFO - HTTP Request: GET https://planilhaandrieli.jords.site/api/database/rows/table/673/?user_field_names=true "HTTP/1.1 200 OK"
2026-01-07 12:23:52,024 - INFO - HTTP Request: GET https://planilhaandrieli.jords.site/api/database/rows/table/677/?user_field_names=true&size=200 "HTTP/1.1 200 OK"
2026-01-07 12:23:58,662 - INFO - HTTP Request: GET https://planilhaandrieli.jords.site/api/database/rows/table/673/?user_field_names=true "HTTP/1.1 200 OK"
2026-01-07 12:23:59,842 - INFO - HTTP Request: GET https://planilhaandrieli.jords.site/api/database/rows/table/677/?user_field_names=true&size=200 "HTTP/1.1 200 OK"
2026-01-07 12:24:06,751 - INFO - HTTP Request: GET https://planilhaandrieli.jords.site/api/database/rows/table/673/?user_field_names=true "HTTP/1.1 200 OK"
2026-01-07 12:24:07,977 - INFO - HTTP Request: GET https://planilhaandrieli.jords.site/api/database/rows/table/677/?user_field_names=true&size=200 "HTTP/1.1 200 OK"
2026-01-07 12:24:14,566 - INFO - HTTP Request: GET https://planilhaandrieli.jords.site/api/database/rows/table/673/?user_field_names=true "HTTP/1.1 200 OK"
2026-01-07 12:24:15,850 - INFO - HTTP Request: GET https://planilhaandrieli.jords.site/api/database/rows/table/677/?user_field_names=true&size=200 "HTTP/1.1 200 OK"
2026-01-07 12:24:22,413 - INFO - HTTP Request: GET https://planilhaandrieli.jords.site/api/database/rows/table/673/?user_field_names=true "HTTP/1.1 200 OK"
2026-01-07 12:24:23,594 - INFO - HTTP Request: GET https://planilhaandrieli.jords.site/api/database/rows/table/677/?user_field_names=true&size=200 "HTTP/1.1 200 OK"
2026-01-07 12:24:30,273 - INFO - HTTP Request: GET https://planilhaandrieli.jords.site/api/database/rows/table/673/?user_field_names=true "HTTP/1.1 200 OK"
2026-01-07 12:24:31,445 - INFO - HTTP Request: GET https://planilhaandrieli.jords.site/api/database/rows/table/677/?user_field_names=true&size=200 "HTTP/1.1 200 OK"
2026-01-07 12:24:47,785 - INFO - HTTP Request: GET https://planilhaandrieli.jords.site/api/database/rows/table/673/?user_field_names=true "HTTP/1.1 200 OK"
2026-01-07 12:24:49,020 - INFO - HTTP Request: GET https://planilhaandrieli.jords.site/api/database/rows/table/677/?user_field_names=true&size=200 "HTTP/1.1 200 OK"
2026-01-07 12:24:55,660 - INFO - HTTP Request: GET https://planilhaandrieli.jords.site/api/database/rows/table/673/?user_field_names=true "HTTP/1.1 200 OK"
2026-01-07 12:24:57,086 - INFO - HTTP Request: GET https://planilhaandrieli.jords.site/api/database/rows/table/677/?user_field_names=true&size=200 "HTTP/1.1 200 OK"
2026-01-07 12:25:03,783 - INFO - HTTP Request: GET https://planilhaandrieli.jords.site/api/database/rows/table/673/?user_field_names=true "HTTP/1.1 200 OK"
2026-01-07 12:25:05,034 - INFO - HTTP Request: GET https://planilhaandrieli.jords.site/api/database/rows/table/677/?user_field_names=true&size=200 "HTTP/1.1 200 OK"
2026-01-07 12:25:11,597 - INFO - HTTP Request: GET https://planilhaandrieli.jords.site/api/database/rows/table/673/?user_field_names=true "HTTP/1.1 200 OK"
2026-01-07 12:25:12,808 - INFO - HTTP Request: GET https://planilhaandrieli.jords.site/api/database/rows/table/677/?user_field_names=true&size=200 "HTTP/1.1 200 OK"
2026-01-07 12:25:19,326 - INFO - HTTP Request: GET https://planilhaandrieli.jords.site/api/database/rows/table/673/?user_field_names=true "HTTP/1.1 200 OK"
2026-01-07 12:25:20,572 - INFO - HTTP Request: GET https://planilhaandrieli.jords.site/api/database/rows/table/677/?user_field_names=true&size=200 "HTTP/1.1 200 OK"
2026-01-07 12:25:27,165 - INFO - HTTP Request: GET https://planilhaandrieli.jords.site/api/database/rows/table/673/?user_field_names=true "HTTP/1.1 200 OK"
2026-01-07 12:25:28,372 - INFO - HTTP Request: GET https://planilhaandrieli.jords.site/api/database/rows/table/677/?user_field_names=true&size=200 "HTTP/1.1 200 OK"
2026-01-07 12:25:34,993 - INFO - HTTP Request: GET https://planilhaandrieli.jords.site/api/database/rows/table/673/?user_field_names=true "HTTP/1.1 200 OK"
2026-01-07 12:25:36,229 - INFO - HTTP Request: GET https://planilhaandrieli.jords.site/api/database/rows/table/677/?user_field_names=true&size=200 "HTTP/1.1 200 OK"
2026-01-07 12:25:42,478 - INFO - HTTP Request: POST https://webhookandrieli.jords.site/webhook/a6adb0ac-5491-4720-9bec-e87476224b62-CriandoMapaAstral "HTTP/1.1 200 OK"
2026-01-07 12:25:43,603 - INFO - HTTP Request: GET https://planilhaandrieli.jords.site/api/database/rows/table/673/?user_field_names=true "HTTP/1.1 200 OK"
2026-01-07 12:25:44,840 - INFO - HTTP Request: GET https://planilhaandrieli.jords.site/api/database/rows/table/677/?user_field_names=true&size=200 "HTTP/1.1 200 OK"
2026-01-07 12:26:07,543 - INFO - HTTP Request: GET https://planilhaandrieli.jords.site/api/database/rows/table/673/41/?user_field_names=true "HTTP/1.1 200 OK"
2026-01-07 12:26:09,989 - INFO - HTTP Request: GET https://planilhaandrieli.jords.site/api/database/rows/table/673/40/?user_field_names=true "HTTP/1.1 200 OK"
2026-01-07 12:26:12,277 - INFO - HTTP Request: POST https://webhookandrieli.jords.site/webhook/a6adb0ac-5491-4720-9bec-e87476224b62-CriandoMapaAstral "HTTP/1.1 200 OK"
2026-01-07 12:26:13,399 - INFO - HTTP Request: GET https://planilhaandrieli.jords.site/api/database/rows/table/673/?user_field_names=true "HTTP/1.1 200 OK"
2026-01-07 12:26:14,186 - INFO - HTTP Request: POST https://webhookandrieli.jords.site/webhook/a6adb0ac-5491-4720-9bec-e87476224b62-CriandoMapaAstral "HTTP/1.1 200 OK"
2026-01-07 12:26:15,160 - INFO - HTTP Request: GET https://planilhaandrieli.jords.site/api/database/rows/table/677/?user_field_names=true&size=200 "HTTP/1.1 200 OK"
2026-01-07 12:26:15,284 - INFO - HTTP Request: GET https://planilhaandrieli.jords.site/api/database/rows/table/673/?user_field_names=true "HTTP/1.1 200 OK"
2026-01-07 12:26:16,466 - INFO - HTTP Request: GET https://planilhaandrieli.jords.site/api/database/rows/table/677/?user_field_names=true&size=200 "HTTP/1.1 200 OK"
2026-01-07 13:15:45,212 - INFO - HTTP Request: GET https://planilhaandrieli.jords.site/api/database/rows/table/673/?user_field_names=true "HTTP/1.1 200 OK"
2026-01-07 13:15:45,236 - INFO - HTTP Request: GET https://planilhaandrieli.jords.site/api/database/rows/table/673/?user_field_names=true "HTTP/1.1 200 OK"
2026-01-07 13:15:46,371 - INFO - HTTP Request: GET https://planilhaandrieli.jords.site/api/database/rows/table/677/?user_field_names=true&size=200 "HTTP/1.1 200 OK"
2026-01-07 13:15:46,372 - INFO - HTTP Request: GET https://planilhaandrieli.jords.site/api/database/rows/table/677/?user_field_names=true&size=200 "HTTP/1.1 200 OK"
2026-01-07 13:21:24,807 - INFO - HTTP Request: GET https://planilhaandrieli.jords.site/api/database/rows/table/673/?user_field_names=true "HTTP/1.1 200 OK"
2026-01-07 13:21:24,809 - INFO - HTTP Request: GET https://planilhaandrieli.jords.site/api/database/rows/table/673/?user_field_names=true "HTTP/1.1 200 OK"
2026-01-07 13:21:27,504 - INFO - HTTP Request: GET https://planilhaandrieli.jords.site/api/database/rows/table/677/?user_field_names=true&size=200 "HTTP/1.1 200 OK"
2026-01-07 13:21:27,514 - INFO - HTTP Request: GET https://planilhaandrieli.jords.site/api/database/rows/table/677/?user_field_names=true&size=200 "HTTP/1.1 200 OK"
2026-01-07 13:26:09,297 - INFO - HTTP Request: GET https://planilhaandrieli.jords.site/api/database/rows/table/673/58/?user_field_names=true "HTTP/1.1 200 OK"
2026-01-07 13:26:11,802 - INFO - HTTP Request: GET https://planilhaandrieli.jords.site/api/database/rows/table/673/57/?user_field_names=true "HTTP/1.1 200 OK"
2026-01-07 13:26:13,288 - INFO - HTTP Request: POST https://webhookandrieli.jords.site/webhook/a6adb0ac-5491-4720-9bec-e87476224b62-CriandoMapaAstral "HTTP/1.1 200 OK"
2026-01-07 13:26:14,406 - INFO - HTTP Request: GET https://planilhaandrieli.jords.site/api/database/rows/table/673/?user_field_names=true "HTTP/1.1 200 OK"
2026-01-07 13:26:15,356 - INFO - HTTP Request: POST https://webhookandrieli.jords.site/webhook/a6adb0ac-5491-4720-9bec-e87476224b62-CriandoMapaAstral "HTTP/1.1 200 OK"
2026-01-07 13:26:16,386 - INFO - HTTP Request: GET https://planilhaandrieli.jords.site/api/database/rows/table/677/?user_field_names=true&size=200 "HTTP/1.1 200 OK"
2026-01-07 13:26:16,511 - INFO - HTTP Request: GET https://planilhaandrieli.jords.site/api/database/rows/table/673/?user_field_names=true "HTTP/1.1 200 OK"
2026-01-07 13:26:18,208 - INFO - HTTP Request: GET https://planilhaandrieli.jords.site/api/database/rows/table/677/?user_field_names=true&size=200 "HTTP/1.1 200 OK"
2026-01-07 13:27:24,628 - INFO - HTTP Request: GET https://planilhaandrieli.jords.site/api/database/rows/table/673/58/?user_field_names=true "HTTP/1.1 200 OK"
2026-01-07 13:27:26,518 - INFO - HTTP Request: GET https://planilhaandrieli.jords.site/api/database/rows/table/673/57/?user_field_names=true "HTTP/1.1 200 OK"
2026-01-07 13:27:33,170 - INFO - HTTP Request: GET https://planilhaandrieli.jords.site/api/database/rows/table/673/56/?user_field_names=true "HTTP/1.1 200 OK"
2026-01-07 13:27:40,153 - INFO - HTTP Request: GET https://planilhaandrieli.jords.site/api/database/rows/table/673/?user_field_names=true "HTTP/1.1 200 OK"
2026-01-07 13:27:40,155 - INFO - HTTP Request: GET https://planilhaandrieli.jords.site/api/database/rows/table/673/?user_field_names=true "HTTP/1.1 200 OK"
2026-01-07 13:27:40,157 - INFO - HTTP Request: GET https://planilhaandrieli.jords.site/api/database/rows/table/673/?user_field_names=true "HTTP/1.1 200 OK"
2026-01-07 13:27:43,369 - INFO - HTTP Request: GET https://planilhaandrieli.jords.site/api/database/rows/table/677/?user_field_names=true&size=200 "HTTP/1.1 200 OK"
2026-01-07 13:27:43,406 - INFO - HTTP Request: GET https://planilhaandrieli.jords.site/api/database/rows/table/677/?user_field_names=true&size=200 "HTTP/1.1 200 OK"
2026-01-07 13:27:43,408 - INFO - HTTP Request: GET https://planilhaandrieli.jords.site/api/database/rows/table/677/?user_field_names=true&size=200 "HTTP/1.1 200 OK"
2026-01-07 13:27:46,541 - INFO - HTTP Request: GET https://planilhaandrieli.jords.site/api/database/rows/table/673/?user_field_names=true "HTTP/1.1 200 OK"
2026-01-07 13:27:47,311 - INFO - HTTP Request: GET https://planilhaandrieli.jords.site/api/database/rows/table/673/?user_field_names=true "HTTP/1.1 200 OK"
2026-01-07 13:27:47,314 - INFO - HTTP Request: GET https://planilhaandrieli.jords.site/api/database/rows/table/673/?user_field_names=true "HTTP/1.1 200 OK"
2026-01-07 13:27:50,012 - INFO - HTTP Request: GET https://planilhaandrieli.jords.site/api/database/rows/table/677/?user_field_names=true&size=200 "HTTP/1.1 200 OK"
2026-01-07 13:27:50,055 - INFO - HTTP Request: GET https://planilhaandrieli.jords.site/api/database/rows/table/677/?user_field_names=true&size=200 "HTTP/1.1 200 OK"
2026-01-07 13:27:50,058 - INFO - HTTP Request: GET https://planilhaandrieli.jords.site/api/database/rows/table/677/?user_field_names=true&size=200 "HTTP/1.1 200 OK"
2026-01-07 13:27:58,423 - INFO - HTTP Request: GET https://planilhaandrieli.jords.site/api/database/rows/table/673/?user_field_names=true "HTTP/1.1 200 OK"
2026-01-07 13:27:58,453 - INFO - HTTP Request: GET https://planilhaandrieli.jords.site/api/database/rows/table/673/?user_field_names=true "HTTP/1.1 200 OK"
2026-01-07 13:27:58,454 - INFO - HTTP Request: GET https://planilhaandrieli.jords.site/api/database/rows/table/673/?user_field_names=true "HTTP/1.1 200 OK"
2026-01-07 13:28:01,379 - INFO - HTTP Request: GET https://planilhaandrieli.jords.site/api/database/rows/table/677/?user_field_names=true&size=200 "HTTP/1.1 200 OK"
2026-01-07 13:28:01,396 - INFO - HTTP Request: GET https://planilhaandrieli.jords.site/api/database/rows/table/677/?user_field_names=true&size=200 "HTTP/1.1 200 OK"
2026-01-07 13:28:01,400 - INFO - HTTP Request: GET https://planilhaandrieli.jords.site/api/database/rows/table/677/?user_field_names=true&size=200 "HTTP/1.1 200 OK"
2026-01-07 13:28:04,437 - INFO - HTTP Request: GET https://planilhaandrieli.jords.site/api/database/rows/table/673/?user_field_names=true "HTTP/1.1 200 OK"
2026-01-07 13:28:04,441 - INFO - HTTP Request: GET https://planilhaandrieli.jords.site/api/database/rows/table/673/?user_field_names=true "HTTP/1.1 200 OK"
2026-01-07 13:28:08,850 - INFO - HTTP Request: GET https://planilhaandrieli.jords.site/api/database/rows/table/677/?user_field_names=true&size=200 "HTTP/1.1 200 OK"
2026-01-07 13:28:08,869 - INFO - HTTP Request: GET https://planilhaandrieli.jords.site/api/database/rows/table/677/?user_field_names=true&size=200 "HTTP/1.1 200 OK"
2026-01-07 13:28:08,871 - INFO - HTTP Request: GET https://planilhaandrieli.jords.site/api/database/rows/table/673/?user_field_names=true "HTTP/1.1 200 OK"
2026-01-07 13:28:11,579 - INFO - HTTP Request: GET https://planilhaandrieli.jords.site/api/database/rows/table/677/?user_field_names=true&size=200 "HTTP/1.1 200 OK"
2026-01-07 13:28:11,581 - INFO - HTTP Request: GET https://planilhaandrieli.jords.site/api/database/rows/table/673/?user_field_names=true "HTTP/1.1 200 OK"
2026-01-07 13:28:11,649 - INFO - HTTP Request: GET https://planilhaandrieli.jords.site/api/database/rows/table/673/?user_field_names=true "HTTP/1.1 200 OK"
2026-01-07 13:28:14,948 - INFO - HTTP Request: GET https://planilhaandrieli.jords.site/api/database/rows/table/677/?user_field_names=true&size=200 "HTTP/1.1 200 OK"
2026-01-07 13:28:14,951 - INFO - HTTP Request: GET https://planilhaandrieli.jords.site/api/database/rows/table/677/?user_field_names=true&size=200 "HTTP/1.1 200 OK"
2026-01-07 13:28:14,955 - INFO - HTTP Request: GET https://planilhaandrieli.jords.site/api/database/rows/table/673/?user_field_names=true "HTTP/1.1 200 OK"
2026-01-07 13:28:16,627 - INFO - HTTP Request: GET https://planilhaandrieli.jords.site/api/database/rows/table/677/?user_field_names=true&size=200 "HTTP/1.1 200 OK"
2026-01-07 13:28:23,984 - INFO - HTTP Request: GET https://planilhaandrieli.jords.site/api/database/rows/table/673/?user_field_names=true "HTTP/1.1 200 OK"
2026-01-07 13:28:23,985 - INFO - HTTP Request: GET https://planilhaandrieli.jords.site/api/database/rows/table/673/?user_field_names=true "HTTP/1.1 200 OK"
2026-01-07 13:28:26,039 - INFO - HTTP Request: GET https://planilhaandrieli.jords.site/api/database/rows/table/677/?user_field_names=true&size=200 "HTTP/1.1 200 OK"
2026-01-07 13:28:26,052 - INFO - HTTP Request: GET https://planilhaandrieli.jords.site/api/database/rows/table/677/?user_field_names=true&size=200 "HTTP/1.1 200 OK"
2026-01-07 13:28:27,298 - INFO - HTTP Request: GET https://planilhaandrieli.jords.site/api/database/rows/table/673/?user_field_names=true "HTTP/1.1 200 OK"
2026-01-07 13:28:28,514 - INFO - HTTP Request: GET https://planilhaandrieli.jords.site/api/database/rows/table/677/?user_field_names=true&size=200 "HTTP/1.1 200 OK"
2026-01-07 13:28:35,455 - INFO - HTTP Request: GET https://planilhaandrieli.jords.site/api/database/rows/table/673/?user_field_names=true "HTTP/1.1 200 OK"
2026-01-07 13:28:35,458 - INFO - HTTP Request: GET https://planilhaandrieli.jords.site/api/database/rows/table/673/?user_field_names=true "HTTP/1.1 200 OK"
2026-01-07 13:28:37,361 - INFO - HTTP Request: GET https://planilhaandrieli.jords.site/api/database/rows/table/677/?user_field_names=true&size=200 "HTTP/1.1 200 OK"
2026-01-07 13:28:37,367 - INFO - HTTP Request: GET https://planilhaandrieli.jords.site/api/database/rows/table/677/?user_field_names=true&size=200 "HTTP/1.1 200 OK"
2026-01-07 13:28:38,646 - INFO - HTTP Request: GET https://planilhaandrieli.jords.site/api/database/rows/table/673/?user_field_names=true "HTTP/1.1 200 OK"
2026-01-07 13:28:39,865 - INFO - HTTP Request: GET https://planilhaandrieli.jords.site/api/database/rows/table/677/?user_field_names=true&size=200 "HTTP/1.1 200 OK"
2026-01-07 13:28:47,172 - INFO - HTTP Request: GET https://planilhaandrieli.jords.site/api/database/rows/table/673/?user_field_names=true "HTTP/1.1 200 OK"
2026-01-07 13:28:47,177 - INFO - HTTP Request: GET https://planilhaandrieli.jords.site/api/database/rows/table/673/?user_field_names=true "HTTP/1.1 200 OK"
2026-01-07 13:28:48,967 - INFO - HTTP Request: GET https://planilhaandrieli.jords.site/api/database/rows/table/677/?user_field_names=true&size=200 "HTTP/1.1 200 OK"
2026-01-07 13:28:48,969 - INFO - HTTP Request: GET https://planilhaandrieli.jords.site/api/database/rows/table/677/?user_field_names=true&size=200 "HTTP/1.1 200 OK"
2026-01-07 13:28:50,362 - INFO - HTTP Request: GET https://planilhaandrieli.jords.site/api/database/rows/table/673/?user_field_names=true "HTTP/1.1 200 OK"
2026-01-07 13:28:51,522 - INFO - HTTP Request: GET https://planilhaandrieli.jords.site/api/database/rows/table/677/?user_field_names=true&size=200 "HTTP/1.1 200 OK"
2026-01-07 13:29:00,885 - INFO - HTTP Request: GET https://planilhaandrieli.jords.site/api/database/rows/table/673/?user_field_names=true "HTTP/1.1 200 OK"
2026-01-07 13:29:00,965 - INFO - HTTP Request: GET https://planilhaandrieli.jords.site/api/database/rows/table/673/?user_field_names=true "HTTP/1.1 200 OK"
2026-01-07 13:29:00,971 - INFO - HTTP Request: GET https://planilhaandrieli.jords.site/api/database/rows/table/673/?user_field_names=true "HTTP/1.1 200 OK"
2026-01-07 13:29:04,585 - INFO - HTTP Request: GET https://planilhaandrieli.jords.site/api/database/rows/table/677/?user_field_names=true&size=200 "HTTP/1.1 200 OK"
2026-01-07 13:29:04,603 - INFO - HTTP Request: GET https://planilhaandrieli.jords.site/api/database/rows/table/677/?user_field_names=true&size=200 "HTTP/1.1 200 OK"
2026-01-07 13:29:04,609 - INFO - HTTP Request: GET https://planilhaandrieli.jords.site/api/database/rows/table/677/?user_field_names=true&size=200 "HTTP/1.1 200 OK"
2026-01-07 13:29:06,354 - INFO - HTTP Request: GET https://planilhaandrieli.jords.site/api/database/rows/table/673/?user_field_names=true "HTTP/1.1 200 OK"
2026-01-07 13:29:07,494 - INFO - HTTP Request: GET https://planilhaandrieli.jords.site/api/database/rows/table/677/?user_field_names=true&size=200 "HTTP/1.1 200 OK"
2026-01-07 13:29:08,608 - INFO - HTTP Request: GET https://planilhaandrieli.jords.site/api/database/rows/table/673/?user_field_names=true "HTTP/1.1 200 OK"
2026-01-07 13:29:09,751 - INFO - HTTP Request: GET https://planilhaandrieli.jords.site/api/database/rows/table/677/?user_field_names=true&size=200 "HTTP/1.1 200 OK"
2026-01-07 13:29:11,044 - INFO - HTTP Request: GET https://planilhaandrieli.jords.site/api/database/rows/table/673/?user_field_names=true "HTTP/1.1 200 OK"
2026-01-07 13:29:12,293 - INFO - HTTP Request: GET https://planilhaandrieli.jords.site/api/database/rows/table/677/?user_field_names=true&size=200 "HTTP/1.1 200 OK"
2026-01-07 13:29:17,678 - INFO - HTTP Request: POST https://webhookandrieli.jords.site/webhook/a6adb0ac-5491-4720-9bec-e87476224b62-CriandoMapaAstral "HTTP/1.1 200 OK"
2026-01-07 13:29:20,549 - INFO - HTTP Request: GET https://planilhaandrieli.jords.site/api/database/rows/table/673/?user_field_names=true "HTTP/1.1 200 OK"
2026-01-07 13:29:20,567 - INFO - HTTP Request: GET https://planilhaandrieli.jords.site/api/database/rows/table/673/?user_field_names=true "HTTP/1.1 200 OK"
2026-01-07 13:29:20,590 - INFO - HTTP Request: GET https://planilhaandrieli.jords.site/api/database/rows/table/673/?user_field_names=true "HTTP/1.1 200 OK"
2026-01-07 13:29:20,592 - INFO - HTTP Request: GET https://planilhaandrieli.jords.site/api/database/rows/table/673/?user_field_names=true "HTTP/1.1 200 OK"
2026-01-07 13:29:24,254 - INFO - HTTP Request: GET https://planilhaandrieli.jords.site/api/database/rows/table/677/?user_field_names=true&size=200 "HTTP/1.1 200 OK"
2026-01-07 13:29:24,260 - INFO - HTTP Request: GET https://planilhaandrieli.jords.site/api/database/rows/table/677/?user_field_names=true&size=200 "HTTP/1.1 200 OK"
2026-01-07 13:29:24,286 - INFO - HTTP Request: GET https://planilhaandrieli.jords.site/api/database/rows/table/677/?user_field_names=true&size=200 "HTTP/1.1 200 OK"
2026-01-07 13:29:24,290 - INFO - HTTP Request: GET https://planilhaandrieli.jords.site/api/database/rows/table/677/?user_field_names=true&size=200 "HTTP/1.1 200 OK"
2026-01-07 13:29:26,096 - INFO - HTTP Request: GET https://planilhaandrieli.jords.site/api/database/rows/table/673/?user_field_names=true "HTTP/1.1 200 OK"
2026-01-07 13:29:26,097 - INFO - HTTP Request: GET https://planilhaandrieli.jords.site/api/database/rows/table/673/?user_field_names=true "HTTP/1.1 200 OK"
2026-01-07 13:29:27,882 - INFO - HTTP Request: GET https://planilhaandrieli.jords.site/api/database/rows/table/677/?user_field_names=true&size=200 "HTTP/1.1 200 OK"
2026-01-07 13:29:27,884 - INFO - HTTP Request: GET https://planilhaandrieli.jords.site/api/database/rows/table/677/?user_field_names=true&size=200 "HTTP/1.1 200 OK"
2026-01-07 13:29:34,486 - INFO - HTTP Request: GET https://planilhaandrieli.jords.site/api/database/rows/table/673/?user_field_names=true "HTTP/1.1 200 OK"
2026-01-07 13:29:35,614 - INFO - HTTP Request: GET https://planilhaandrieli.jords.site/api/database/rows/table/677/?user_field_names=true&size=200 "HTTP/1.1 200 OK"
2026-01-07 13:29:36,764 - INFO - HTTP Request: GET https://planilhaandrieli.jords.site/api/database/rows/table/673/?user_field_names=true "HTTP/1.1 200 OK"
2026-01-07 13:29:37,869 - INFO - HTTP Request: GET https://planilhaandrieli.jords.site/api/database/rows/table/677/?user_field_names=true&size=200 "HTTP/1.1 200 OK"
2026-01-07 13:29:45,056 - INFO - HTTP Request: GET https://planilhaandrieli.jords.site/api/database/rows/table/673/?user_field_names=true "HTTP/1.1 200 OK"
2026-01-07 13:29:45,062 - INFO - HTTP Request: GET https://planilhaandrieli.jords.site/api/database/rows/table/673/?user_field_names=true "HTTP/1.1 200 OK"
2026-01-07 13:29:46,845 - INFO - HTTP Request: GET https://planilhaandrieli.jords.site/api/database/rows/table/677/?user_field_names=true&size=200 "HTTP/1.1 200 OK"
2026-01-07 13:29:46,847 - INFO - HTTP Request: GET https://planilhaandrieli.jords.site/api/database/rows/table/677/?user_field_names=true&size=200 "HTTP/1.1 200 OK"
2026-01-07 13:29:47,444 - INFO - HTTP Request: POST https://webhookandrieli.jords.site/webhook/a6adb0ac-5491-4720-9bec-e87476224b62-CriandoMapaAstral "HTTP/1.1 200 OK"
2026-01-07 13:29:48,546 - INFO - HTTP Request: GET https://planilhaandrieli.jords.site/api/database/rows/table/673/?user_field_names=true "HTTP/1.1 200 OK"
2026-01-07 13:29:49,654 - INFO - HTTP Request: GET https://planilhaandrieli.jords.site/api/database/rows/table/677/?user_field_names=true&size=200 "HTTP/1.1 200 OK"
2026-01-07 13:29:56,351 - INFO - HTTP Request: POST https://webhookandrieli.jords.site/webhook/a6adb0ac-5491-4720-9bec-e87476224b62-CriandoMapaAstral "HTTP/1.1 200 OK"
2026-01-07 13:29:56,991 - INFO - HTTP Request: GET https://planilhaandrieli.jords.site/api/database/rows/table/673/?user_field_names=true "HTTP/1.1 200 OK"
2026-01-07 13:29:58,050 - INFO - HTTP Request: GET https://planilhaandrieli.jords.site/api/database/rows/table/673/?user_field_names=true "HTTP/1.1 200 OK"
2026-01-07 13:29:58,051 - INFO - HTTP Request: GET https://planilhaandrieli.jords.site/api/database/rows/table/677/?user_field_names=true&size=200 "HTTP/1.1 200 OK"
2026-01-07 13:29:59,163 - INFO - HTTP Request: GET https://planilhaandrieli.jords.site/api/database/rows/table/677/?user_field_names=true&size=200 "HTTP/1.1 200 OK"
2026-01-07 13:33:11,142 - INFO - HTTP Request: GET https://planilhaandrieli.jords.site/api/database/rows/table/673/58/?user_field_names=true "HTTP/1.1 200 OK"
2026-01-07 13:33:12,919 - INFO - HTTP Request: GET https://planilhaandrieli.jords.site/api/database/rows/table/673/57/?user_field_names=true "HTTP/1.1 200 OK"
2026-01-07 13:33:16,543 - INFO - HTTP Request: GET https://planilhaandrieli.jords.site/api/database/rows/table/673/56/?user_field_names=true "HTTP/1.1 200 OK"
2026-01-07 13:33:23,851 - INFO - HTTP Request: GET https://planilhaandrieli.jords.site/api/database/rows/table/673/?user_field_names=true "HTTP/1.1 200 OK"
2026-01-07 13:33:23,886 - INFO - HTTP Request: GET https://planilhaandrieli.jords.site/api/database/rows/table/673/?user_field_names=true "HTTP/1.1 200 OK"
2026-01-07 13:33:23,888 - INFO - HTTP Request: GET https://planilhaandrieli.jords.site/api/database/rows/table/673/?user_field_names=true "HTTP/1.1 200 OK"
2026-01-07 13:33:26,864 - INFO - HTTP Request: GET https://planilhaandrieli.jords.site/api/database/rows/table/677/?user_field_names=true&size=200 "HTTP/1.1 200 OK"
2026-01-07 13:33:26,900 - INFO - HTTP Request: GET https://planilhaandrieli.jords.site/api/database/rows/table/677/?user_field_names=true&size=200 "HTTP/1.1 200 OK"
2026-01-07 13:33:26,902 - INFO - HTTP Request: GET https://planilhaandrieli.jords.site/api/database/rows/table/677/?user_field_names=true&size=200 "HTTP/1.1 200 OK"
2026-01-07 13:33:28,689 - INFO - HTTP Request: GET https://planilhaandrieli.jords.site/api/database/rows/table/673/?user_field_names=true "HTTP/1.1 200 OK"
2026-01-07 13:33:29,455 - INFO - HTTP Request: GET https://planilhaandrieli.jords.site/api/database/rows/table/673/?user_field_names=true "HTTP/1.1 200 OK"
2026-01-07 13:33:30,506 - INFO - HTTP Request: GET https://planilhaandrieli.jords.site/api/database/rows/table/677/?user_field_names=true&size=200 "HTTP/1.1 200 OK"
2026-01-07 13:33:30,509 - INFO - HTTP Request: GET https://planilhaandrieli.jords.site/api/database/rows/table/677/?user_field_names=true&size=200 "HTTP/1.1 200 OK"
2026-01-07 13:33:32,164 - INFO - HTTP Request: GET https://planilhaandrieli.jords.site/api/database/rows/table/673/?user_field_names=true "HTTP/1.1 200 OK"
2026-01-07 13:33:33,398 - INFO - HTTP Request: GET https://planilhaandrieli.jords.site/api/database/rows/table/677/?user_field_names=true&size=200 "HTTP/1.1 200 OK"
2026-01-07 13:33:41,244 - INFO - HTTP Request: GET https://planilhaandrieli.jords.site/api/database/rows/table/673/?user_field_names=true "HTTP/1.1 200 OK"
2026-01-07 13:33:41,259 - INFO - HTTP Request: GET https://planilhaandrieli.jords.site/api/database/rows/table/673/?user_field_names=true "HTTP/1.1 200 OK"
2026-01-07 13:33:41,272 - INFO - HTTP Request: GET https://planilhaandrieli.jords.site/api/database/rows/table/673/?user_field_names=true "HTTP/1.1 200 OK"
2026-01-07 13:33:43,931 - INFO - HTTP Request: GET https://planilhaandrieli.jords.site/api/database/rows/table/677/?user_field_names=true&size=200 "HTTP/1.1 200 OK"
2026-01-07 13:33:43,962 - INFO - HTTP Request: GET https://planilhaandrieli.jords.site/api/database/rows/table/677/?user_field_names=true&size=200 "HTTP/1.1 200 OK"
2026-01-07 13:33:43,963 - INFO - HTTP Request: GET https://planilhaandrieli.jords.site/api/database/rows/table/677/?user_field_names=true&size=200 "HTTP/1.1 200 OK"
2026-01-07 13:33:45,874 - INFO - HTTP Request: GET https://planilhaandrieli.jords.site/api/database/rows/table/673/?user_field_names=true "HTTP/1.1 200 OK"
2026-01-07 13:33:46,659 - INFO - HTTP Request: GET https://planilhaandrieli.jords.site/api/database/rows/table/673/?user_field_names=true "HTTP/1.1 200 OK"
2026-01-07 13:33:47,882 - INFO - HTTP Request: GET https://planilhaandrieli.jords.site/api/database/rows/table/677/?user_field_names=true&size=200 "HTTP/1.1 200 OK"
2026-01-07 13:33:47,890 - INFO - HTTP Request: GET https://planilhaandrieli.jords.site/api/database/rows/table/677/?user_field_names=true&size=200 "HTTP/1.1 200 OK"
2026-01-07 13:33:49,890 - INFO - HTTP Request: GET https://planilhaandrieli.jords.site/api/database/rows/table/673/?user_field_names=true "HTTP/1.1 200 OK"
2026-01-07 13:33:51,170 - INFO - HTTP Request: GET https://planilhaandrieli.jords.site/api/database/rows/table/677/?user_field_names=true&size=200 "HTTP/1.1 200 OK"
2026-01-07 13:33:58,434 - INFO - HTTP Request: GET https://planilhaandrieli.jords.site/api/database/rows/table/673/?user_field_names=true "HTTP/1.1 200 OK"
2026-01-07 13:33:58,440 - INFO - HTTP Request: GET https://planilhaandrieli.jords.site/api/database/rows/table/673/?user_field_names=true "HTTP/1.1 200 OK"
2026-01-07 13:34:00,283 - INFO - HTTP Request: GET https://planilhaandrieli.jords.site/api/database/rows/table/677/?user_field_names=true&size=200 "HTTP/1.1 200 OK"
2026-01-07 13:34:00,295 - INFO - HTTP Request: GET https://planilhaandrieli.jords.site/api/database/rows/table/677/?user_field_names=true&size=200 "HTTP/1.1 200 OK"
2026-01-07 13:34:01,672 - INFO - HTTP Request: GET https://planilhaandrieli.jords.site/api/database/rows/table/673/?user_field_names=true "HTTP/1.1 200 OK"
2026-01-07 13:34:03,173 - INFO - HTTP Request: GET https://planilhaandrieli.jords.site/api/database/rows/table/677/?user_field_names=true&size=200 "HTTP/1.1 200 OK"
2026-01-07 13:34:10,055 - INFO - HTTP Request: GET https://planilhaandrieli.jords.site/api/database/rows/table/673/?user_field_names=true "HTTP/1.1 200 OK"
2026-01-07 13:34:10,064 - INFO - HTTP Request: GET https://planilhaandrieli.jords.site/api/database/rows/table/673/?user_field_names=true "HTTP/1.1 200 OK"
2026-01-07 13:34:12,039 - INFO - HTTP Request: GET https://planilhaandrieli.jords.site/api/database/rows/table/677/?user_field_names=true&size=200 "HTTP/1.1 200 OK"
2026-01-07 13:34:12,041 - INFO - HTTP Request: GET https://planilhaandrieli.jords.site/api/database/rows/table/677/?user_field_names=true&size=200 "HTTP/1.1 200 OK"
2026-01-07 13:34:14,310 - INFO - HTTP Request: GET https://planilhaandrieli.jords.site/api/database/rows/table/673/?user_field_names=true "HTTP/1.1 200 OK"
2026-01-07 13:34:15,486 - INFO - HTTP Request: GET https://planilhaandrieli.jords.site/api/database/rows/table/677/?user_field_names=true&size=200 "HTTP/1.1 200 OK"
2026-01-07 13:34:22,471 - INFO - HTTP Request: GET https://planilhaandrieli.jords.site/api/database/rows/table/673/?user_field_names=true "HTTP/1.1 200 OK"
2026-01-07 13:34:22,481 - INFO - HTTP Request: GET https://planilhaandrieli.jords.site/api/database/rows/table/673/?user_field_names=true "HTTP/1.1 200 OK"
2026-01-07 13:34:24,293 - INFO - HTTP Request: GET https://planilhaandrieli.jords.site/api/database/rows/table/677/?user_field_names=true&size=200 "HTTP/1.1 200 OK"
2026-01-07 13:34:24,295 - INFO - HTTP Request: GET https://planilhaandrieli.jords.site/api/database/rows/table/677/?user_field_names=true&size=200 "HTTP/1.1 200 OK"
2026-01-07 13:34:25,496 - INFO - HTTP Request: GET https://planilhaandrieli.jords.site/api/database/rows/table/673/?user_field_names=true "HTTP/1.1 200 OK"
2026-01-07 13:34:27,441 - INFO - HTTP Request: GET https://planilhaandrieli.jords.site/api/database/rows/table/677/?user_field_names=true&size=200 "HTTP/1.1 200 OK"
2026-01-07 13:34:34,352 - INFO - HTTP Request: GET https://planilhaandrieli.jords.site/api/database/rows/table/673/?user_field_names=true "HTTP/1.1 200 OK"
2026-01-07 13:34:34,361 - INFO - HTTP Request: GET https://planilhaandrieli.jords.site/api/database/rows/table/673/?user_field_names=true "HTTP/1.1 200 OK"
2026-01-07 13:34:36,252 - INFO - HTTP Request: GET https://planilhaandrieli.jords.site/api/database/rows/table/677/?user_field_names=true&size=200 "HTTP/1.1 200 OK"
2026-01-07 13:34:36,253 - INFO - HTTP Request: GET https://planilhaandrieli.jords.site/api/database/rows/table/677/?user_field_names=true&size=200 "HTTP/1.1 200 OK"
2026-01-07 13:34:37,481 - INFO - HTTP Request: GET https://planilhaandrieli.jords.site/api/database/rows/table/673/?user_field_names=true "HTTP/1.1 200 OK"
2026-01-07 13:34:38,667 - INFO - HTTP Request: GET https://planilhaandrieli.jords.site/api/database/rows/table/677/?user_field_names=true&size=200 "HTTP/1.1 200 OK"
2026-01-07 13:34:44,997 - INFO - HTTP Request: GET https://planilhaandrieli.jords.site/api/database/rows/table/673/?user_field_names=true "HTTP/1.1 200 OK"
2026-01-07 13:34:46,407 - INFO - HTTP Request: GET https://planilhaandrieli.jords.site/api/database/rows/table/677/?user_field_names=true&size=200 "HTTP/1.1 200 OK"
2026-01-07 13:34:48,172 - INFO - HTTP Request: GET https://planilhaandrieli.jords.site/api/database/rows/table/673/?user_field_names=true "HTTP/1.1 200 OK"
2026-01-07 13:34:49,845 - INFO - HTTP Request: GET https://planilhaandrieli.jords.site/api/database/rows/table/677/?user_field_names=true&size=200 "HTTP/1.1 200 OK"
2026-01-07 13:34:51,106 - INFO - HTTP Request: GET https://planilhaandrieli.jords.site/api/database/rows/table/673/?user_field_names=true "HTTP/1.1 200 OK"
2026-01-07 13:34:52,339 - INFO - HTTP Request: GET https://planilhaandrieli.jords.site/api/database/rows/table/677/?user_field_names=true&size=200 "HTTP/1.1 200 OK"
2026-01-07 13:35:05,280 - INFO - HTTP Request: POST https://webhookandrieli.jords.site/webhook/a6adb0ac-5491-4720-9bec-e87476224b62-CriandoMapaAstral "HTTP/1.1 200 OK"
2026-01-07 13:35:06,283 - INFO - HTTP Request: GET https://planilhaandrieli.jords.site/api/database/rows/table/673/?user_field_names=true "HTTP/1.1 200 OK"
2026-01-07 13:35:06,284 - INFO - HTTP Request: GET https://planilhaandrieli.jords.site/api/database/rows/table/673/?user_field_names=true "HTTP/1.1 200 OK"
2026-01-07 13:35:06,379 - INFO - HTTP Request: GET https://planilhaandrieli.jords.site/api/database/rows/table/673/?user_field_names=true "HTTP/1.1 200 OK"
2026-01-07 13:35:10,587 - INFO - HTTP Request: GET https://planilhaandrieli.jords.site/api/database/rows/table/677/?user_field_names=true&size=200 "HTTP/1.1 200 OK"
2026-01-07 13:35:10,594 - INFO - HTTP Request: GET https://planilhaandrieli.jords.site/api/database/rows/table/677/?user_field_names=true&size=200 "HTTP/1.1 200 OK"
2026-01-07 13:35:12,032 - INFO - HTTP Request: GET https://planilhaandrieli.jords.site/api/database/rows/table/677/?user_field_names=true&size=200 "HTTP/1.1 200 OK"
2026-01-07 13:35:12,036 - INFO - HTTP Request: GET https://planilhaandrieli.jords.site/api/database/rows/table/673/?user_field_names=true "HTTP/1.1 200 OK"
2026-01-07 13:35:14,863 - INFO - HTTP Request: GET https://planilhaandrieli.jords.site/api/database/rows/table/673/?user_field_names=true "HTTP/1.1 200 OK"
2026-01-07 13:35:14,864 - INFO - HTTP Request: GET https://planilhaandrieli.jords.site/api/database/rows/table/677/?user_field_names=true&size=200 "HTTP/1.1 200 OK"
2026-01-07 13:35:14,866 - INFO - HTTP Request: GET https://planilhaandrieli.jords.site/api/database/rows/table/673/?user_field_names=true "HTTP/1.1 200 OK"
2026-01-07 13:35:16,798 - INFO - HTTP Request: GET https://planilhaandrieli.jords.site/api/database/rows/table/677/?user_field_names=true&size=200 "HTTP/1.1 200 OK"
2026-01-07 13:35:16,811 - INFO - HTTP Request: GET https://planilhaandrieli.jords.site/api/database/rows/table/677/?user_field_names=true&size=200 "HTTP/1.1 200 OK"
2026-01-07 13:35:24,102 - INFO - HTTP Request: GET https://planilhaandrieli.jords.site/api/database/rows/table/673/?user_field_names=true "HTTP/1.1 200 OK"
2026-01-07 13:35:24,144 - INFO - HTTP Request: GET https://planilhaandrieli.jords.site/api/database/rows/table/673/?user_field_names=true "HTTP/1.1 200 OK"
2026-01-07 13:35:25,983 - INFO - HTTP Request: GET https://planilhaandrieli.jords.site/api/database/rows/table/677/?user_field_names=true&size=200 "HTTP/1.1 200 OK"
2026-01-07 13:35:26,042 - INFO - HTTP Request: GET https://planilhaandrieli.jords.site/api/database/rows/table/677/?user_field_names=true&size=200 "HTTP/1.1 200 OK"
2026-01-07 13:35:26,102 - INFO - HTTP Request: POST https://webhookandrieli.jords.site/webhook/a6adb0ac-5491-4720-9bec-e87476224b62-CriandoMapaAstral "HTTP/1.1 200 OK"
2026-01-07 13:35:27,345 - INFO - HTTP Request: GET https://planilhaandrieli.jords.site/api/database/rows/table/673/?user_field_names=true "HTTP/1.1 200 OK"
2026-01-07 13:35:28,730 - INFO - HTTP Request: GET https://planilhaandrieli.jords.site/api/database/rows/table/677/?user_field_names=true&size=200 "HTTP/1.1 200 OK"
2026-01-07 13:35:32,690 - INFO - HTTP Request: POST https://webhookandrieli.jords.site/webhook/a6adb0ac-5491-4720-9bec-e87476224b62-CriandoMapaAstral "HTTP/1.1 200 OK"
2026-01-07 13:35:34,010 - INFO - HTTP Request: GET https://planilhaandrieli.jords.site/api/database/rows/table/673/?user_field_names=true "HTTP/1.1 200 OK"
2026-01-07 13:35:35,937 - INFO - HTTP Request: GET https://planilhaandrieli.jords.site/api/database/rows/table/677/?user_field_names=true&size=200 "HTTP/1.1 200 OK"
2026-01-07 13:35:51,718 - INFO - HTTP Request: PATCH https://planilhaandrieli.jords.site/api/database/rows/table/673/58/?user_field_names=true "HTTP/1.1 200 OK"
2026-01-07 13:35:53,366 - INFO - HTTP Request: GET https://planilhaandrieli.jords.site/api/database/rows/table/677/?user_field_names=true&search=91106333 "HTTP/1.1 200 OK"
2026-01-07 13:35:53,596 - INFO - HTTP Request: PATCH https://planilhaandrieli.jords.site/api/database/rows/table/677/26/?user_field_names=true "HTTP/1.1 200 OK"
2026-01-07 13:35:55,262 - INFO - HTTP Request: GET https://planilhaandrieli.jords.site/api/database/rows/table/673/58/?user_field_names=true "HTTP/1.1 200 OK"
2026-01-07 13:35:57,151 - INFO - HTTP Request: GET https://planilhaandrieli.jords.site/api/database/rows/table/673/?user_field_names=true "HTTP/1.1 200 OK"
2026-01-07 13:35:58,930 - INFO - HTTP Request: GET https://planilhaandrieli.jords.site/api/database/rows/table/677/?user_field_names=true&size=200 "HTTP/1.1 200 OK"
2026-01-07 13:42:05,675 - INFO - HTTP Request: GET https://planilhaandrieli.jords.site/api/database/rows/table/673/?user_field_names=true "HTTP/1.1 200 OK"
2026-01-07 13:42:05,679 - INFO - HTTP Request: GET https://planilhaandrieli.jords.site/api/database/rows/table/673/?user_field_names=true "HTTP/1.1 200 OK"
2026-01-07 13:42:08,572 - INFO - HTTP Request: GET https://planilhaandrieli.jords.site/api/database/rows/table/677/?user_field_names=true&size=200 "HTTP/1.1 200 OK"
2026-01-07 13:42:08,588 - INFO - HTTP Request: GET https://planilhaandrieli.jords.site/api/database/rows/table/677/?user_field_names=true&size=200 "HTTP/1.1 200 OK"
2026-01-07 13:42:22,666 - INFO - HTTP Request: GET https://planilhaandrieli.jords.site/api/database/rows/table/673/58/?user_field_names=true "HTTP/1.1 200 OK"
2026-01-07 13:42:29,054 - INFO - HTTP Request: GET https://planilhaandrieli.jords.site/api/database/rows/table/673/?user_field_names=true "HTTP/1.1 200 OK"
2026-01-07 13:42:30,229 - INFO - HTTP Request: GET https://planilhaandrieli.jords.site/api/database/rows/table/677/?user_field_names=true&size=200 "HTTP/1.1 200 OK"
2026-01-07 13:42:36,745 - INFO - HTTP Request: GET https://planilhaandrieli.jords.site/api/database/rows/table/673/?user_field_names=true "HTTP/1.1 200 OK"
2026-01-07 13:42:38,062 - INFO - HTTP Request: GET https://planilhaandrieli.jords.site/api/database/rows/table/677/?user_field_names=true&size=200 "HTTP/1.1 200 OK"
2026-01-07 13:42:44,656 - INFO - HTTP Request: GET https://planilhaandrieli.jords.site/api/database/rows/table/673/?user_field_names=true "HTTP/1.1 200 OK"
2026-01-07 13:42:45,947 - INFO - HTTP Request: GET https://planilhaandrieli.jords.site/api/database/rows/table/677/?user_field_names=true&size=200 "HTTP/1.1 200 OK"
2026-01-07 13:42:52,448 - INFO - HTTP Request: GET https://planilhaandrieli.jords.site/api/database/rows/table/673/?user_field_names=true "HTTP/1.1 200 OK"
2026-01-07 13:42:53,624 - INFO - HTTP Request: GET https://planilhaandrieli.jords.site/api/database/rows/table/677/?user_field_names=true&size=200 "HTTP/1.1 200 OK"
2026-01-07 13:43:00,540 - INFO - HTTP Request: GET https://planilhaandrieli.jords.site/api/database/rows/table/673/?user_field_names=true "HTTP/1.1 200 OK"
2026-01-07 13:43:01,706 - INFO - HTTP Request: GET https://planilhaandrieli.jords.site/api/database/rows/table/677/?user_field_names=true&size=200 "HTTP/1.1 200 OK"
2026-01-07 13:43:08,310 - INFO - HTTP Request: GET https://planilhaandrieli.jords.site/api/database/rows/table/673/?user_field_names=true "HTTP/1.1 200 OK"
2026-01-07 13:43:09,283 - INFO - HTTP Request: GET https://planilhaandrieli.jords.site/api/database/rows/table/677/?user_field_names=true&size=200 "HTTP/1.1 200 OK"
2026-01-07 13:43:15,795 - INFO - HTTP Request: GET https://planilhaandrieli.jords.site/api/database/rows/table/673/?user_field_names=true "HTTP/1.1 200 OK"
2026-01-07 13:43:17,068 - INFO - HTTP Request: GET https://planilhaandrieli.jords.site/api/database/rows/table/677/?user_field_names=true&size=200 "HTTP/1.1 200 OK"
2026-01-07 13:43:24,520 - INFO - HTTP Request: GET https://planilhaandrieli.jords.site/api/database/rows/table/673/?user_field_names=true "HTTP/1.1 200 OK"
2026-01-07 13:43:25,641 - INFO - HTTP Request: GET https://planilhaandrieli.jords.site/api/database/rows/table/677/?user_field_names=true&size=200 "HTTP/1.1 200 OK"
2026-01-07 13:43:32,251 - INFO - HTTP Request: GET https://planilhaandrieli.jords.site/api/database/rows/table/673/?user_field_names=true "HTTP/1.1 200 OK"
2026-01-07 13:43:33,410 - INFO - HTTP Request: GET https://planilhaandrieli.jords.site/api/database/rows/table/677/?user_field_names=true&size=200 "HTTP/1.1 200 OK"
2026-01-07 13:43:39,871 - INFO - HTTP Request: GET https://planilhaandrieli.jords.site/api/database/rows/table/673/?user_field_names=true "HTTP/1.1 200 OK"
2026-01-07 13:43:41,198 - INFO - HTTP Request: GET https://planilhaandrieli.jords.site/api/database/rows/table/677/?user_field_names=true&size=200 "HTTP/1.1 200 OK"
2026-01-07 13:43:48,583 - INFO - HTTP Request: GET https://planilhaandrieli.jords.site/api/database/rows/table/673/?user_field_names=true "HTTP/1.1 200 OK"
2026-01-07 13:43:49,765 - INFO - HTTP Request: GET https://planilhaandrieli.jords.site/api/database/rows/table/677/?user_field_names=true&size=200 "HTTP/1.1 200 OK"
2026-01-07 13:43:58,191 - INFO - HTTP Request: GET https://planilhaandrieli.jords.site/api/database/rows/table/673/?user_field_names=true "HTTP/1.1 200 OK"
2026-01-07 13:43:59,298 - INFO - HTTP Request: GET https://planilhaandrieli.jords.site/api/database/rows/table/677/?user_field_names=true&size=200 "HTTP/1.1 200 OK"
2026-01-07 13:44:05,764 - INFO - HTTP Request: GET https://planilhaandrieli.jords.site/api/database/rows/table/673/?user_field_names=true "HTTP/1.1 200 OK"
2026-01-07 13:44:06,958 - INFO - HTTP Request: GET https://planilhaandrieli.jords.site/api/database/rows/table/677/?user_field_names=true&size=200 "HTTP/1.1 200 OK"
2026-01-07 13:44:13,423 - INFO - HTTP Request: GET https://planilhaandrieli.jords.site/api/database/rows/table/673/?user_field_names=true "HTTP/1.1 200 OK"
2026-01-07 13:44:14,677 - INFO - HTTP Request: GET https://planilhaandrieli.jords.site/api/database/rows/table/677/?user_field_names=true&size=200 "HTTP/1.1 200 OK"
2026-01-07 13:44:21,180 - INFO - HTTP Request: GET https://planilhaandrieli.jords.site/api/database/rows/table/673/?user_field_names=true "HTTP/1.1 200 OK"
2026-01-07 13:44:22,284 - INFO - HTTP Request: GET https://planilhaandrieli.jords.site/api/database/rows/table/677/?user_field_names=true&size=200 "HTTP/1.1 200 OK"
2026-01-07 13:44:28,825 - INFO - HTTP Request: GET https://planilhaandrieli.jords.site/api/database/rows/table/673/?user_field_names=true "HTTP/1.1 200 OK"
2026-01-07 13:44:29,986 - INFO - HTTP Request: GET https://planilhaandrieli.jords.site/api/database/rows/table/677/?user_field_names=true&size=200 "HTTP/1.1 200 OK"
2026-01-07 13:44:36,142 - INFO - HTTP Request: POST https://webhookandrieli.jords.site/webhook/a6adb0ac-5491-4720-9bec-e87476224b62-CriandoMapaAstral "HTTP/1.1 200 OK"
2026-01-07 13:44:37,134 - INFO - HTTP Request: GET https://planilhaandrieli.jords.site/api/database/rows/table/673/?user_field_names=true "HTTP/1.1 200 OK"
2026-01-07 13:44:38,056 - INFO - HTTP Request: GET https://planilhaandrieli.jords.site/api/database/rows/table/673/?user_field_names=true "HTTP/1.1 200 OK"
2026-01-07 13:44:39,229 - INFO - HTTP Request: GET https://planilhaandrieli.jords.site/api/database/rows/table/677/?user_field_names=true&size=200 "HTTP/1.1 200 OK"
2026-01-07 13:44:39,406 - INFO - HTTP Request: GET https://planilhaandrieli.jords.site/api/database/rows/table/677/?user_field_names=true&size=200 "HTTP/1.1 200 OK"
2026-01-07 13:45:16,092 - INFO - HTTP Request: GET https://planilhaandrieli.jords.site/api/database/rows/table/673/41/?user_field_names=true "HTTP/1.1 200 OK"
2026-01-07 13:45:18,637 - INFO - HTTP Request: GET https://planilhaandrieli.jords.site/api/database/rows/table/673/40/?user_field_names=true "HTTP/1.1 200 OK"
2026-01-07 13:45:26,174 - INFO - HTTP Request: GET https://planilhaandrieli.jords.site/api/database/rows/table/673/36/?user_field_names=true "HTTP/1.1 200 OK"
2026-01-07 13:45:33,649 - INFO - HTTP Request: GET https://planilhaandrieli.jords.site/api/database/rows/table/673/?user_field_names=true "HTTP/1.1 200 OK"
2026-01-07 13:45:33,674 - INFO - HTTP Request: GET https://planilhaandrieli.jords.site/api/database/rows/table/673/?user_field_names=true "HTTP/1.1 200 OK"
2026-01-07 13:45:33,683 - INFO - HTTP Request: GET https://planilhaandrieli.jords.site/api/database/rows/table/673/?user_field_names=true "HTTP/1.1 200 OK"
2026-01-07 13:45:36,186 - INFO - HTTP Request: GET https://planilhaandrieli.jords.site/api/database/rows/table/677/?user_field_names=true&size=200 "HTTP/1.1 200 OK"
2026-01-07 13:45:36,244 - INFO - HTTP Request: GET https://planilhaandrieli.jords.site/api/database/rows/table/677/?user_field_names=true&size=200 "HTTP/1.1 200 OK"
2026-01-07 13:45:36,256 - INFO - HTTP Request: GET https://planilhaandrieli.jords.site/api/database/rows/table/677/?user_field_names=true&size=200 "HTTP/1.1 200 OK"
2026-01-07 13:45:37,874 - INFO - HTTP Request: GET https://planilhaandrieli.jords.site/api/database/rows/table/673/?user_field_names=true "HTTP/1.1 200 OK"
2026-01-07 13:45:37,982 - INFO - HTTP Request: GET https://planilhaandrieli.jords.site/api/database/rows/table/673/?user_field_names=true "HTTP/1.1 200 OK"
2026-01-07 13:45:39,745 - INFO - HTTP Request: GET https://planilhaandrieli.jords.site/api/database/rows/table/677/?user_field_names=true&size=200 "HTTP/1.1 200 OK"
2026-01-07 13:45:39,747 - INFO - HTTP Request: GET https://planilhaandrieli.jords.site/api/database/rows/table/677/?user_field_names=true&size=200 "HTTP/1.1 200 OK"
2026-01-07 13:45:41,030 - INFO - HTTP Request: GET https://planilhaandrieli.jords.site/api/database/rows/table/673/?user_field_names=true "HTTP/1.1 200 OK"
2026-01-07 13:45:42,257 - INFO - HTTP Request: GET https://planilhaandrieli.jords.site/api/database/rows/table/677/?user_field_names=true&size=200 "HTTP/1.1 200 OK"
2026-01-07 13:45:49,401 - INFO - HTTP Request: GET https://planilhaandrieli.jords.site/api/database/rows/table/673/?user_field_names=true "HTTP/1.1 200 OK"
2026-01-07 13:45:49,414 - INFO - HTTP Request: GET https://planilhaandrieli.jords.site/api/database/rows/table/673/?user_field_names=true "HTTP/1.1 200 OK"
2026-01-07 13:45:51,280 - INFO - HTTP Request: GET https://planilhaandrieli.jords.site/api/database/rows/table/677/?user_field_names=true&size=200 "HTTP/1.1 200 OK"
2026-01-07 13:45:52,362 - INFO - HTTP Request: GET https://planilhaandrieli.jords.site/api/database/rows/table/677/?user_field_names=true&size=200 "HTTP/1.1 200 OK"
2026-01-07 13:45:52,471 - INFO - HTTP Request: GET https://planilhaandrieli.jords.site/api/database/rows/table/673/?user_field_names=true "HTTP/1.1 200 OK"
2026-01-07 13:45:53,592 - INFO - HTTP Request: GET https://planilhaandrieli.jords.site/api/database/rows/table/677/?user_field_names=true&size=200 "HTTP/1.1 200 OK"
2026-01-07 13:46:00,456 - INFO - HTTP Request: GET https://planilhaandrieli.jords.site/api/database/rows/table/673/?user_field_names=true "HTTP/1.1 200 OK"
2026-01-07 13:46:00,466 - INFO - HTTP Request: GET https://planilhaandrieli.jords.site/api/database/rows/table/673/?user_field_names=true "HTTP/1.1 200 OK"
2026-01-07 13:46:02,428 - INFO - HTTP Request: GET https://planilhaandrieli.jords.site/api/database/rows/table/677/?user_field_names=true&size=200 "HTTP/1.1 200 OK"
2026-01-07 13:46:02,448 - INFO - HTTP Request: GET https://planilhaandrieli.jords.site/api/database/rows/table/677/?user_field_names=true&size=200 "HTTP/1.1 200 OK"
2026-01-07 13:46:03,599 - INFO - HTTP Request: GET https://planilhaandrieli.jords.site/api/database/rows/table/673/?user_field_names=true "HTTP/1.1 200 OK"
2026-01-07 13:46:04,781 - INFO - HTTP Request: GET https://planilhaandrieli.jords.site/api/database/rows/table/677/?user_field_names=true&size=200 "HTTP/1.1 200 OK"
2026-01-07 13:46:09,311 - INFO - HTTP Request: PATCH https://planilhaandrieli.jords.site/api/database/rows/table/673/39/?user_field_names=true "HTTP/1.1 200 OK"
2026-01-07 13:46:10,907 - INFO - HTTP Request: GET https://planilhaandrieli.jords.site/api/database/rows/table/677/?user_field_names=true&search=98032532 "HTTP/1.1 200 OK"
2026-01-07 13:46:11,146 - INFO - HTTP Request: PATCH https://planilhaandrieli.jords.site/api/database/rows/table/677/21/?user_field_names=true "HTTP/1.1 200 OK"
2026-01-07 13:46:12,406 - INFO - HTTP Request: GET https://planilhaandrieli.jords.site/api/database/rows/table/673/?user_field_names=true "HTTP/1.1 200 OK"
2026-01-07 13:46:13,499 - INFO - HTTP Request: GET https://planilhaandrieli.jords.site/api/database/rows/table/673/39/?user_field_names=true "HTTP/1.1 200 OK"
2026-01-07 13:46:14,905 - INFO - HTTP Request: GET https://planilhaandrieli.jords.site/api/database/rows/table/677/?user_field_names=true&size=200 "HTTP/1.1 200 OK"
2026-01-07 13:46:15,043 - INFO - HTTP Request: GET https://planilhaandrieli.jords.site/api/database/rows/table/673/?user_field_names=true "HTTP/1.1 200 OK"
2026-01-07 13:46:18,723 - INFO - HTTP Request: GET https://planilhaandrieli.jords.site/api/database/rows/table/673/?user_field_names=true "HTTP/1.1 200 OK"
2026-01-07 13:46:18,864 - INFO - HTTP Request: GET https://planilhaandrieli.jords.site/api/database/rows/table/673/?user_field_names=true "HTTP/1.1 200 OK"
2026-01-07 13:46:18,865 - INFO - HTTP Request: GET https://planilhaandrieli.jords.site/api/database/rows/table/677/?user_field_names=true&size=200 "HTTP/1.1 200 OK"
2026-01-07 13:46:21,201 - INFO - HTTP Request: GET https://planilhaandrieli.jords.site/api/database/rows/table/677/?user_field_names=true&size=200 "HTTP/1.1 200 OK"
2026-01-07 13:46:21,205 - INFO - HTTP Request: GET https://planilhaandrieli.jords.site/api/database/rows/table/677/?user_field_names=true&size=200 "HTTP/1.1 200 OK"
2026-01-07 13:46:21,961 - INFO - HTTP Request: GET https://planilhaandrieli.jords.site/api/database/rows/table/673/?user_field_names=true "HTTP/1.1 200 OK"
2026-01-07 13:46:23,071 - INFO - HTTP Request: GET https://planilhaandrieli.jords.site/api/database/rows/table/677/?user_field_names=true&size=200 "HTTP/1.1 200 OK"
2026-01-07 13:46:23,079 - INFO - HTTP Request: GET https://planilhaandrieli.jords.site/api/database/rows/table/673/?user_field_names=true "HTTP/1.1 200 OK"
2026-01-07 13:46:25,896 - INFO - HTTP Request: GET https://planilhaandrieli.jords.site/api/database/rows/table/677/?user_field_names=true&size=200 "HTTP/1.1 200 OK"
2026-01-07 13:46:25,897 - INFO - HTTP Request: GET https://planilhaandrieli.jords.site/api/database/rows/table/673/?user_field_names=true "HTTP/1.1 200 OK"
2026-01-07 13:46:27,133 - INFO - HTTP Request: GET https://planilhaandrieli.jords.site/api/database/rows/table/677/?user_field_names=true&size=200 "HTTP/1.1 200 OK"
2026-01-07 13:46:38,184 - INFO - HTTP Request: GET https://planilhaandrieli.jords.site/api/database/rows/table/673/?user_field_names=true "HTTP/1.1 200 OK"
2026-01-07 13:46:38,269 - INFO - HTTP Request: GET https://planilhaandrieli.jords.site/api/database/rows/table/673/?user_field_names=true "HTTP/1.1 200 OK"
2026-01-07 13:46:38,348 - INFO - HTTP Request: PATCH https://planilhaandrieli.jords.site/api/database/rows/table/673/39/?user_field_names=true "HTTP/1.1 200 OK"
2026-01-07 13:46:40,907 - INFO - HTTP Request: GET https://planilhaandrieli.jords.site/api/database/rows/table/677/?user_field_names=true&search=98032532 "HTTP/1.1 200 OK"
2026-01-07 13:46:40,953 - INFO - HTTP Request: GET https://planilhaandrieli.jords.site/api/database/rows/table/677/?user_field_names=true&size=200 "HTTP/1.1 200 OK"
2026-01-07 13:46:40,956 - INFO - HTTP Request: GET https://planilhaandrieli.jords.site/api/database/rows/table/677/?user_field_names=true&size=200 "HTTP/1.1 200 OK"
2026-01-07 13:46:42,988 - INFO - HTTP Request: PATCH https://planilhaandrieli.jords.site/api/database/rows/table/677/21/?user_field_names=true "HTTP/1.1 200 OK"
2026-01-07 13:46:44,670 - INFO - HTTP Request: GET https://planilhaandrieli.jords.site/api/database/rows/table/673/?user_field_names=true "HTTP/1.1 200 OK"
2026-01-07 13:46:44,698 - INFO - HTTP Request: GET https://planilhaandrieli.jords.site/api/database/rows/table/673/39/?user_field_names=true "HTTP/1.1 200 OK"
2026-01-07 13:46:44,705 - INFO - HTTP Request: GET https://planilhaandrieli.jords.site/api/database/rows/table/673/?user_field_names=true "HTTP/1.1 200 OK"
2026-01-07 13:46:48,452 - INFO - HTTP Request: GET https://planilhaandrieli.jords.site/api/database/rows/table/673/?user_field_names=true "HTTP/1.1 200 OK"
2026-01-07 13:46:48,453 - INFO - HTTP Request: GET https://planilhaandrieli.jords.site/api/database/rows/table/677/?user_field_names=true&size=200 "HTTP/1.1 200 OK"
2026-01-07 13:46:48,479 - INFO - HTTP Request: GET https://planilhaandrieli.jords.site/api/database/rows/table/677/?user_field_names=true&size=200 "HTTP/1.1 200 OK"
2026-01-07 13:46:50,908 - INFO - HTTP Request: GET https://planilhaandrieli.jords.site/api/database/rows/table/677/?user_field_names=true&size=200 "HTTP/1.1 200 OK"
2026-01-07 13:46:51,031 - INFO - HTTP Request: GET https://planilhaandrieli.jords.site/api/database/rows/table/673/?user_field_names=true "HTTP/1.1 200 OK"
2026-01-07 13:46:51,808 - INFO - HTTP Request: GET https://planilhaandrieli.jords.site/api/database/rows/table/673/?user_field_names=true "HTTP/1.1 200 OK"
2026-01-07 13:46:53,856 - INFO - HTTP Request: GET https://planilhaandrieli.jords.site/api/database/rows/table/677/?user_field_names=true&size=200 "HTTP/1.1 200 OK"
2026-01-07 13:46:53,858 - INFO - HTTP Request: GET https://planilhaandrieli.jords.site/api/database/rows/table/677/?user_field_names=true&size=200 "HTTP/1.1 200 OK"
2026-01-07 13:46:53,866 - INFO - HTTP Request: GET https://planilhaandrieli.jords.site/api/database/rows/table/673/?user_field_names=true "HTTP/1.1 200 OK"
2026-01-07 13:46:56,336 - INFO - HTTP Request: GET https://planilhaandrieli.jords.site/api/database/rows/table/677/?user_field_names=true&size=200 "HTTP/1.1 200 OK"
2026-01-07 13:46:56,340 - INFO - HTTP Request: GET https://planilhaandrieli.jords.site/api/database/rows/table/673/?user_field_names=true "HTTP/1.1 200 OK"
2026-01-07 13:46:56,423 - INFO - HTTP Request: GET https://planilhaandrieli.jords.site/api/database/rows/table/673/39/?user_field_names=true "HTTP/1.1 200 OK"
2026-01-07 13:46:58,251 - INFO - HTTP Request: GET https://planilhaandrieli.jords.site/api/database/rows/table/677/?user_field_names=true&size=200 "HTTP/1.1 200 OK"
2026-01-07 13:46:58,257 - INFO - HTTP Request: GET https://planilhaandrieli.jords.site/api/database/rows/table/673/?user_field_names=true "HTTP/1.1 200 OK"
2026-01-07 13:46:59,516 - INFO - HTTP Request: GET https://planilhaandrieli.jords.site/api/database/rows/table/677/?user_field_names=true&size=200 "HTTP/1.1 200 OK"
2026-01-07 13:47:07,064 - INFO - HTTP Request: GET https://planilhaandrieli.jords.site/api/database/rows/table/673/?user_field_names=true "HTTP/1.1 200 OK"
2026-01-07 13:47:07,071 - INFO - HTTP Request: GET https://planilhaandrieli.jords.site/api/database/rows/table/673/?user_field_names=true "HTTP/1.1 200 OK"
2026-01-07 13:47:08,802 - INFO - HTTP Request: GET https://planilhaandrieli.jords.site/api/database/rows/table/677/?user_field_names=true&size=200 "HTTP/1.1 200 OK"
2026-01-07 13:47:08,813 - INFO - HTTP Request: GET https://planilhaandrieli.jords.site/api/database/rows/table/677/?user_field_names=true&size=200 "HTTP/1.1 200 OK"
2026-01-07 13:47:10,656 - INFO - HTTP Request: GET https://planilhaandrieli.jords.site/api/database/rows/table/673/?user_field_names=true "HTTP/1.1 200 OK"
2026-01-07 13:47:10,660 - INFO - HTTP Request: GET https://planilhaandrieli.jords.site/api/database/rows/table/673/?user_field_names=true "HTTP/1.1 200 OK"
2026-01-07 13:47:12,407 - INFO - HTTP Request: GET https://planilhaandrieli.jords.site/api/database/rows/table/677/?user_field_names=true&size=200 "HTTP/1.1 200 OK"
2026-01-07 13:47:12,414 - INFO - HTTP Request: GET https://planilhaandrieli.jords.site/api/database/rows/table/677/?user_field_names=true&size=200 "HTTP/1.1 200 OK"
2026-01-07 13:47:19,590 - INFO - HTTP Request: GET https://planilhaandrieli.jords.site/api/database/rows/table/673/?user_field_names=true "HTTP/1.1 200 OK"
2026-01-07 13:47:19,599 - INFO - HTTP Request: GET https://planilhaandrieli.jords.site/api/database/rows/table/673/?user_field_names=true "HTTP/1.1 200 OK"
2026-01-07 13:47:21,790 - INFO - HTTP Request: GET https://planilhaandrieli.jords.site/api/database/rows/table/677/?user_field_names=true&size=200 "HTTP/1.1 200 OK"
2026-01-07 13:47:21,792 - INFO - HTTP Request: GET https://planilhaandrieli.jords.site/api/database/rows/table/677/?user_field_names=true&size=200 "HTTP/1.1 200 OK"
2026-01-07 13:47:24,659 - INFO - HTTP Request: GET https://planilhaandrieli.jords.site/api/database/rows/table/673/?user_field_names=true "HTTP/1.1 200 OK"
2026-01-07 13:47:24,661 - INFO - HTTP Request: GET https://planilhaandrieli.jords.site/api/database/rows/table/673/?user_field_names=true "HTTP/1.1 200 OK"
2026-01-07 13:47:26,617 - INFO - HTTP Request: POST https://webhookandrieli.jords.site/webhook/a6adb0ac-5491-4720-9bec-e87476224b62-CriandoMapaAstral "HTTP/1.1 200 OK"
2026-01-07 13:47:27,241 - INFO - HTTP Request: GET https://planilhaandrieli.jords.site/api/database/rows/table/677/?user_field_names=true&size=200 "HTTP/1.1 200 OK"
2026-01-07 13:47:27,285 - INFO - HTTP Request: GET https://planilhaandrieli.jords.site/api/database/rows/table/677/?user_field_names=true&size=200 "HTTP/1.1 200 OK"
2026-01-07 13:47:27,288 - INFO - HTTP Request: POST https://webhookandrieli.jords.site/webhook/a6adb0ac-5491-4720-9bec-e87476224b62-CriandoMapaAstral "HTTP/1.1 200 OK"
2026-01-07 13:47:29,457 - INFO - HTTP Request: GET https://planilhaandrieli.jords.site/api/database/rows/table/673/?user_field_names=true "HTTP/1.1 200 OK"
2026-01-07 13:47:30,152 - INFO - HTTP Request: GET https://planilhaandrieli.jords.site/api/database/rows/table/673/?user_field_names=true "HTTP/1.1 200 OK"
2026-01-07 13:47:30,154 - INFO - HTTP Request: GET https://planilhaandrieli.jords.site/api/database/rows/table/673/?user_field_names=true "HTTP/1.1 200 OK"
2026-01-07 13:47:30,156 - INFO - HTTP Request: GET https://planilhaandrieli.jords.site/api/database/rows/table/673/?user_field_names=true "HTTP/1.1 200 OK"
2026-01-07 13:47:33,580 - INFO - HTTP Request: GET https://planilhaandrieli.jords.site/api/database/rows/table/677/?user_field_names=true&size=200 "HTTP/1.1 200 OK"
2026-01-07 13:47:33,582 - INFO - HTTP Request: GET https://planilhaandrieli.jords.site/api/database/rows/table/677/?user_field_names=true&size=200 "HTTP/1.1 200 OK"
2026-01-07 13:47:33,659 - INFO - HTTP Request: GET https://planilhaandrieli.jords.site/api/database/rows/table/677/?user_field_names=true&size=200 "HTTP/1.1 200 OK"
2026-01-07 13:47:33,661 - INFO - HTTP Request: GET https://planilhaandrieli.jords.site/api/database/rows/table/677/?user_field_names=true&size=200 "HTTP/1.1 200 OK"
2026-01-07 13:47:37,964 - INFO - HTTP Request: GET https://planilhaandrieli.jords.site/api/database/rows/table/673/?user_field_names=true "HTTP/1.1 200 OK"
2026-01-07 13:47:38,043 - INFO - HTTP Request: GET https://planilhaandrieli.jords.site/api/database/rows/table/673/?user_field_names=true "HTTP/1.1 200 OK"
2026-01-07 13:47:38,939 - INFO - HTTP Request: GET https://planilhaandrieli.jords.site/api/database/rows/table/673/?user_field_names=true "HTTP/1.1 200 OK"
2026-01-07 13:47:38,942 - INFO - HTTP Request: GET https://planilhaandrieli.jords.site/api/database/rows/table/673/?user_field_names=true "HTTP/1.1 200 OK"
2026-01-07 13:47:41,956 - INFO - HTTP Request: POST https://webhookandrieli.jords.site/webhook/a6adb0ac-5491-4720-9bec-e87476224b62-CriandoMapaAstral "HTTP/1.1 200 OK"
2026-01-07 13:47:43,365 - INFO - HTTP Request: GET https://planilhaandrieli.jords.site/api/database/rows/table/677/?user_field_names=true&size=200 "HTTP/1.1 200 OK"
2026-01-07 13:47:43,446 - INFO - HTTP Request: GET https://planilhaandrieli.jords.site/api/database/rows/table/677/?user_field_names=true&size=200 "HTTP/1.1 200 OK"
2026-01-07 13:47:43,451 - INFO - HTTP Request: GET https://planilhaandrieli.jords.site/api/database/rows/table/677/?user_field_names=true&size=200 "HTTP/1.1 200 OK"
2026-01-07 13:47:43,455 - INFO - HTTP Request: GET https://planilhaandrieli.jords.site/api/database/rows/table/677/?user_field_names=true&size=200 "HTTP/1.1 200 OK"
2026-01-07 13:47:44,586 - INFO - HTTP Request: GET https://planilhaandrieli.jords.site/api/database/rows/table/673/?user_field_names=true "HTTP/1.1 200 OK"
2026-01-07 13:47:48,239 - INFO - HTTP Request: GET https://planilhaandrieli.jords.site/api/database/rows/table/677/?user_field_names=true&size=200 "HTTP/1.1 200 OK"
2026-01-07 13:47:48,245 - INFO - HTTP Request: GET https://planilhaandrieli.jords.site/api/database/rows/table/673/?user_field_names=true "HTTP/1.1 200 OK"
2026-01-07 13:47:48,999 - INFO - HTTP Request: GET https://planilhaandrieli.jords.site/api/database/rows/table/673/?user_field_names=true "HTTP/1.1 200 OK"
2026-01-07 13:47:49,002 - INFO - HTTP Request: GET https://planilhaandrieli.jords.site/api/database/rows/table/673/?user_field_names=true "HTTP/1.1 200 OK"
2026-01-07 13:47:51,043 - INFO - HTTP Request: GET https://planilhaandrieli.jords.site/api/database/rows/table/677/?user_field_names=true&size=200 "HTTP/1.1 200 OK"
2026-01-07 13:47:51,053 - INFO - HTTP Request: GET https://planilhaandrieli.jords.site/api/database/rows/table/677/?user_field_names=true&size=200 "HTTP/1.1 200 OK"
2026-01-07 13:47:51,065 - INFO - HTTP Request: GET https://planilhaandrieli.jords.site/api/database/rows/table/677/?user_field_names=true&size=200 "HTTP/1.1 200 OK"
2026-01-07 13:47:52,255 - INFO - HTTP Request: GET https://planilhaandrieli.jords.site/api/database/rows/table/673/?user_field_names=true "HTTP/1.1 200 OK"
2026-01-07 13:47:53,402 - INFO - HTTP Request: GET https://planilhaandrieli.jords.site/api/database/rows/table/677/?user_field_names=true&size=200 "HTTP/1.1 200 OK"
2026-01-07 13:48:04,537 - INFO - HTTP Request: GET https://planilhaandrieli.jords.site/api/database/rows/table/673/?user_field_names=true "HTTP/1.1 200 OK"
2026-01-07 13:48:05,674 - INFO - HTTP Request: GET https://planilhaandrieli.jords.site/api/database/rows/table/677/?user_field_names=true&size=200 "HTTP/1.1 200 OK"
2026-01-07 13:48:12,130 - INFO - HTTP Request: GET https://planilhaandrieli.jords.site/api/database/rows/table/673/?user_field_names=true "HTTP/1.1 200 OK"
2026-01-07 13:48:13,347 - INFO - HTTP Request: GET https://planilhaandrieli.jords.site/api/database/rows/table/677/?user_field_names=true&size=200 "HTTP/1.1 200 OK"
2026-01-07 13:48:20,508 - INFO - HTTP Request: GET https://planilhaandrieli.jords.site/api/database/rows/table/673/?user_field_names=true "HTTP/1.1 200 OK"
2026-01-07 13:48:21,853 - INFO - HTTP Request: GET https://planilhaandrieli.jords.site/api/database/rows/table/677/?user_field_names=true&size=200 "HTTP/1.1 200 OK"
2026-01-07 13:48:31,037 - INFO - HTTP Request: GET https://planilhaandrieli.jords.site/api/database/rows/table/673/?user_field_names=true "HTTP/1.1 200 OK"
2026-01-07 13:48:32,642 - INFO - HTTP Request: GET https://planilhaandrieli.jords.site/api/database/rows/table/677/?user_field_names=true&size=200 "HTTP/1.1 200 OK"
2026-01-07 13:48:39,565 - INFO - HTTP Request: GET https://planilhaandrieli.jords.site/api/database/rows/table/673/?user_field_names=true "HTTP/1.1 200 OK"
2026-01-07 13:48:40,721 - INFO - HTTP Request: GET https://planilhaandrieli.jords.site/api/database/rows/table/677/?user_field_names=true&size=200 "HTTP/1.1 200 OK"
2026-01-07 13:48:47,533 - INFO - HTTP Request: GET https://planilhaandrieli.jords.site/api/database/rows/table/673/?user_field_names=true "HTTP/1.1 200 OK"
2026-01-07 13:48:48,837 - INFO - HTTP Request: GET https://planilhaandrieli.jords.site/api/database/rows/table/677/?user_field_names=true&size=200 "HTTP/1.1 200 OK"
2026-01-07 13:48:55,564 - INFO - HTTP Request: GET https://planilhaandrieli.jords.site/api/database/rows/table/673/?user_field_names=true "HTTP/1.1 200 OK"
2026-01-07 13:48:56,655 - INFO - HTTP Request: GET https://planilhaandrieli.jords.site/api/database/rows/table/677/?user_field_names=true&size=200 "HTTP/1.1 200 OK"
2026-01-07 13:49:03,128 - INFO - HTTP Request: POST https://webhookandrieli.jords.site/webhook/a6adb0ac-5491-4720-9bec-e87476224b62-CriandoMapaAstral "HTTP/1.1 200 OK"
2026-01-07 13:49:04,042 - INFO - HTTP Request: GET https://planilhaandrieli.jords.site/api/database/rows/table/673/?user_field_names=true "HTTP/1.1 200 OK"
2026-01-07 13:49:04,760 - INFO - HTTP Request: GET https://planilhaandrieli.jords.site/api/database/rows/table/673/?user_field_names=true "HTTP/1.1 200 OK"
2026-01-07 13:49:05,785 - INFO - HTTP Request: GET https://planilhaandrieli.jords.site/api/database/rows/table/677/?user_field_names=true&size=200 "HTTP/1.1 200 OK"
2026-01-07 13:49:05,797 - INFO - HTTP Request: GET https://planilhaandrieli.jords.site/api/database/rows/table/677/?user_field_names=true&size=200 "HTTP/1.1 200 OK"
2026-01-07 13:50:57,997 - INFO - HTTP Request: PATCH https://planilhaandrieli.jords.site/api/database/rows/table/673/39/?user_field_names=true "HTTP/1.1 200 OK"
2026-01-07 13:50:59,108 - INFO - HTTP Request: GET https://planilhaandrieli.jords.site/api/database/rows/table/677/?user_field_names=true&search=98032532 "HTTP/1.1 200 OK"
2026-01-07 13:50:59,336 - INFO - HTTP Request: PATCH https://planilhaandrieli.jords.site/api/database/rows/table/677/21/?user_field_names=true "HTTP/1.1 200 OK"
2026-01-07 13:51:00,756 - INFO - HTTP Request: GET https://planilhaandrieli.jords.site/api/database/rows/table/673/39/?user_field_names=true "HTTP/1.1 200 OK"
2026-01-07 13:51:02,302 - INFO - HTTP Request: GET https://planilhaandrieli.jords.site/api/database/rows/table/673/?user_field_names=true "HTTP/1.1 200 OK"
2026-01-07 13:51:03,569 - INFO - HTTP Request: GET https://planilhaandrieli.jords.site/api/database/rows/table/677/?user_field_names=true&size=200 "HTTP/1.1 200 OK"
2026-01-07 13:52:56,196 - INFO - HTTP Request: GET https://planilhaandrieli.jords.site/api/database/rows/table/673/?user_field_names=true "HTTP/1.1 200 OK"
2026-01-07 13:52:56,198 - INFO - HTTP Request: GET https://planilhaandrieli.jords.site/api/database/rows/table/673/?user_field_names=true "HTTP/1.1 200 OK"
2026-01-07 13:52:58,639 - INFO - HTTP Request: GET https://planilhaandrieli.jords.site/api/database/rows/table/677/?user_field_names=true&size=200 "HTTP/1.1 200 OK"
2026-01-07 13:52:58,643 - INFO - HTTP Request: GET https://planilhaandrieli.jords.site/api/database/rows/table/677/?user_field_names=true&size=200 "HTTP/1.1 200 OK"
2026-01-07 13:55:07,441 - INFO - HTTP Request: GET https://planilhaandrieli.jords.site/api/database/rows/table/673/?user_field_names=true "HTTP/1.1 200 OK"
2026-01-07 13:55:07,444 - INFO - HTTP Request: GET https://planilhaandrieli.jords.site/api/database/rows/table/673/?user_field_names=true "HTTP/1.1 200 OK"
2026-01-07 13:55:10,094 - INFO - HTTP Request: GET https://planilhaandrieli.jords.site/api/database/rows/table/677/?user_field_names=true&size=200 "HTTP/1.1 200 OK"
2026-01-07 13:55:10,097 - INFO - HTTP Request: GET https://planilhaandrieli.jords.site/api/database/rows/table/677/?user_field_names=true&size=200 "HTTP/1.1 200 OK"
2026-01-07 13:56:22,620 - INFO - HTTP Request: PATCH https://planilhaandrieli.jords.site/api/database/rows/table/673/64/?user_field_names=true "HTTP/1.1 200 OK"
2026-01-07 13:56:23,732 - INFO - HTTP Request: GET https://planilhaandrieli.jords.site/api/database/rows/table/677/?user_field_names=true&search=33884112 "HTTP/1.1 200 OK"
2026-01-07 13:56:23,943 - INFO - HTTP Request: POST https://planilhaandrieli.jords.site/api/database/rows/table/677/?user_field_names=true "HTTP/1.1 200 OK"
2026-01-07 13:56:25,406 - INFO - HTTP Request: GET https://planilhaandrieli.jords.site/api/database/rows/table/673/64/?user_field_names=true "HTTP/1.1 200 OK"
2026-01-07 13:56:27,005 - INFO - HTTP Request: GET https://planilhaandrieli.jords.site/api/database/rows/table/673/?user_field_names=true "HTTP/1.1 200 OK"
2026-01-07 13:56:28,187 - INFO - HTTP Request: GET https://planilhaandrieli.jords.site/api/database/rows/table/677/?user_field_names=true&size=200 "HTTP/1.1 200 OK"
2026-01-07 13:56:42,409 - INFO - HTTP Request: PATCH https://planilhaandrieli.jords.site/api/database/rows/table/673/64/?user_field_names=true "HTTP/1.1 200 OK"
2026-01-07 13:56:43,820 - INFO - HTTP Request: GET https://planilhaandrieli.jords.site/api/database/rows/table/677/?user_field_names=true&search=33884112 "HTTP/1.1 200 OK"
2026-01-07 13:56:44,041 - INFO - HTTP Request: PATCH https://planilhaandrieli.jords.site/api/database/rows/table/677/34/?user_field_names=true "HTTP/1.1 200 OK"
2026-01-07 13:56:45,603 - INFO - HTTP Request: GET https://planilhaandrieli.jords.site/api/database/rows/table/673/64/?user_field_names=true "HTTP/1.1 200 OK"
2026-01-07 13:56:46,947 - INFO - HTTP Request: GET https://planilhaandrieli.jords.site/api/database/rows/table/673/?user_field_names=true "HTTP/1.1 200 OK"
2026-01-07 13:56:48,273 - INFO - HTTP Request: GET https://planilhaandrieli.jords.site/api/database/rows/table/677/?user_field_names=true&size=200 "HTTP/1.1 200 OK"
2026-01-07 13:57:12,711 - INFO - HTTP Request: PATCH https://planilhaandrieli.jords.site/api/database/rows/table/673/64/?user_field_names=true "HTTP/1.1 200 OK"
2026-01-07 13:57:13,711 - INFO - HTTP Request: GET https://planilhaandrieli.jords.site/api/database/rows/table/677/?user_field_names=true&search=33884112 "HTTP/1.1 200 OK"
2026-01-07 13:57:13,929 - INFO - HTTP Request: PATCH https://planilhaandrieli.jords.site/api/database/rows/table/677/34/?user_field_names=true "HTTP/1.1 200 OK"
2026-01-07 13:57:15,095 - INFO - HTTP Request: GET https://planilhaandrieli.jords.site/api/database/rows/table/673/64/?user_field_names=true "HTTP/1.1 200 OK"
2026-01-07 13:57:16,434 - INFO - HTTP Request: GET https://planilhaandrieli.jords.site/api/database/rows/table/673/?user_field_names=true "HTTP/1.1 200 OK"
2026-01-07 13:57:17,707 - INFO - HTTP Request: GET https://planilhaandrieli.jords.site/api/database/rows/table/677/?user_field_names=true&size=200 "HTTP/1.1 200 OK"
2026-01-07 14:00:04,102 - INFO - HTTP Request: GET https://graph.facebook.com/v19.0/846524264927906/message_templates?limit=100 "HTTP/1.1 200 OK"
2026-01-07 14:00:05,436 - INFO - HTTP Request: GET https://graph.facebook.com/v19.0/846524264927906/message_templates?limit=100 "HTTP/1.1 200 OK"
2026-01-07 14:27:24,596 - INFO - HTTP Request: GET https://planilhaandrieli.jords.site/api/database/rows/table/673/?user_field_names=true "HTTP/1.1 200 OK"
2026-01-07 14:27:24,604 - INFO - HTTP Request: GET https://planilhaandrieli.jords.site/api/database/rows/table/673/?user_field_names=true "HTTP/1.1 200 OK"
2026-01-07 14:27:26,462 - INFO - HTTP Request: GET https://planilhaandrieli.jords.site/api/database/rows/table/677/?user_field_names=true&size=200 "HTTP/1.1 200 OK"
2026-01-07 14:27:26,463 - INFO - HTTP Request: GET https://planilhaandrieli.jords.site/api/database/rows/table/677/?user_field_names=true&size=200 "HTTP/1.1 200 OK"
2026-01-07 14:29:17,273 - INFO - HTTP Request: GET https://planilhaandrieli.jords.site/api/database/rows/table/673/65/?user_field_names=true "HTTP/1.1 200 OK"
2026-01-07 14:29:22,241 - INFO - HTTP Request: GET https://planilhaandrieli.jords.site/api/database/rows/table/673/?user_field_names=true "HTTP/1.1 200 OK"
2026-01-07 14:29:23,449 - INFO - HTTP Request: GET https://planilhaandrieli.jords.site/api/database/rows/table/677/?user_field_names=true&size=200 "HTTP/1.1 200 OK"
2026-01-07 14:31:39,971 - INFO - HTTP Request: POST https://webhookandrieli.jords.site/webhook/a6adb0ac-5491-4720-9bec-e87476224b62-CriandoMapaAstral "HTTP/1.1 200 OK"
2026-01-07 14:31:41,019 - INFO - HTTP Request: GET https://planilhaandrieli.jords.site/api/database/rows/table/673/?user_field_names=true "HTTP/1.1 200 OK"
2026-01-07 14:31:42,222 - INFO - HTTP Request: GET https://planilhaandrieli.jords.site/api/database/rows/table/677/?user_field_names=true&size=200 "HTTP/1.1 200 OK"
2026-01-07 14:32:16,728 - INFO - HTTP Request: GET https://planilhaandrieli.jords.site/api/database/rows/table/673/?user_field_names=true "HTTP/1.1 200 OK"
2026-01-07 14:32:17,941 - INFO - HTTP Request: GET https://planilhaandrieli.jords.site/api/database/rows/table/677/?user_field_names=true&size=200 "HTTP/1.1 200 OK"
2026-01-07 14:34:23,168 - INFO - HTTP Request: GET https://planilhaandrieli.jords.site/api/database/rows/table/673/?user_field_names=true "HTTP/1.1 200 OK"
2026-01-07 14:34:23,177 - INFO - HTTP Request: GET https://planilhaandrieli.jords.site/api/database/rows/table/673/?user_field_names=true "HTTP/1.1 200 OK"
2026-01-07 14:34:24,992 - INFO - HTTP Request: GET https://planilhaandrieli.jords.site/api/database/rows/table/677/?user_field_names=true&size=200 "HTTP/1.1 200 OK"
2026-01-07 14:34:25,008 - INFO - HTTP Request: GET https://planilhaandrieli.jords.site/api/database/rows/table/677/?user_field_names=true&size=200 "HTTP/1.1 200 OK"
2026-01-07 14:37:02,793 - INFO - HTTP Request: PATCH https://planilhaandrieli.jords.site/api/database/rows/table/673/65/?user_field_names=true "HTTP/1.1 200 OK"
2026-01-07 14:37:03,966 - INFO - HTTP Request: GET https://planilhaandrieli.jords.site/api/database/rows/table/677/?user_field_names=true&search=91707527 "HTTP/1.1 200 OK"
2026-01-07 14:37:04,174 - INFO - HTTP Request: PATCH https://planilhaandrieli.jords.site/api/database/rows/table/677/35/?user_field_names=true "HTTP/1.1 200 OK"
2026-01-07 14:37:05,213 - INFO - HTTP Request: GET https://planilhaandrieli.jords.site/api/database/rows/table/673/65/?user_field_names=true "HTTP/1.1 200 OK"
2026-01-07 14:37:06,289 - INFO - HTTP Request: GET https://planilhaandrieli.jords.site/api/database/rows/table/673/?user_field_names=true "HTTP/1.1 200 OK"
2026-01-07 14:37:07,526 - INFO - HTTP Request: GET https://planilhaandrieli.jords.site/api/database/rows/table/677/?user_field_names=true&size=200 "HTTP/1.1 200 OK"
2026-01-07 14:41:05,239 - INFO - HTTP Request: GET https://graph.facebook.com/v19.0/846524264927906/message_templates?limit=100 "HTTP/1.1 200 OK"
2026-01-07 14:41:06,452 - INFO - HTTP Request: GET https://graph.facebook.com/v19.0/846524264927906/message_templates?limit=100 "HTTP/1.1 200 OK"
2026-01-07 14:47:00,094 - INFO - HTTP Request: GET https://planilhaandrieli.jords.site/api/database/rows/table/673/?user_field_names=true "HTTP/1.1 200 OK"
2026-01-07 14:47:00,096 - INFO - HTTP Request: GET https://planilhaandrieli.jords.site/api/database/rows/table/673/?user_field_names=true "HTTP/1.1 200 OK"
2026-01-07 14:47:01,941 - INFO - HTTP Request: GET https://planilhaandrieli.jords.site/api/database/rows/table/677/?user_field_names=true&size=200 "HTTP/1.1 200 OK"
2026-01-07 14:47:01,943 - INFO - HTTP Request: GET https://planilhaandrieli.jords.site/api/database/rows/table/677/?user_field_names=true&size=200 "HTTP/1.1 200 OK"
2026-01-07 14:47:16,817 - INFO - HTTP Request: GET https://planilhaandrieli.jords.site/api/database/rows/table/673/?user_field_names=true "HTTP/1.1 200 OK"
2026-01-07 14:47:17,968 - INFO - HTTP Request: GET https://planilhaandrieli.jords.site/api/database/rows/table/677/?user_field_names=true&size=200 "HTTP/1.1 200 OK"
2026-01-07 14:51:37,359 - INFO - HTTP Request: GET https://planilhaandrieli.jords.site/api/database/rows/table/673/65/?user_field_names=true "HTTP/1.1 200 OK"
2026-01-07 14:51:44,659 - INFO - HTTP Request: GET https://planilhaandrieli.jords.site/api/database/rows/table/673/?user_field_names=true "HTTP/1.1 200 OK"
2026-01-07 14:51:45,807 - INFO - HTTP Request: GET https://planilhaandrieli.jords.site/api/database/rows/table/677/?user_field_names=true&size=200 "HTTP/1.1 200 OK"
2026-01-07 14:51:52,538 - INFO - HTTP Request: GET https://planilhaandrieli.jords.site/api/database/rows/table/673/?user_field_names=true "HTTP/1.1 200 OK"
2026-01-07 14:51:53,708 - INFO - HTTP Request: GET https://planilhaandrieli.jords.site/api/database/rows/table/677/?user_field_names=true&size=200 "HTTP/1.1 200 OK"
2026-01-07 14:52:00,134 - INFO - HTTP Request: GET https://planilhaandrieli.jords.site/api/database/rows/table/673/?user_field_names=true "HTTP/1.1 200 OK"
2026-01-07 14:52:01,327 - INFO - HTTP Request: GET https://planilhaandrieli.jords.site/api/database/rows/table/677/?user_field_names=true&size=200 "HTTP/1.1 200 OK"
2026-01-07 14:52:09,469 - INFO - HTTP Request: GET https://planilhaandrieli.jords.site/api/database/rows/table/673/?user_field_names=true "HTTP/1.1 200 OK"
2026-01-07 14:52:10,601 - INFO - HTTP Request: GET https://planilhaandrieli.jords.site/api/database/rows/table/677/?user_field_names=true&size=200 "HTTP/1.1 200 OK"
2026-01-07 14:52:17,051 - INFO - HTTP Request: GET https://planilhaandrieli.jords.site/api/database/rows/table/673/?user_field_names=true "HTTP/1.1 200 OK"
2026-01-07 14:52:18,194 - INFO - HTTP Request: GET https://planilhaandrieli.jords.site/api/database/rows/table/677/?user_field_names=true&size=200 "HTTP/1.1 200 OK"
2026-01-07 14:52:24,594 - INFO - HTTP Request: GET https://planilhaandrieli.jords.site/api/database/rows/table/673/?user_field_names=true "HTTP/1.1 200 OK"
2026-01-07 14:52:25,811 - INFO - HTTP Request: GET https://planilhaandrieli.jords.site/api/database/rows/table/677/?user_field_names=true&size=200 "HTTP/1.1 200 OK"
2026-01-07 14:52:32,260 - INFO - HTTP Request: GET https://planilhaandrieli.jords.site/api/database/rows/table/673/?user_field_names=true "HTTP/1.1 200 OK"
2026-01-07 14:52:33,496 - INFO - HTTP Request: GET https://planilhaandrieli.jords.site/api/database/rows/table/677/?user_field_names=true&size=200 "HTTP/1.1 200 OK"
2026-01-07 14:52:41,368 - INFO - HTTP Request: GET https://planilhaandrieli.jords.site/api/database/rows/table/673/?user_field_names=true "HTTP/1.1 200 OK"
2026-01-07 14:52:42,447 - INFO - HTTP Request: GET https://planilhaandrieli.jords.site/api/database/rows/table/677/?user_field_names=true&size=200 "HTTP/1.1 200 OK"
2026-01-07 14:52:48,861 - INFO - HTTP Request: GET https://planilhaandrieli.jords.site/api/database/rows/table/673/?user_field_names=true "HTTP/1.1 200 OK"
2026-01-07 14:52:50,028 - INFO - HTTP Request: GET https://planilhaandrieli.jords.site/api/database/rows/table/677/?user_field_names=true&size=200 "HTTP/1.1 200 OK"
2026-01-07 14:52:56,483 - INFO - HTTP Request: GET https://planilhaandrieli.jords.site/api/database/rows/table/673/?user_field_names=true "HTTP/1.1 200 OK"
2026-01-07 14:52:57,689 - INFO - HTTP Request: GET https://planilhaandrieli.jords.site/api/database/rows/table/677/?user_field_names=true&size=200 "HTTP/1.1 200 OK"
2026-01-07 14:53:04,108 - INFO - HTTP Request: GET https://planilhaandrieli.jords.site/api/database/rows/table/673/?user_field_names=true "HTTP/1.1 200 OK"
2026-01-07 14:53:05,315 - INFO - HTTP Request: GET https://planilhaandrieli.jords.site/api/database/rows/table/677/?user_field_names=true&size=200 "HTTP/1.1 200 OK"
2026-01-07 14:53:11,707 - INFO - HTTP Request: GET https://planilhaandrieli.jords.site/api/database/rows/table/673/?user_field_names=true "HTTP/1.1 200 OK"
2026-01-07 14:53:12,895 - INFO - HTTP Request: GET https://planilhaandrieli.jords.site/api/database/rows/table/677/?user_field_names=true&size=200 "HTTP/1.1 200 OK"
2026-01-07 14:53:19,183 - INFO - HTTP Request: GET https://planilhaandrieli.jords.site/api/database/rows/table/673/?user_field_names=true "HTTP/1.1 200 OK"
2026-01-07 14:53:20,360 - INFO - HTTP Request: GET https://planilhaandrieli.jords.site/api/database/rows/table/677/?user_field_names=true&size=200 "HTTP/1.1 200 OK"
2026-01-07 14:53:26,640 - INFO - HTTP Request: GET https://planilhaandrieli.jords.site/api/database/rows/table/673/?user_field_names=true "HTTP/1.1 200 OK"
2026-01-07 14:53:27,848 - INFO - HTTP Request: GET https://planilhaandrieli.jords.site/api/database/rows/table/677/?user_field_names=true&size=200 "HTTP/1.1 200 OK"
2026-01-07 14:53:34,274 - INFO - HTTP Request: GET https://planilhaandrieli.jords.site/api/database/rows/table/673/?user_field_names=true "HTTP/1.1 200 OK"
2026-01-07 14:53:35,422 - INFO - HTTP Request: GET https://planilhaandrieli.jords.site/api/database/rows/table/677/?user_field_names=true&size=200 "HTTP/1.1 200 OK"
2026-01-07 14:53:46,009 - INFO - HTTP Request: GET https://planilhaandrieli.jords.site/api/database/rows/table/673/?user_field_names=true "HTTP/1.1 200 OK"
2026-01-07 14:53:47,224 - INFO - HTTP Request: GET https://planilhaandrieli.jords.site/api/database/rows/table/677/?user_field_names=true&size=200 "HTTP/1.1 200 OK"
2026-01-07 14:53:49,233 - INFO - HTTP Request: POST https://webhookandrieli.jords.site/webhook/a6adb0ac-5491-4720-9bec-e87476224b62-CriandoMapaAstral "HTTP/1.1 200 OK"
2026-01-07 14:53:50,282 - INFO - HTTP Request: GET https://planilhaandrieli.jords.site/api/database/rows/table/673/?user_field_names=true "HTTP/1.1 200 OK"
2026-01-07 14:53:51,536 - INFO - HTTP Request: GET https://planilhaandrieli.jords.site/api/database/rows/table/677/?user_field_names=true&size=200 "HTTP/1.1 200 OK"
2026-01-07 15:44:57,103 - INFO - HTTP Request: GET https://planilhaandrieli.jords.site/api/database/rows/table/673/?user_field_names=true "HTTP/1.1 200 OK"
2026-01-07 15:44:57,110 - INFO - HTTP Request: GET https://planilhaandrieli.jords.site/api/database/rows/table/673/?user_field_names=true "HTTP/1.1 200 OK"
2026-01-07 15:44:58,870 - INFO - HTTP Request: GET https://planilhaandrieli.jords.site/api/database/rows/table/677/?user_field_names=true&size=200 "HTTP/1.1 200 OK"
2026-01-07 15:44:58,871 - INFO - HTTP Request: GET https://planilhaandrieli.jords.site/api/database/rows/table/677/?user_field_names=true&size=200 "HTTP/1.1 200 OK"
2026-01-07 15:46:35,400 - INFO - HTTP Request: GET https://planilhaandrieli.jords.site/api/database/rows/table/673/?user_field_names=true "HTTP/1.1 200 OK"
2026-01-07 15:46:36,645 - INFO - HTTP Request: GET https://planilhaandrieli.jords.site/api/database/rows/table/677/?user_field_names=true&size=200 "HTTP/1.1 200 OK"
2026-01-07 16:03:24,022 - INFO - HTTP Request: GET https://planilhaandrieli.jords.site/api/database/rows/table/673/?user_field_names=true "HTTP/1.1 200 OK"
2026-01-07 16:03:25,301 - INFO - HTTP Request: GET https://planilhaandrieli.jords.site/api/database/rows/table/677/?user_field_names=true&size=200 "HTTP/1.1 200 OK"
2026-01-07 16:03:36,129 - INFO - HTTP Request: GET https://planilhaandrieli.jords.site/api/database/rows/table/673/?user_field_names=true "HTTP/1.1 200 OK"
2026-01-07 16:03:37,381 - INFO - HTTP Request: GET https://planilhaandrieli.jords.site/api/database/rows/table/677/?user_field_names=true&size=200 "HTTP/1.1 200 OK"
2026-01-07 16:03:40,424 - INFO - HTTP Request: GET https://planilhaandrieli.jords.site/api/database/rows/table/673/?user_field_names=true "HTTP/1.1 200 OK"
2026-01-07 16:03:41,263 - INFO - HTTP Request: GET https://planilhaandrieli.jords.site/api/database/rows/table/677/?user_field_names=true&size=200 "HTTP/1.1 200 OK"
2026-01-07 16:03:53,336 - INFO - HTTP Request: GET https://planilhaandrieli.jords.site/api/database/rows/table/673/?user_field_names=true "HTTP/1.1 200 OK"
2026-01-07 16:03:54,575 - INFO - HTTP Request: GET https://planilhaandrieli.jords.site/api/database/rows/table/677/?user_field_names=true&size=200 "HTTP/1.1 200 OK"
2026-01-07 16:03:58,033 - INFO - HTTP Request: GET https://planilhaandrieli.jords.site/api/database/rows/table/673/?user_field_names=true "HTTP/1.1 200 OK"
2026-01-07 16:03:59,240 - INFO - HTTP Request: GET https://planilhaandrieli.jords.site/api/database/rows/table/677/?user_field_names=true&size=200 "HTTP/1.1 200 OK"
2026-01-07 16:05:56,416 - INFO - HTTP Request: GET https://planilhaandrieli.jords.site/api/database/rows/table/673/?user_field_names=true "HTTP/1.1 200 OK"
2026-01-07 16:05:57,667 - INFO - HTTP Request: GET https://planilhaandrieli.jords.site/api/database/rows/table/677/?user_field_names=true&size=200 "HTTP/1.1 200 OK"
2026-01-07 16:07:37,923 - INFO - HTTP Request: GET https://planilhaandrieli.jords.site/api/database/rows/table/673/?user_field_names=true "HTTP/1.1 200 OK"
2026-01-07 16:07:39,132 - INFO - HTTP Request: GET https://planilhaandrieli.jords.site/api/database/rows/table/677/?user_field_names=true&size=200 "HTTP/1.1 200 OK"
2026-01-07 16:07:52,770 - INFO - HTTP Request: GET https://planilhaandrieli.jords.site/api/database/rows/table/673/?user_field_names=true "HTTP/1.1 200 OK"
2026-01-07 16:07:53,611 - INFO - HTTP Request: GET https://planilhaandrieli.jords.site/api/database/rows/table/677/?user_field_names=true&size=200 "HTTP/1.1 200 OK"
2026-01-07 17:27:39,790 - INFO - HTTP Request: GET https://planilhaandrieli.jords.site/api/database/rows/table/673/?user_field_names=true "HTTP/1.1 200 OK"
2026-01-07 17:27:40,967 - INFO - HTTP Request: GET https://planilhaandrieli.jords.site/api/database/rows/table/677/?user_field_names=true&size=200 "HTTP/1.1 200 OK"
2026-01-07 17:27:44,474 - INFO - HTTP Request: GET https://planilhaandrieli.jords.site/api/database/rows/table/673/?user_field_names=true "HTTP/1.1 200 OK"
2026-01-07 17:27:45,665 - INFO - HTTP Request: GET https://planilhaandrieli.jords.site/api/database/rows/table/677/?user_field_names=true&size=200 "HTTP/1.1 200 OK"
2026-01-07 17:31:26,500 - INFO - HTTP Request: GET https://planilhaandrieli.jords.site/api/database/rows/table/673/?user_field_names=true "HTTP/1.1 200 OK"
2026-01-07 17:31:27,347 - INFO - HTTP Request: GET https://planilhaandrieli.jords.site/api/database/rows/table/677/?user_field_names=true&size=200 "HTTP/1.1 200 OK"
2026-01-07 17:31:30,780 - INFO - HTTP Request: GET https://planilhaandrieli.jords.site/api/database/rows/table/673/?user_field_names=true "HTTP/1.1 200 OK"
2026-01-07 17:31:31,608 - INFO - HTTP Request: GET https://planilhaandrieli.jords.site/api/database/rows/table/677/?user_field_names=true&size=200 "HTTP/1.1 200 OK"
2026-01-07 17:32:01,519 - INFO - HTTP Request: GET https://planilhaandrieli.jords.site/api/database/rows/table/673/?user_field_names=true "HTTP/1.1 200 OK"
2026-01-07 17:32:02,767 - INFO - HTTP Request: GET https://planilhaandrieli.jords.site/api/database/rows/table/677/?user_field_names=true&size=200 "HTTP/1.1 200 OK"
2026-01-07 17:32:06,191 - INFO - HTTP Request: GET https://planilhaandrieli.jords.site/api/database/rows/table/673/?user_field_names=true "HTTP/1.1 200 OK"
2026-01-07 17:32:07,582 - INFO - HTTP Request: GET https://planilhaandrieli.jords.site/api/database/rows/table/677/?user_field_names=true&size=200 "HTTP/1.1 200 OK"
2026-01-07 17:39:13,134 - INFO - HTTP Request: GET https://planilhaandrieli.jords.site/api/database/rows/table/677/?user_field_names=true&size=200 "HTTP/1.1 200 OK"
2026-01-07 17:39:13,151 - INFO - HTTP Request: GET https://planilhaandrieli.jords.site/api/database/rows/table/673/?user_field_names=true "HTTP/1.1 200 OK"
2026-01-07 17:39:13,362 - INFO - HTTP Request: GET https://planilhaandrieli.jords.site/api/database/rows/table/677/?user_field_names=true&size=200 "HTTP/1.1 200 OK"
2026-01-07 17:39:13,384 - INFO - HTTP Request: GET https://planilhaandrieli.jords.site/api/database/rows/table/673/?user_field_names=true "HTTP/1.1 200 OK"
2026-01-07 17:39:40,959 - INFO - HTTP Request: GET https://planilhaandrieli.jords.site/api/database/rows/table/677/?user_field_names=true&size=200 "HTTP/1.1 200 OK"
2026-01-07 17:39:40,968 - INFO - HTTP Request: GET https://planilhaandrieli.jords.site/api/database/rows/table/673/?user_field_names=true "HTTP/1.1 200 OK"
2026-01-07 17:39:44,831 - INFO - HTTP Request: GET https://planilhaandrieli.jords.site/api/database/rows/table/677/?user_field_names=true&size=200 "HTTP/1.1 200 OK"
2026-01-07 17:39:44,831 - INFO - HTTP Request: GET https://planilhaandrieli.jords.site/api/database/rows/table/673/?user_field_names=true "HTTP/1.1 200 OK"
2026-01-07 17:40:11,962 - INFO - HTTP Request: GET https://planilhaandrieli.jords.site/api/database/rows/table/677/?user_field_names=true&size=200 "HTTP/1.1 200 OK"
2026-01-07 17:40:11,965 - INFO - HTTP Request: GET https://planilhaandrieli.jords.site/api/database/rows/table/673/?user_field_names=true "HTTP/1.1 200 OK"
2026-01-07 17:40:12,371 - INFO - HTTP Request: GET https://planilhaandrieli.jords.site/api/database/rows/table/677/?user_field_names=true&size=200 "HTTP/1.1 200 OK"
2026-01-07 17:40:12,393 - INFO - HTTP Request: GET https://planilhaandrieli.jords.site/api/database/rows/table/673/?user_field_names=true "HTTP/1.1 200 OK"
2026-01-07 17:41:47,874 - INFO - HTTP Request: GET https://planilhaandrieli.jords.site/api/database/rows/table/677/?user_field_names=true&size=200 "HTTP/1.1 200 OK"
2026-01-07 17:41:47,916 - INFO - HTTP Request: GET https://planilhaandrieli.jords.site/api/database/rows/table/673/?user_field_names=true "HTTP/1.1 200 OK"
2026-01-07 17:41:54,241 - INFO - HTTP Request: GET https://planilhaandrieli.jords.site/api/database/rows/table/677/?user_field_names=true&size=200 "HTTP/1.1 200 OK"
2026-01-07 17:41:54,282 - INFO - HTTP Request: GET https://planilhaandrieli.jords.site/api/database/rows/table/673/?user_field_names=true "HTTP/1.1 200 OK"
2026-01-07 17:41:59,648 - INFO - HTTP Request: GET https://planilhaandrieli.jords.site/api/database/rows/table/677/?user_field_names=true&size=200 "HTTP/1.1 200 OK"
2026-01-07 17:41:59,651 - INFO - HTTP Request: GET https://planilhaandrieli.jords.site/api/database/rows/table/673/?user_field_names=true "HTTP/1.1 200 OK"
2026-01-07 17:42:00,054 - INFO - HTTP Request: GET https://planilhaandrieli.jords.site/api/database/rows/table/677/?user_field_names=true&size=200 "HTTP/1.1 200 OK"
2026-01-07 17:42:00,060 - INFO - HTTP Request: GET https://planilhaandrieli.jords.site/api/database/rows/table/673/?user_field_names=true "HTTP/1.1 200 OK"
2026-01-07 17:44:12,640 - INFO - HTTP Request: GET https://planilhaandrieli.jords.site/api/database/rows/table/673/?user_field_names=true "HTTP/1.1 200 OK"
2026-01-07 17:44:12,642 - INFO - HTTP Request: GET https://planilhaandrieli.jords.site/api/database/rows/table/677/?user_field_names=true&size=200 "HTTP/1.1 200 OK"
2026-01-07 17:44:30,218 - INFO - HTTP Request: GET https://planilhaandrieli.jords.site/api/database/rows/table/677/?user_field_names=true&size=200 "HTTP/1.1 200 OK"
2026-01-07 17:44:30,281 - INFO - HTTP Request: GET https://planilhaandrieli.jords.site/api/database/rows/table/673/?user_field_names=true "HTTP/1.1 200 OK"
2026-01-07 17:44:39,485 - INFO - HTTP Request: GET https://planilhaandrieli.jords.site/api/database/rows/table/677/?user_field_names=true&size=200 "HTTP/1.1 200 OK"
2026-01-07 17:44:39,491 - INFO - HTTP Request: GET https://planilhaandrieli.jords.site/api/database/rows/table/673/?user_field_names=true "HTTP/1.1 200 OK"
2026-01-07 17:45:04,440 - INFO - HTTP Request: GET https://planilhaandrieli.jords.site/api/database/rows/table/677/?user_field_names=true&size=200 "HTTP/1.1 200 OK"
2026-01-07 17:45:04,449 - INFO - HTTP Request: GET https://planilhaandrieli.jords.site/api/database/rows/table/673/?user_field_names=true "HTTP/1.1 200 OK"
2026-01-07 17:45:08,367 - INFO - HTTP Request: GET https://planilhaandrieli.jords.site/api/database/rows/table/677/?user_field_names=true&size=200 "HTTP/1.1 200 OK"
2026-01-07 17:45:08,379 - INFO - HTTP Request: GET https://planilhaandrieli.jords.site/api/database/rows/table/673/?user_field_names=true "HTTP/1.1 200 OK"
2026-01-07 17:45:16,882 - INFO - HTTP Request: PATCH https://planilhaandrieli.jords.site/api/database/rows/table/673/65/?user_field_names=true "HTTP/1.1 200 OK"
2026-01-07 17:45:17,944 - INFO - HTTP Request: GET https://planilhaandrieli.jords.site/api/database/rows/table/677/?user_field_names=true&search=91707527 "HTTP/1.1 200 OK"
2026-01-07 17:45:18,179 - INFO - HTTP Request: PATCH https://planilhaandrieli.jords.site/api/database/rows/table/677/35/?user_field_names=true "HTTP/1.1 200 OK"
2026-01-07 17:45:19,193 - ERROR - ⚠️ Erro ao invalidar cache: Timeout connecting to server
2026-01-07 17:45:20,226 - INFO - HTTP Request: GET https://planilhaandrieli.jords.site/api/database/rows/table/673/65/?user_field_names=true "HTTP/1.1 200 OK"
2026-01-07 17:45:21,917 - INFO - HTTP Request: GET https://planilhaandrieli.jords.site/api/database/rows/table/677/?user_field_names=true&size=200 "HTTP/1.1 200 OK"
2026-01-07 17:45:21,930 - INFO - HTTP Request: GET https://planilhaandrieli.jords.site/api/database/rows/table/673/?user_field_names=true "HTTP/1.1 200 OK"
2026-01-07 17:45:31,066 - INFO - HTTP Request: PATCH https://planilhaandrieli.jords.site/api/database/rows/table/673/65/?user_field_names=true "HTTP/1.1 200 OK"
2026-01-07 17:45:32,109 - INFO - HTTP Request: GET https://planilhaandrieli.jords.site/api/database/rows/table/677/?user_field_names=true&search=91707527 "HTTP/1.1 200 OK"
2026-01-07 17:45:32,397 - INFO - HTTP Request: PATCH https://planilhaandrieli.jords.site/api/database/rows/table/677/35/?user_field_names=true "HTTP/1.1 200 OK"
2026-01-07 17:45:33,409 - ERROR - ⚠️ Erro ao invalidar cache: Timeout connecting to server
2026-01-07 17:45:34,285 - INFO - HTTP Request: GET https://planilhaandrieli.jords.site/api/database/rows/table/673/65/?user_field_names=true "HTTP/1.1 200 OK"
2026-01-07 17:45:35,098 - INFO - HTTP Request: GET https://planilhaandrieli.jords.site/api/database/rows/table/677/?user_field_names=true&size=200 "HTTP/1.1 200 OK"
2026-01-07 17:45:35,103 - INFO - HTTP Request: GET https://planilhaandrieli.jords.site/api/database/rows/table/673/?user_field_names=true "HTTP/1.1 200 OK"
2026-01-07 17:45:59,767 - INFO - HTTP Request: GET https://planilhaandrieli.jords.site/api/database/rows/table/673/65/?user_field_names=true "HTTP/1.1 200 OK"
2026-01-07 17:46:07,310 - INFO - HTTP Request: GET https://planilhaandrieli.jords.site/api/database/rows/table/677/?user_field_names=true&size=200 "HTTP/1.1 200 OK"
2026-01-07 17:46:07,312 - INFO - HTTP Request: GET https://planilhaandrieli.jords.site/api/database/rows/table/673/?user_field_names=true "HTTP/1.1 200 OK"
2026-01-07 17:46:07,793 - INFO - HTTP Request: GET https://planilhaandrieli.jords.site/api/database/rows/table/677/?user_field_names=true&size=200 "HTTP/1.1 200 OK"
2026-01-07 17:46:07,805 - INFO - HTTP Request: GET https://planilhaandrieli.jords.site/api/database/rows/table/673/?user_field_names=true "HTTP/1.1 200 OK"
2026-01-07 17:46:16,734 - INFO - HTTP Request: GET https://planilhaandrieli.jords.site/api/database/rows/table/673/?user_field_names=true "HTTP/1.1 200 OK"
2026-01-07 17:46:16,746 - INFO - HTTP Request: GET https://planilhaandrieli.jords.site/api/database/rows/table/677/?user_field_names=true&size=200 "HTTP/1.1 200 OK"
2026-01-07 17:46:25,047 - INFO - HTTP Request: GET https://planilhaandrieli.jords.site/api/database/rows/table/677/?user_field_names=true&size=200 "HTTP/1.1 200 OK"
2026-01-07 17:46:25,063 - INFO - HTTP Request: GET https://planilhaandrieli.jords.site/api/database/rows/table/673/?user_field_names=true "HTTP/1.1 200 OK"
2026-01-07 17:46:33,082 - INFO - HTTP Request: GET https://planilhaandrieli.jords.site/api/database/rows/table/677/?user_field_names=true&size=200 "HTTP/1.1 200 OK"
2026-01-07 17:46:33,087 - INFO - HTTP Request: GET https://planilhaandrieli.jords.site/api/database/rows/table/673/?user_field_names=true "HTTP/1.1 200 OK"
2026-01-07 17:46:41,429 - INFO - HTTP Request: GET https://planilhaandrieli.jords.site/api/database/rows/table/677/?user_field_names=true&size=200 "HTTP/1.1 200 OK"
2026-01-07 17:46:41,437 - INFO - HTTP Request: GET https://planilhaandrieli.jords.site/api/database/rows/table/673/?user_field_names=true "HTTP/1.1 200 OK"
2026-01-07 17:46:49,303 - INFO - HTTP Request: GET https://planilhaandrieli.jords.site/api/database/rows/table/677/?user_field_names=true&size=200 "HTTP/1.1 200 OK"
2026-01-07 17:46:49,305 - INFO - HTTP Request: GET https://planilhaandrieli.jords.site/api/database/rows/table/673/?user_field_names=true "HTTP/1.1 200 OK"
2026-01-07 17:46:57,728 - INFO - HTTP Request: GET https://planilhaandrieli.jords.site/api/database/rows/table/677/?user_field_names=true&size=200 "HTTP/1.1 200 OK"
2026-01-07 17:46:57,731 - INFO - HTTP Request: GET https://planilhaandrieli.jords.site/api/database/rows/table/673/?user_field_names=true "HTTP/1.1 200 OK"
2026-01-07 17:47:05,630 - INFO - HTTP Request: GET https://planilhaandrieli.jords.site/api/database/rows/table/673/?user_field_names=true "HTTP/1.1 200 OK"
2026-01-07 17:47:05,635 - INFO - HTTP Request: GET https://planilhaandrieli.jords.site/api/database/rows/table/677/?user_field_names=true&size=200 "HTTP/1.1 200 OK"
2026-01-07 17:47:13,886 - INFO - HTTP Request: GET https://planilhaandrieli.jords.site/api/database/rows/table/673/?user_field_names=true "HTTP/1.1 200 OK"
2026-01-07 17:47:13,914 - INFO - HTTP Request: GET https://planilhaandrieli.jords.site/api/database/rows/table/677/?user_field_names=true&size=200 "HTTP/1.1 200 OK"
2026-01-07 17:47:21,941 - INFO - HTTP Request: GET https://planilhaandrieli.jords.site/api/database/rows/table/677/?user_field_names=true&size=200 "HTTP/1.1 200 OK"
2026-01-07 17:47:21,954 - INFO - HTTP Request: GET https://planilhaandrieli.jords.site/api/database/rows/table/673/?user_field_names=true "HTTP/1.1 200 OK"
2026-01-07 17:47:30,247 - INFO - HTTP Request: GET https://planilhaandrieli.jords.site/api/database/rows/table/677/?user_field_names=true&size=200 "HTTP/1.1 200 OK"
2026-01-07 17:47:30,261 - INFO - HTTP Request: GET https://planilhaandrieli.jords.site/api/database/rows/table/673/?user_field_names=true "HTTP/1.1 200 OK"
2026-01-07 17:47:38,480 - INFO - HTTP Request: GET https://planilhaandrieli.jords.site/api/database/rows/table/677/?user_field_names=true&size=200 "HTTP/1.1 200 OK"
2026-01-07 17:47:38,499 - INFO - HTTP Request: GET https://planilhaandrieli.jords.site/api/database/rows/table/673/?user_field_names=true "HTTP/1.1 200 OK"
2026-01-07 17:47:46,785 - INFO - HTTP Request: GET https://planilhaandrieli.jords.site/api/database/rows/table/673/?user_field_names=true "HTTP/1.1 200 OK"
2026-01-07 17:47:46,787 - INFO - HTTP Request: GET https://planilhaandrieli.jords.site/api/database/rows/table/677/?user_field_names=true&size=200 "HTTP/1.1 200 OK"
2026-01-07 17:47:54,622 - INFO - HTTP Request: GET https://planilhaandrieli.jords.site/api/database/rows/table/677/?user_field_names=true&size=200 "HTTP/1.1 200 OK"
2026-01-07 17:47:54,629 - INFO - HTTP Request: GET https://planilhaandrieli.jords.site/api/database/rows/table/673/?user_field_names=true "HTTP/1.1 200 OK"
2026-01-07 17:48:00,515 - INFO - HTTP Request: POST https://webhookandrieli.jords.site/webhook/a6adb0ac-5491-4720-9bec-e87476224b62-CriandoMapaAstral "HTTP/1.1 200 OK"
2026-01-07 17:48:02,821 - INFO - HTTP Request: GET https://planilhaandrieli.jords.site/api/database/rows/table/677/?user_field_names=true&size=200 "HTTP/1.1 200 OK"
2026-01-07 17:48:02,823 - INFO - HTTP Request: GET https://planilhaandrieli.jords.site/api/database/rows/table/673/?user_field_names=true "HTTP/1.1 200 OK"
2026-01-07 17:48:23,230 - INFO - HTTP Request: GET https://graph.facebook.com/v19.0/846524264927906/message_templates?limit=100 "HTTP/1.1 200 OK"
2026-01-07 17:48:24,048 - INFO - HTTP Request: GET https://graph.facebook.com/v19.0/846524264927906/message_templates?limit=100 "HTTP/1.1 200 OK"
2026-01-07 17:48:34,597 - INFO - HTTP Request: PATCH https://planilhaandrieli.jords.site/api/database/rows/table/673/65/?user_field_names=true "HTTP/1.1 200 OK"
2026-01-07 17:48:35,788 - INFO - HTTP Request: GET https://planilhaandrieli.jords.site/api/database/rows/table/677/?user_field_names=true&search=91707527 "HTTP/1.1 200 OK"
2026-01-07 17:48:36,009 - INFO - HTTP Request: PATCH https://planilhaandrieli.jords.site/api/database/rows/table/677/35/?user_field_names=true "HTTP/1.1 200 OK"
2026-01-07 17:48:37,020 - ERROR - ⚠️ Erro ao invalidar cache: Timeout connecting to server
2026-01-07 17:48:38,015 - INFO - HTTP Request: GET https://planilhaandrieli.jords.site/api/database/rows/table/673/65/?user_field_names=true "HTTP/1.1 200 OK"
2026-01-07 17:48:39,608 - INFO - HTTP Request: GET https://planilhaandrieli.jords.site/api/database/rows/table/677/?user_field_names=true&size=200 "HTTP/1.1 200 OK"
2026-01-07 17:48:39,614 - INFO - HTTP Request: GET https://planilhaandrieli.jords.site/api/database/rows/table/673/?user_field_names=true "HTTP/1.1 200 OK"
2026-01-07 17:48:43,461 - INFO - HTTP Request: PATCH https://planilhaandrieli.jords.site/api/database/rows/table/673/65/?user_field_names=true "HTTP/1.1 200 OK"
2026-01-07 17:48:44,632 - INFO - HTTP Request: GET https://planilhaandrieli.jords.site/api/database/rows/table/677/?user_field_names=true&search=91707527 "HTTP/1.1 200 OK"
2026-01-07 17:48:44,850 - INFO - HTTP Request: PATCH https://planilhaandrieli.jords.site/api/database/rows/table/677/35/?user_field_names=true "HTTP/1.1 200 OK"
2026-01-07 17:48:45,866 - ERROR - ⚠️ Erro ao invalidar cache: Timeout connecting to server
2026-01-07 17:48:46,833 - INFO - HTTP Request: GET https://planilhaandrieli.jords.site/api/database/rows/table/673/65/?user_field_names=true "HTTP/1.1 200 OK"
2026-01-07 17:48:48,453 - INFO - HTTP Request: GET https://planilhaandrieli.jords.site/api/database/rows/table/677/?user_field_names=true&size=200 "HTTP/1.1 200 OK"
2026-01-07 17:48:48,468 - INFO - HTTP Request: GET https://planilhaandrieli.jords.site/api/database/rows/table/673/?user_field_names=true "HTTP/1.1 200 OK"
2026-01-07 17:48:53,072 - INFO - HTTP Request: PATCH https://planilhaandrieli.jords.site/api/database/rows/table/673/65/?user_field_names=true "HTTP/1.1 200 OK"
2026-01-07 17:48:54,205 - INFO - HTTP Request: GET https://planilhaandrieli.jords.site/api/database/rows/table/677/?user_field_names=true&search=91707527 "HTTP/1.1 200 OK"
2026-01-07 17:48:54,415 - INFO - HTTP Request: PATCH https://planilhaandrieli.jords.site/api/database/rows/table/677/35/?user_field_names=true "HTTP/1.1 200 OK"
2026-01-07 17:48:55,432 - ERROR - ⚠️ Erro ao invalidar cache: Timeout connecting to server
2026-01-07 17:48:56,512 - INFO - HTTP Request: GET https://planilhaandrieli.jords.site/api/database/rows/table/673/65/?user_field_names=true "HTTP/1.1 200 OK"
2026-01-07 17:48:58,251 - INFO - HTTP Request: GET https://planilhaandrieli.jords.site/api/database/rows/table/677/?user_field_names=true&size=200 "HTTP/1.1 200 OK"
2026-01-07 17:48:58,272 - INFO - HTTP Request: GET https://planilhaandrieli.jords.site/api/database/rows/table/673/?user_field_names=true "HTTP/1.1 200 OK"
2026-01-07 17:54:02,016 - INFO - HTTP Request: GET https://planilhaandrieli.jords.site/api/database/rows/table/677/?user_field_names=true&size=200 "HTTP/1.1 200 OK"
2026-01-07 17:54:02,017 - INFO - HTTP Request: GET https://planilhaandrieli.jords.site/api/database/rows/table/673/?user_field_names=true "HTTP/1.1 200 OK"
2026-01-07 17:54:02,458 - INFO - HTTP Request: GET https://planilhaandrieli.jords.site/api/database/rows/table/677/?user_field_names=true&size=200 "HTTP/1.1 200 OK"
2026-01-07 17:54:02,477 - INFO - HTTP Request: GET https://planilhaandrieli.jords.site/api/database/rows/table/673/?user_field_names=true "HTTP/1.1 200 OK"
2026-01-07 17:56:58,361 - INFO - HTTP Request: GET https://planilhaandrieli.jords.site/api/database/rows/table/677/?user_field_names=true&size=200 "HTTP/1.1 200 OK"
2026-01-07 17:56:58,375 - INFO - HTTP Request: GET https://planilhaandrieli.jords.site/api/database/rows/table/673/?user_field_names=true "HTTP/1.1 200 OK"
2026-01-07 17:56:59,583 - INFO - HTTP Request: GET https://planilhaandrieli.jords.site/api/database/rows/table/673/?user_field_names=true "HTTP/1.1 200 OK"
2026-01-07 17:56:59,595 - INFO - HTTP Request: GET https://planilhaandrieli.jords.site/api/database/rows/table/677/?user_field_names=true&size=200 "HTTP/1.1 200 OK"
2026-01-07 18:30:48,401 - INFO - HTTP Request: GET https://planilhaandrieli.jords.site/api/database/rows/table/678/?user_field_names=true&filter__field_Email__equal=admin%40admin.com "HTTP/1.1 200 OK"
2026-01-07 18:31:00,412 - INFO - HTTP Request: GET https://planilhaandrieli.jords.site/api/database/rows/table/678/?user_field_names=true&filter__field_Email__equal=aryarajunity%40gmail.com "HTTP/1.1 200 OK"
2026-01-07 18:31:07,032 - INFO - HTTP Request: GET https://planilhaandrieli.jords.site/api/database/rows/table/677/?user_field_names=true&size=200 "HTTP/1.1 200 OK"
2026-01-07 18:31:07,349 - INFO - HTTP Request: GET https://planilhaandrieli.jords.site/api/database/rows/table/673/?user_field_names=true "HTTP/1.1 200 OK"
2026-01-07 18:31:07,353 - INFO - HTTP Request: GET https://planilhaandrieli.jords.site/api/database/rows/table/677/?user_field_names=true&size=200 "HTTP/1.1 200 OK"
2026-01-07 18:31:07,373 - INFO - HTTP Request: GET https://planilhaandrieli.jords.site/api/database/rows/table/673/?user_field_names=true "HTTP/1.1 200 OK"
2026-01-07 18:31:16,079 - INFO - HTTP Request: GET https://planilhaandrieli.jords.site/api/database/rows/table/678/?user_field_names=true&filter__field_Email__equal=aryarajunity%40gmail.com "HTTP/1.1 200 OK"
2026-01-07 18:31:22,716 - INFO - HTTP Request: GET https://planilhaandrieli.jords.site/api/database/rows/table/673/?user_field_names=true "HTTP/1.1 200 OK"
2026-01-07 18:31:22,777 - INFO - HTTP Request: GET https://planilhaandrieli.jords.site/api/database/rows/table/677/?user_field_names=true&size=200 "HTTP/1.1 200 OK"
2026-01-07 18:31:22,784 - INFO - HTTP Request: GET https://planilhaandrieli.jords.site/api/database/rows/table/677/?user_field_names=true&size=200 "HTTP/1.1 200 OK"
2026-01-07 18:31:22,829 - INFO - HTTP Request: GET https://planilhaandrieli.jords.site/api/database/rows/table/673/?user_field_names=true "HTTP/1.1 200 OK"
2026-01-07 18:32:32,526 - INFO - HTTP Request: GET https://planilhaandrieli.jords.site/api/database/rows/table/678/?user_field_names=true&filter__field_Email__equal=aryarajmarketing%40gmail.com "HTTP/1.1 200 OK"
2026-01-07 18:32:40,220 - INFO - HTTP Request: GET https://planilhaandrieli.jords.site/api/database/rows/table/678/?user_field_names=true&filter__field_Email__equal=aryarajmarketing%40gmail.com "HTTP/1.1 200 OK"
2026-01-07 19:04:12,781 - INFO - HTTP Request: GET https://planilhaandrieli.jords.site/api/database/rows/table/678/?user_field_names=true&filter__field_Email__equal=aryarajmarketing%40gmail.com "HTTP/1.1 200 OK"
2026-01-07 19:15:58,378 - INFO - HTTP Request: GET https://planilhaandrieli.jords.site/api/database/rows/table/678/?user_field_names=true&filter__field_Email__equal=aryarajmarketing%40gmail.com "HTTP/1.1 200 OK"
2026-01-07 20:05:23,934 - INFO - HTTP Request: GET https://planilhaandrieli.jords.site/api/database/rows/table/678/?user_field_names=true&filter__field_Email__equal=aryarajmarketing%40gmail.com "HTTP/1.1 200 OK"
2026-01-07 20:05:26,644 - INFO - HTTP Request: GET https://planilhaandrieli.jords.site/api/database/rows/table/677/?user_field_names=true&size=200 "HTTP/1.1 200 OK"
2026-01-07 20:05:26,651 - INFO - HTTP Request: GET https://planilhaandrieli.jords.site/api/database/rows/table/673/?user_field_names=true "HTTP/1.1 200 OK"
2026-01-07 20:05:30,565 - INFO - HTTP Request: GET https://planilhaandrieli.jords.site/api/database/rows/table/677/?user_field_names=true&size=200 "HTTP/1.1 200 OK"
2026-01-07 20:05:30,578 - INFO - HTTP Request: GET https://planilhaandrieli.jords.site/api/database/rows/table/673/?user_field_names=true "HTTP/1.1 200 OK"
2026-01-07 20:08:07,570 - INFO - HTTP Request: GET https://planilhaandrieli.jords.site/api/database/rows/table/677/?user_field_names=true&size=200 "HTTP/1.1 200 OK"
2026-01-07 20:08:07,584 - INFO - HTTP Request: GET https://planilhaandrieli.jords.site/api/database/rows/table/673/?user_field_names=true "HTTP/1.1 200 OK"
2026-01-07 20:08:07,765 - INFO - HTTP Request: GET https://planilhaandrieli.jords.site/api/database/rows/table/677/?user_field_names=true&size=200 "HTTP/1.1 200 OK"
2026-01-07 20:08:07,797 - INFO - HTTP Request: GET https://planilhaandrieli.jords.site/api/database/rows/table/673/?user_field_names=true "HTTP/1.1 200 OK"
2026-01-07 20:09:31,844 - ERROR - Erro ao invalidar cache: Timeout connecting to server
2026-01-07 20:09:32,866 - INFO - HTTP Request: GET https://planilhaandrieli.jords.site/api/database/rows/table/673/66/?user_field_names=true "HTTP/1.1 200 OK"
2026-01-07 20:09:34,438 - INFO - HTTP Request: GET https://planilhaandrieli.jords.site/api/database/rows/table/677/?user_field_names=true&size=200 "HTTP/1.1 200 OK"
2026-01-07 20:09:34,443 - INFO - HTTP Request: GET https://planilhaandrieli.jords.site/api/database/rows/table/673/?user_field_names=true "HTTP/1.1 200 OK"
2026-01-07 20:09:43,227 - ERROR - Erro ao invalidar cache: Timeout connecting to server
2026-01-07 20:09:44,203 - INFO - HTTP Request: GET https://planilhaandrieli.jords.site/api/database/rows/table/673/66/?user_field_names=true "HTTP/1.1 200 OK"
2026-01-07 20:09:45,846 - INFO - HTTP Request: GET https://planilhaandrieli.jords.site/api/database/rows/table/677/?user_field_names=true&size=200 "HTTP/1.1 200 OK"
2026-01-07 20:09:45,847 - INFO - HTTP Request: GET https://planilhaandrieli.jords.site/api/database/rows/table/673/?user_field_names=true "HTTP/1.1 200 OK"
2026-01-07 20:10:25,177 - ERROR - Erro ao invalidar cache: Timeout connecting to server
2026-01-07 20:10:26,239 - INFO - HTTP Request: GET https://planilhaandrieli.jords.site/api/database/rows/table/673/64/?user_field_names=true "HTTP/1.1 200 OK"
2026-01-07 20:10:27,914 - INFO - HTTP Request: GET https://planilhaandrieli.jords.site/api/database/rows/table/677/?user_field_names=true&size=200 "HTTP/1.1 200 OK"
2026-01-07 20:10:27,957 - INFO - HTTP Request: GET https://planilhaandrieli.jords.site/api/database/rows/table/673/?user_field_names=true "HTTP/1.1 200 OK"
2026-01-07 20:11:17,676 - ERROR - Erro ao invalidar cache: Timeout connecting to server
2026-01-07 20:11:18,636 - INFO - HTTP Request: GET https://planilhaandrieli.jords.site/api/database/rows/table/673/63/?user_field_names=true "HTTP/1.1 200 OK"
2026-01-07 20:11:20,356 - INFO - HTTP Request: GET https://planilhaandrieli.jords.site/api/database/rows/table/673/?user_field_names=true "HTTP/1.1 200 OK"
2026-01-07 20:11:20,357 - INFO - HTTP Request: GET https://planilhaandrieli.jords.site/api/database/rows/table/677/?user_field_names=true&size=200 "HTTP/1.1 200 OK"
2026-01-07 20:11:26,136 - ERROR - Erro ao invalidar cache: Timeout connecting to server
2026-01-07 20:11:27,096 - INFO - HTTP Request: GET https://planilhaandrieli.jords.site/api/database/rows/table/673/63/?user_field_names=true "HTTP/1.1 200 OK"
2026-01-07 20:11:28,709 - INFO - HTTP Request: GET https://planilhaandrieli.jords.site/api/database/rows/table/677/?user_field_names=true&size=200 "HTTP/1.1 200 OK"
2026-01-07 20:11:28,718 - INFO - HTTP Request: GET https://planilhaandrieli.jords.site/api/database/rows/table/673/?user_field_names=true "HTTP/1.1 200 OK"
2026-01-07 20:11:31,207 - ERROR - Erro ao invalidar cache: Timeout connecting to server
2026-01-07 20:11:32,261 - INFO - HTTP Request: GET https://planilhaandrieli.jords.site/api/database/rows/table/673/63/?user_field_names=true "HTTP/1.1 200 OK"
2026-01-07 20:11:33,856 - INFO - HTTP Request: GET https://planilhaandrieli.jords.site/api/database/rows/table/677/?user_field_names=true&size=200 "HTTP/1.1 200 OK"
2026-01-07 20:11:33,856 - INFO - HTTP Request: GET https://planilhaandrieli.jords.site/api/database/rows/table/673/?user_field_names=true "HTTP/1.1 200 OK"
2026-01-07 20:11:46,898 - INFO - HTTP Request: GET https://planilhaandrieli.jords.site/api/database/rows/table/677/?user_field_names=true&size=200 "HTTP/1.1 200 OK"
2026-01-07 20:11:46,911 - INFO - HTTP Request: GET https://planilhaandrieli.jords.site/api/database/rows/table/673/?user_field_names=true "HTTP/1.1 200 OK"
2026-01-07 20:11:48,419 - INFO - HTTP Request: GET https://planilhaandrieli.jords.site/api/database/rows/table/677/?user_field_names=true&size=200 "HTTP/1.1 200 OK"
2026-01-07 20:11:48,456 - INFO - HTTP Request: GET https://planilhaandrieli.jords.site/api/database/rows/table/673/?user_field_names=true "HTTP/1.1 200 OK"
2026-01-07 20:13:24,084 - INFO - HTTP Request: GET https://planilhaandrieli.jords.site/api/database/rows/table/677/?user_field_names=true&size=200 "HTTP/1.1 200 OK"
2026-01-07 20:13:24,100 - INFO - HTTP Request: GET https://planilhaandrieli.jords.site/api/database/rows/table/673/?user_field_names=true "HTTP/1.1 200 OK"
2026-01-07 20:13:25,295 - INFO - HTTP Request: GET https://planilhaandrieli.jords.site/api/database/rows/table/677/?user_field_names=true&size=200 "HTTP/1.1 200 OK"
2026-01-07 20:13:25,295 - INFO - HTTP Request: GET https://planilhaandrieli.jords.site/api/database/rows/table/673/?user_field_names=true "HTTP/1.1 200 OK"
2026-01-07 20:14:02,958 - INFO - HTTP Request: PATCH https://planilhaandrieli.jords.site/api/database/rows/table/673/65/?user_field_names=true "HTTP/1.1 200 OK"
2026-01-07 20:14:04,198 - INFO - HTTP Request: GET https://planilhaandrieli.jords.site/api/database/rows/table/677/?user_field_names=true&search=91707527 "HTTP/1.1 200 OK"
2026-01-07 20:14:04,425 - INFO - HTTP Request: PATCH https://planilhaandrieli.jords.site/api/database/rows/table/677/35/?user_field_names=true "HTTP/1.1 200 OK"
2026-01-07 20:14:05,431 - ERROR - Erro ao invalidar cache: Timeout connecting to server
2026-01-07 20:14:06,450 - INFO - HTTP Request: GET https://planilhaandrieli.jords.site/api/database/rows/table/673/65/?user_field_names=true "HTTP/1.1 200 OK"
2026-01-07 20:14:08,056 - INFO - HTTP Request: GET https://planilhaandrieli.jords.site/api/database/rows/table/677/?user_field_names=true&size=200 "HTTP/1.1 200 OK"
2026-01-07 20:14:08,064 - INFO - HTTP Request: GET https://planilhaandrieli.jords.site/api/database/rows/table/673/?user_field_names=true "HTTP/1.1 200 OK"
2026-01-07 20:15:15,972 - INFO - HTTP Request: PATCH https://planilhaandrieli.jords.site/api/database/rows/table/673/65/?user_field_names=true "HTTP/1.1 200 OK"
2026-01-07 20:15:17,251 - INFO - HTTP Request: GET https://planilhaandrieli.jords.site/api/database/rows/table/677/?user_field_names=true&search=91707527 "HTTP/1.1 200 OK"
2026-01-07 20:15:17,478 - INFO - HTTP Request: PATCH https://planilhaandrieli.jords.site/api/database/rows/table/677/35/?user_field_names=true "HTTP/1.1 200 OK"
2026-01-07 20:15:18,485 - ERROR - Erro ao invalidar cache: Timeout connecting to server
2026-01-07 20:15:19,812 - INFO - HTTP Request: GET https://planilhaandrieli.jords.site/api/database/rows/table/673/65/?user_field_names=true "HTTP/1.1 200 OK"
2026-01-07 20:15:21,755 - INFO - HTTP Request: GET https://planilhaandrieli.jords.site/api/database/rows/table/673/?user_field_names=true "HTTP/1.1 200 OK"
2026-01-07 20:15:21,759 - INFO - HTTP Request: GET https://planilhaandrieli.jords.site/api/database/rows/table/677/?user_field_names=true&size=200 "HTTP/1.1 200 OK"
2026-01-07 20:15:58,341 - INFO - HTTP Request: PATCH https://planilhaandrieli.jords.site/api/database/rows/table/673/65/?user_field_names=true "HTTP/1.1 200 OK"
2026-01-07 20:15:59,578 - INFO - HTTP Request: GET https://planilhaandrieli.jords.site/api/database/rows/table/677/?user_field_names=true&search=91707527 "HTTP/1.1 200 OK"
2026-01-07 20:15:59,787 - INFO - HTTP Request: PATCH https://planilhaandrieli.jords.site/api/database/rows/table/677/35/?user_field_names=true "HTTP/1.1 200 OK"
2026-01-07 20:16:00,803 - ERROR - Erro ao invalidar cache: Timeout connecting to server
2026-01-07 20:16:01,903 - INFO - HTTP Request: GET https://planilhaandrieli.jords.site/api/database/rows/table/673/65/?user_field_names=true "HTTP/1.1 200 OK"
2026-01-07 20:16:03,479 - INFO - HTTP Request: GET https://planilhaandrieli.jords.site/api/database/rows/table/677/?user_field_names=true&size=200 "HTTP/1.1 200 OK"
2026-01-07 20:16:03,483 - INFO - HTTP Request: GET https://planilhaandrieli.jords.site/api/database/rows/table/673/?user_field_names=true "HTTP/1.1 200 OK"
2026-01-07 20:16:14,703 - INFO - HTTP Request: GET https://planilhaandrieli.jords.site/api/database/rows/table/677/?user_field_names=true&size=200 "HTTP/1.1 200 OK"
2026-01-07 20:16:14,709 - INFO - HTTP Request: GET https://planilhaandrieli.jords.site/api/database/rows/table/673/?user_field_names=true "HTTP/1.1 200 OK"
2026-01-07 20:16:16,270 - INFO - HTTP Request: GET https://planilhaandrieli.jords.site/api/database/rows/table/677/?user_field_names=true&size=200 "HTTP/1.1 200 OK"
2026-01-07 20:16:16,283 - INFO - HTTP Request: GET https://planilhaandrieli.jords.site/api/database/rows/table/673/?user_field_names=true "HTTP/1.1 200 OK"
2026-01-07 20:16:23,937 - INFO - HTTP Request: PATCH https://planilhaandrieli.jords.site/api/database/rows/table/673/65/?user_field_names=true "HTTP/1.1 200 OK"
2026-01-07 20:16:25,043 - INFO - HTTP Request: GET https://planilhaandrieli.jords.site/api/database/rows/table/677/?user_field_names=true&search=91707527 "HTTP/1.1 200 OK"
2026-01-07 20:16:25,288 - INFO - HTTP Request: PATCH https://planilhaandrieli.jords.site/api/database/rows/table/677/35/?user_field_names=true "HTTP/1.1 200 OK"
2026-01-07 20:16:26,300 - ERROR - Erro ao invalidar cache: Timeout connecting to server
2026-01-07 20:16:26,919 - INFO - HTTP Request: GET https://planilhaandrieli.jords.site/api/database/rows/table/673/65/?user_field_names=true "HTTP/1.1 200 OK"
2026-01-07 20:16:27,715 - INFO - HTTP Request: GET https://planilhaandrieli.jords.site/api/database/rows/table/677/?user_field_names=true&size=200 "HTTP/1.1 200 OK"
2026-01-07 20:16:27,727 - INFO - HTTP Request: GET https://planilhaandrieli.jords.site/api/database/rows/table/673/?user_field_names=true "HTTP/1.1 200 OK"
2026-01-07 20:20:01,645 - INFO - HTTP Request: GET https://planilhaandrieli.jords.site/api/database/rows/table/673/?user_field_names=true "HTTP/1.1 200 OK"
2026-01-07 20:20:01,648 - INFO - HTTP Request: GET https://planilhaandrieli.jords.site/api/database/rows/table/677/?user_field_names=true&size=200 "HTTP/1.1 200 OK"
2026-01-07 20:20:02,104 - INFO - HTTP Request: GET https://planilhaandrieli.jords.site/api/database/rows/table/677/?user_field_names=true&size=200 "HTTP/1.1 200 OK"
2026-01-07 20:20:02,114 - INFO - HTTP Request: GET https://planilhaandrieli.jords.site/api/database/rows/table/673/?user_field_names=true "HTTP/1.1 200 OK"
2026-01-07 20:20:11,980 - INFO - HTTP Request: PATCH https://planilhaandrieli.jords.site/api/database/rows/table/673/65/?user_field_names=true "HTTP/1.1 200 OK"
2026-01-07 20:20:13,045 - INFO - HTTP Request: GET https://planilhaandrieli.jords.site/api/database/rows/table/677/?user_field_names=true&search=91707527 "HTTP/1.1 200 OK"
2026-01-07 20:20:13,271 - INFO - HTTP Request: PATCH https://planilhaandrieli.jords.site/api/database/rows/table/677/35/?user_field_names=true "HTTP/1.1 200 OK"
2026-01-07 20:20:14,284 - ERROR - Erro ao invalidar cache: Timeout connecting to server
2026-01-07 20:20:15,361 - INFO - HTTP Request: GET https://planilhaandrieli.jords.site/api/database/rows/table/673/65/?user_field_names=true "HTTP/1.1 200 OK"
2026-01-07 20:20:16,991 - INFO - HTTP Request: GET https://planilhaandrieli.jords.site/api/database/rows/table/673/?user_field_names=true "HTTP/1.1 200 OK"
2026-01-07 20:20:17,009 - INFO - HTTP Request: GET https://planilhaandrieli.jords.site/api/database/rows/table/677/?user_field_names=true&size=200 "HTTP/1.1 200 OK"
2026-01-07 20:20:34,597 - INFO - HTTP Request: PATCH https://planilhaandrieli.jords.site/api/database/rows/table/673/65/?user_field_names=true "HTTP/1.1 200 OK"
2026-01-07 20:20:35,802 - INFO - HTTP Request: GET https://planilhaandrieli.jords.site/api/database/rows/table/677/?user_field_names=true&search=91707527 "HTTP/1.1 200 OK"
2026-01-07 20:20:36,107 - INFO - HTTP Request: PATCH https://planilhaandrieli.jords.site/api/database/rows/table/677/35/?user_field_names=true "HTTP/1.1 200 OK"
2026-01-07 20:20:37,120 - ERROR - Erro ao invalidar cache: Timeout connecting to server
2026-01-07 20:20:38,264 - INFO - HTTP Request: GET https://planilhaandrieli.jords.site/api/database/rows/table/673/65/?user_field_names=true "HTTP/1.1 200 OK"
2026-01-07 20:20:39,952 - INFO - HTTP Request: GET https://planilhaandrieli.jords.site/api/database/rows/table/677/?user_field_names=true&size=200 "HTTP/1.1 200 OK"
2026-01-07 20:20:39,958 - INFO - HTTP Request: GET https://planilhaandrieli.jords.site/api/database/rows/table/673/?user_field_names=true "HTTP/1.1 200 OK"
2026-01-08 04:16:42,882 - INFO - HTTP Request: GET https://planilhaandrieli.jords.site/api/database/rows/table/678/?user_field_names=true&filter__field_Email__equal=aryarajunity%40gmail.com "HTTP/1.1 200 OK"
2026-01-08 04:16:45,286 - INFO - HTTP Request: GET https://planilhaandrieli.jords.site/api/database/rows/table/678/?user_field_names=true&filter__field_Email__equal=aryarajunity%40gmail.com "HTTP/1.1 200 OK"
2026-01-08 04:16:48,039 - INFO - HTTP Request: GET https://planilhaandrieli.jords.site/api/database/rows/table/673/?user_field_names=true "HTTP/1.1 200 OK"
2026-01-08 04:16:48,045 - INFO - HTTP Request: GET https://planilhaandrieli.jords.site/api/database/rows/table/677/?user_field_names=true&size=200 "HTTP/1.1 200 OK"
2026-01-08 04:16:51,959 - INFO - HTTP Request: GET https://planilhaandrieli.jords.site/api/database/rows/table/673/?user_field_names=true "HTTP/1.1 200 OK"
2026-01-08 04:16:51,961 - INFO - HTTP Request: GET https://planilhaandrieli.jords.site/api/database/rows/table/677/?user_field_names=true&size=200 "HTTP/1.1 200 OK"
2026-01-08 04:18:41,501 - INFO - HTTP Request: GET https://planilhaandrieli.jords.site/api/database/rows/table/677/?user_field_names=true&size=200 "HTTP/1.1 200 OK"
2026-01-08 04:18:41,504 - INFO - HTTP Request: GET https://planilhaandrieli.jords.site/api/database/rows/table/673/?user_field_names=true "HTTP/1.1 200 OK"
2026-01-08 04:18:47,938 - INFO - HTTP Request: GET https://planilhaandrieli.jords.site/api/database/rows/table/673/?user_field_names=true "HTTP/1.1 200 OK"
2026-01-08 04:18:47,968 - INFO - HTTP Request: GET https://planilhaandrieli.jords.site/api/database/rows/table/673/?user_field_names=true "HTTP/1.1 200 OK"
2026-01-08 04:18:47,984 - INFO - HTTP Request: GET https://planilhaandrieli.jords.site/api/database/rows/table/677/?user_field_names=true&size=200 "HTTP/1.1 200 OK"
2026-01-08 04:18:47,986 - INFO - HTTP Request: GET https://planilhaandrieli.jords.site/api/database/rows/table/677/?user_field_names=true&size=200 "HTTP/1.1 200 OK"
2026-01-08 04:27:52,314 - INFO - HTTP Request: GET https://planilhaandrieli.jords.site/api/database/rows/table/678/?user_field_names=true&filter__field_Email__equal=aryarajunity%40gmail.com "HTTP/1.1 200 OK"
2026-01-08 04:27:53,493 - INFO - HTTP Request: GET https://planilhaandrieli.jords.site/api/database/rows/table/678/?user_field_names=true&filter__field_Email__equal=aryarajunity%40gmail.com "HTTP/1.1 200 OK"
2026-01-08 04:27:56,256 - INFO - HTTP Request: GET https://planilhaandrieli.jords.site/api/database/rows/table/677/?user_field_names=true&size=200 "HTTP/1.1 200 OK"
2026-01-08 04:27:56,273 - INFO - HTTP Request: GET https://planilhaandrieli.jords.site/api/database/rows/table/673/?user_field_names=true "HTTP/1.1 200 OK"
2026-01-08 04:28:00,204 - INFO - HTTP Request: GET https://planilhaandrieli.jords.site/api/database/rows/table/677/?user_field_names=true&size=200 "HTTP/1.1 200 OK"
2026-01-08 04:28:00,212 - INFO - HTTP Request: GET https://planilhaandrieli.jords.site/api/database/rows/table/673/?user_field_names=true "HTTP/1.1 200 OK"
2026-01-08 04:31:36,057 - INFO - HTTP Request: GET https://planilhaandrieli.jords.site/api/database/rows/table/677/?user_field_names=true&size=200 "HTTP/1.1 200 OK"
2026-01-08 04:31:36,062 - INFO - HTTP Request: GET https://planilhaandrieli.jords.site/api/database/rows/table/673/?user_field_names=true "HTTP/1.1 200 OK"
2026-01-08 04:31:40,158 - INFO - HTTP Request: GET https://planilhaandrieli.jords.site/api/database/rows/table/677/?user_field_names=true&size=200 "HTTP/1.1 200 OK"
2026-01-08 04:31:40,168 - INFO - HTTP Request: GET https://planilhaandrieli.jords.site/api/database/rows/table/673/?user_field_names=true "HTTP/1.1 200 OK"
2026-01-08 04:41:23,824 - INFO - HTTP Request: PATCH https://planilhaandrieli.jords.site/api/database/rows/table/673/67/?user_field_names=true "HTTP/1.1 200 OK"
2026-01-08 04:41:24,440 - INFO - HTTP Request: GET https://planilhaandrieli.jords.site/api/database/rows/table/677/?user_field_names=true&search=43341317 "HTTP/1.1 200 OK"
2026-01-08 04:41:24,663 - INFO - HTTP Request: POST https://planilhaandrieli.jords.site/api/database/rows/table/677/?user_field_names=true "HTTP/1.1 200 OK"
2026-01-08 04:41:25,668 - ERROR - Erro ao invalidar cache: Timeout connecting to server
2026-01-08 04:41:26,258 - INFO - HTTP Request: GET https://planilhaandrieli.jords.site/api/database/rows/table/673/67/?user_field_names=true "HTTP/1.1 200 OK"
2026-01-08 04:41:27,117 - INFO - HTTP Request: GET https://planilhaandrieli.jords.site/api/database/rows/table/677/?user_field_names=true&size=200 "HTTP/1.1 200 OK"
2026-01-08 04:41:27,117 - INFO - HTTP Request: GET https://planilhaandrieli.jords.site/api/database/rows/table/673/?user_field_names=true "HTTP/1.1 200 OK"
2026-01-08 04:46:06,639 - INFO - HTTP Request: GET https://planilhaandrieli.jords.site/api/database/rows/table/677/?user_field_names=true&size=200 "HTTP/1.1 200 OK"
2026-01-08 04:46:06,646 - INFO - HTTP Request: GET https://planilhaandrieli.jords.site/api/database/rows/table/673/?user_field_names=true "HTTP/1.1 200 OK"
2026-01-08 04:46:07,731 - INFO - HTTP Request: GET https://planilhaandrieli.jords.site/api/database/rows/table/677/?user_field_names=true&size=200 "HTTP/1.1 200 OK"
2026-01-08 04:46:07,738 - INFO - HTTP Request: GET https://planilhaandrieli.jords.site/api/database/rows/table/673/?user_field_names=true "HTTP/1.1 200 OK"
2026-01-08 04:52:02,833 - INFO - HTTP Request: GET https://planilhaandrieli.jords.site/api/database/rows/table/673/?user_field_names=true "HTTP/1.1 200 OK"
2026-01-08 04:52:02,840 - INFO - HTTP Request: GET https://planilhaandrieli.jords.site/api/database/rows/table/677/?user_field_names=true&size=200 "HTTP/1.1 200 OK"
2026-01-08 04:52:03,813 - INFO - HTTP Request: GET https://planilhaandrieli.jords.site/api/database/rows/table/677/?user_field_names=true&size=200 "HTTP/1.1 200 OK"
2026-01-08 04:52:03,820 - INFO - HTTP Request: GET https://planilhaandrieli.jords.site/api/database/rows/table/673/?user_field_names=true "HTTP/1.1 200 OK"
2026-01-08 05:02:03,484 - INFO - HTTP Request: GET https://planilhaandrieli.jords.site/api/database/rows/table/678/?user_field_names=true&filter__field_Email__equal=aryarajunity%40gmail.com "HTTP/1.1 200 OK"
2026-01-08 05:02:04,368 - INFO - HTTP Request: GET https://planilhaandrieli.jords.site/api/database/rows/table/678/?user_field_names=true&filter__field_Email__equal=aryarajunity%40gmail.com "HTTP/1.1 200 OK"
2026-01-08 05:02:06,963 - INFO - HTTP Request: GET https://planilhaandrieli.jords.site/api/database/rows/table/677/?user_field_names=true&size=200 "HTTP/1.1 200 OK"
2026-01-08 05:02:06,976 - INFO - HTTP Request: GET https://planilhaandrieli.jords.site/api/database/rows/table/673/?user_field_names=true "HTTP/1.1 200 OK"
2026-01-08 05:02:08,428 - INFO - HTTP Request: GET https://planilhaandrieli.jords.site/api/database/rows/table/677/?user_field_names=true&size=200 "HTTP/1.1 200 OK"
2026-01-08 05:02:08,444 - INFO - HTTP Request: GET https://planilhaandrieli.jords.site/api/database/rows/table/673/?user_field_names=true "HTTP/1.1 200 OK"
2026-01-08 05:09:16,466 - INFO - HTTP Request: GET https://planilhaandrieli.jords.site/api/database/rows/table/677/?user_field_names=true&size=200 "HTTP/1.1 200 OK"
2026-01-08 05:09:16,469 - INFO - HTTP Request: GET https://planilhaandrieli.jords.site/api/database/rows/table/673/?user_field_names=true "HTTP/1.1 200 OK"
2026-01-08 05:09:16,925 - INFO - HTTP Request: GET https://planilhaandrieli.jords.site/api/database/rows/table/677/?user_field_names=true&size=200 "HTTP/1.1 200 OK"
2026-01-08 05:09:16,954 - INFO - HTTP Request: GET https://planilhaandrieli.jords.site/api/database/rows/table/673/?user_field_names=true "HTTP/1.1 200 OK"
2026-01-08 05:16:37,656 - INFO - HTTP Request: GET https://planilhaandrieli.jords.site/api/database/rows/table/677/?user_field_names=true&size=200 "HTTP/1.1 200 OK"
2026-01-08 05:16:37,658 - INFO - HTTP Request: GET https://planilhaandrieli.jords.site/api/database/rows/table/673/?user_field_names=true "HTTP/1.1 200 OK"
2026-01-08 05:16:38,047 - INFO - HTTP Request: GET https://planilhaandrieli.jords.site/api/database/rows/table/677/?user_field_names=true&size=200 "HTTP/1.1 200 OK"
2026-01-08 05:16:38,057 - INFO - HTTP Request: GET https://planilhaandrieli.jords.site/api/database/rows/table/673/?user_field_names=true "HTTP/1.1 200 OK"
2026-01-08 05:38:12,908 - INFO - HTTP Request: GET https://planilhaandrieli.jords.site/api/database/rows/table/678/?user_field_names=true&filter__field_Email__equal=aryarajunity%40gmail.com "HTTP/1.1 200 OK"
2026-01-08 05:38:13,891 - INFO - HTTP Request: GET https://planilhaandrieli.jords.site/api/database/rows/table/678/?user_field_names=true&filter__field_Email__equal=aryarajunity%40gmail.com "HTTP/1.1 200 OK"
2026-01-08 05:38:16,458 - INFO - HTTP Request: GET https://planilhaandrieli.jords.site/api/database/rows/table/673/?user_field_names=true "HTTP/1.1 200 OK"
2026-01-08 05:38:16,460 - INFO - HTTP Request: GET https://planilhaandrieli.jords.site/api/database/rows/table/677/?user_field_names=true&size=200 "HTTP/1.1 200 OK"
2026-01-08 05:38:20,333 - INFO - HTTP Request: GET https://planilhaandrieli.jords.site/api/database/rows/table/673/?user_field_names=true "HTTP/1.1 200 OK"
2026-01-08 05:38:20,336 - INFO - HTTP Request: GET https://planilhaandrieli.jords.site/api/database/rows/table/677/?user_field_names=true&size=200 "HTTP/1.1 200 OK"
2026-01-08 05:55:55,147 - INFO - HTTP Request: GET https://planilhaandrieli.jords.site/api/database/rows/table/673/?user_field_names=true "HTTP/1.1 200 OK"
2026-01-08 05:55:55,152 - INFO - HTTP Request: GET https://planilhaandrieli.jords.site/api/database/rows/table/677/?user_field_names=true&size=200 "HTTP/1.1 200 OK"
2026-01-08 05:55:55,573 - INFO - HTTP Request: GET https://planilhaandrieli.jords.site/api/database/rows/table/677/?user_field_names=true&size=200 "HTTP/1.1 200 OK"
2026-01-08 05:55:55,574 - INFO - HTTP Request: GET https://planilhaandrieli.jords.site/api/database/rows/table/673/?user_field_names=true "HTTP/1.1 200 OK"
2026-01-08 05:58:04,413 - INFO - HTTP Request: GET https://planilhaandrieli.jords.site/api/database/rows/table/673/?user_field_names=true "HTTP/1.1 200 OK"
2026-01-08 05:58:04,418 - INFO - HTTP Request: GET https://planilhaandrieli.jords.site/api/database/rows/table/677/?user_field_names=true&size=200 "HTTP/1.1 200 OK"
2026-01-08 05:58:05,580 - INFO - HTTP Request: GET https://planilhaandrieli.jords.site/api/database/rows/table/673/?user_field_names=true "HTTP/1.1 200 OK"
2026-01-08 05:58:05,582 - INFO - HTTP Request: GET https://planilhaandrieli.jords.site/api/database/rows/table/677/?user_field_names=true&size=200 "HTTP/1.1 200 OK"
2026-01-08 05:58:32,560 - INFO - HTTP Request: GET https://planilhaandrieli.jords.site/api/database/rows/table/673/?user_field_names=true "HTTP/1.1 200 OK"
2026-01-08 05:58:32,562 - INFO - HTTP Request: GET https://planilhaandrieli.jords.site/api/database/rows/table/677/?user_field_names=true&size=200 "HTTP/1.1 200 OK"
2026-01-08 05:58:34,125 - INFO - HTTP Request: GET https://planilhaandrieli.jords.site/api/database/rows/table/673/?user_field_names=true "HTTP/1.1 200 OK"
2026-01-08 05:58:34,137 - INFO - HTTP Request: GET https://planilhaandrieli.jords.site/api/database/rows/table/677/?user_field_names=true&size=200 "HTTP/1.1 200 OK"
2026-01-08 05:59:52,012 - INFO - HTTP Request: GET https://planilhaandrieli.jords.site/api/database/rows/table/677/?user_field_names=true&size=200 "HTTP/1.1 200 OK"
2026-01-08 05:59:52,018 - INFO - HTTP Request: GET https://planilhaandrieli.jords.site/api/database/rows/table/673/?user_field_names=true "HTTP/1.1 200 OK"
2026-01-08 05:59:57,242 - INFO - HTTP Request: GET https://planilhaandrieli.jords.site/api/database/rows/table/677/?user_field_names=true&size=200 "HTTP/1.1 200 OK"
2026-01-08 05:59:57,245 - INFO - HTTP Request: GET https://planilhaandrieli.jords.site/api/database/rows/table/673/?user_field_names=true "HTTP/1.1 200 OK"
2026-01-08 05:59:57,649 - INFO - HTTP Request: GET https://planilhaandrieli.jords.site/api/database/rows/table/677/?user_field_names=true&size=200 "HTTP/1.1 200 OK"
2026-01-08 05:59:57,658 - INFO - HTTP Request: GET https://planilhaandrieli.jords.site/api/database/rows/table/673/?user_field_names=true "HTTP/1.1 200 OK"
2026-01-08 06:00:02,460 - INFO - HTTP Request: GET https://planilhaandrieli.jords.site/api/database/rows/table/677/?user_field_names=true&size=200 "HTTP/1.1 200 OK"
2026-01-08 06:00:02,468 - INFO - HTTP Request: GET https://planilhaandrieli.jords.site/api/database/rows/table/673/?user_field_names=true "HTTP/1.1 200 OK"
2026-01-08 06:00:04,049 - INFO - HTTP Request: GET https://planilhaandrieli.jords.site/api/database/rows/table/677/?user_field_names=true&size=200 "HTTP/1.1 200 OK"
2026-01-08 06:00:04,052 - INFO - HTTP Request: GET https://planilhaandrieli.jords.site/api/database/rows/table/673/?user_field_names=true "HTTP/1.1 200 OK"
2026-01-08 06:03:05,322 - INFO - HTTP Request: GET https://planilhaandrieli.jords.site/api/database/rows/table/677/?user_field_names=true&size=200 "HTTP/1.1 200 OK"
2026-01-08 06:03:05,325 - INFO - HTTP Request: GET https://planilhaandrieli.jords.site/api/database/rows/table/673/?user_field_names=true "HTTP/1.1 200 OK"
2026-01-08 06:03:05,560 - INFO - HTTP Request: GET https://planilhaandrieli.jords.site/api/database/rows/table/677/?user_field_names=true&size=200 "HTTP/1.1 200 OK"
2026-01-08 06:03:05,560 - INFO - HTTP Request: GET https://planilhaandrieli.jords.site/api/database/rows/table/673/?user_field_names=true "HTTP/1.1 200 OK"
2026-01-08 06:03:10,568 - INFO - HTTP Request: GET https://planilhaandrieli.jords.site/api/database/rows/table/677/?user_field_names=true&size=200 "HTTP/1.1 200 OK"
2026-01-08 06:03:10,575 - INFO - HTTP Request: GET https://planilhaandrieli.jords.site/api/database/rows/table/673/?user_field_names=true "HTTP/1.1 200 OK"
2026-01-08 06:03:14,440 - INFO - HTTP Request: GET https://planilhaandrieli.jords.site/api/database/rows/table/673/?user_field_names=true "HTTP/1.1 200 OK"
2026-01-08 06:03:14,453 - INFO - HTTP Request: GET https://planilhaandrieli.jords.site/api/database/rows/table/677/?user_field_names=true&size=200 "HTTP/1.1 200 OK"
2026-01-08 06:24:44,025 - INFO - HTTP Request: GET https://planilhaandrieli.jords.site/api/database/rows/table/678/?user_field_names=true&filter__field_Email__equal=aryarajunity%40gmail.com "HTTP/1.1 200 OK"
2026-01-08 06:24:45,062 - INFO - HTTP Request: GET https://planilhaandrieli.jords.site/api/database/rows/table/678/?user_field_names=true&filter__field_Email__equal=aryarajunity%40gmail.com "HTTP/1.1 200 OK"
2026-01-08 06:24:49,091 - INFO - HTTP Request: GET https://planilhaandrieli.jords.site/api/database/rows/table/673/?user_field_names=true "HTTP/1.1 200 OK"
2026-01-08 06:24:49,093 - INFO - HTTP Request: GET https://planilhaandrieli.jords.site/api/database/rows/table/677/?user_field_names=true&size=200 "HTTP/1.1 200 OK"
2026-01-08 06:24:49,559 - INFO - HTTP Request: GET https://planilhaandrieli.jords.site/api/database/rows/table/677/?user_field_names=true&size=200 "HTTP/1.1 200 OK"
2026-01-08 06:24:49,576 - INFO - HTTP Request: GET https://planilhaandrieli.jords.site/api/database/rows/table/673/?user_field_names=true "HTTP/1.1 200 OK"
2026-01-08 06:25:04,658 - INFO - HTTP Request: GET https://planilhaandrieli.jords.site/api/database/rows/table/677/?user_field_names=true&size=200 "HTTP/1.1 200 OK"
2026-01-08 06:25:04,667 - INFO - HTTP Request: GET https://planilhaandrieli.jords.site/api/database/rows/table/673/?user_field_names=true "HTTP/1.1 200 OK"
2026-01-08 06:25:06,273 - INFO - HTTP Request: GET https://planilhaandrieli.jords.site/api/database/rows/table/677/?user_field_names=true&size=200 "HTTP/1.1 200 OK"
2026-01-08 06:25:06,275 - INFO - HTTP Request: GET https://planilhaandrieli.jords.site/api/database/rows/table/673/?user_field_names=true "HTTP/1.1 200 OK"
2026-01-08 06:27:17,307 - INFO - HTTP Request: GET https://planilhaandrieli.jords.site/api/database/rows/table/677/?user_field_names=true&size=200 "HTTP/1.1 200 OK"
2026-01-08 06:27:17,308 - INFO - HTTP Request: GET https://planilhaandrieli.jords.site/api/database/rows/table/673/?user_field_names=true "HTTP/1.1 200 OK"
2026-01-08 06:27:18,889 - INFO - HTTP Request: GET https://planilhaandrieli.jords.site/api/database/rows/table/677/?user_field_names=true&size=200 "HTTP/1.1 200 OK"
2026-01-08 06:27:18,891 - INFO - HTTP Request: GET https://planilhaandrieli.jords.site/api/database/rows/table/673/?user_field_names=true "HTTP/1.1 200 OK"
2026-01-08 06:28:21,353 - INFO - HTTP Request: GET https://planilhaandrieli.jords.site/api/database/rows/table/677/?user_field_names=true&size=200 "HTTP/1.1 200 OK"
2026-01-08 06:28:21,356 - INFO - HTTP Request: GET https://planilhaandrieli.jords.site/api/database/rows/table/673/?user_field_names=true "HTTP/1.1 200 OK"
2026-01-08 06:28:21,771 - INFO - HTTP Request: GET https://planilhaandrieli.jords.site/api/database/rows/table/677/?user_field_names=true&size=200 "HTTP/1.1 200 OK"
2026-01-08 06:28:21,778 - INFO - HTTP Request: GET https://planilhaandrieli.jords.site/api/database/rows/table/673/?user_field_names=true "HTTP/1.1 200 OK"
2026-01-08 06:31:38,049 - INFO - HTTP Request: GET https://planilhaandrieli.jords.site/api/database/rows/table/677/?user_field_names=true&size=2000 "HTTP/1.1 400 Bad Request"
2026-01-08 06:31:38,062 - INFO - HTTP Request: GET https://planilhaandrieli.jords.site/api/database/rows/table/673/?user_field_names=true "HTTP/1.1 200 OK"
2026-01-08 06:31:39,188 - INFO - HTTP Request: GET https://planilhaandrieli.jords.site/api/database/rows/table/677/?user_field_names=true&size=2000 "HTTP/1.1 400 Bad Request"
2026-01-08 06:31:39,205 - INFO - HTTP Request: GET https://planilhaandrieli.jords.site/api/database/rows/table/673/?user_field_names=true "HTTP/1.1 200 OK"
2026-01-08 06:32:35,370 - INFO - HTTP Request: GET https://planilhaandrieli.jords.site/api/database/rows/table/677/?user_field_names=true&size=2000 "HTTP/1.1 400 Bad Request"
2026-01-08 06:32:35,387 - INFO - HTTP Request: GET https://planilhaandrieli.jords.site/api/database/rows/table/673/?user_field_names=true "HTTP/1.1 200 OK"
2026-01-08 06:32:39,315 - INFO - HTTP Request: GET https://planilhaandrieli.jords.site/api/database/rows/table/677/?user_field_names=true&size=2000 "HTTP/1.1 400 Bad Request"
2026-01-08 06:32:39,339 - INFO - HTTP Request: GET https://planilhaandrieli.jords.site/api/database/rows/table/673/?user_field_names=true "HTTP/1.1 200 OK"
2026-01-08 06:32:57,699 - INFO - HTTP Request: GET https://planilhaandrieli.jords.site/api/database/rows/table/677/?user_field_names=true&size=2000 "HTTP/1.1 400 Bad Request"
2026-01-08 06:32:57,718 - INFO - HTTP Request: GET https://planilhaandrieli.jords.site/api/database/rows/table/673/?user_field_names=true "HTTP/1.1 200 OK"
2026-01-08 06:33:01,656 - INFO - HTTP Request: GET https://planilhaandrieli.jords.site/api/database/rows/table/677/?user_field_names=true&size=2000 "HTTP/1.1 400 Bad Request"
2026-01-08 06:33:01,673 - INFO - HTTP Request: GET https://planilhaandrieli.jords.site/api/database/rows/table/673/?user_field_names=true "HTTP/1.1 200 OK"
2026-01-08 06:34:18,787 - INFO - HTTP Request: GET https://planilhaandrieli.jords.site/api/database/rows/table/673/?user_field_names=true "HTTP/1.1 200 OK"
2026-01-08 06:34:18,791 - INFO - HTTP Request: GET https://planilhaandrieli.jords.site/api/database/rows/table/677/?user_field_names=true&size=2000 "HTTP/1.1 400 Bad Request"
2026-01-08 06:34:36,426 - INFO - HTTP Request: GET https://planilhaandrieli.jords.site/api/database/rows/table/677/?user_field_names=true&size=2000 "HTTP/1.1 400 Bad Request"
2026-01-08 06:34:36,437 - INFO - HTTP Request: GET https://planilhaandrieli.jords.site/api/database/rows/table/673/?user_field_names=true "HTTP/1.1 200 OK"
2026-01-08 06:34:39,497 - INFO - HTTP Request: GET https://planilhaandrieli.jords.site/api/database/rows/table/677/?user_field_names=true&size=2000 "HTTP/1.1 400 Bad Request"
2026-01-08 06:34:39,510 - INFO - HTTP Request: GET https://planilhaandrieli.jords.site/api/database/rows/table/673/?user_field_names=true "HTTP/1.1 200 OK"
2026-01-08 06:35:52,323 - INFO - HTTP Request: GET https://planilhaandrieli.jords.site/api/database/rows/table/678/?user_field_names=true&filter__field_Email__equal=aryarajunity%40gmail.com "HTTP/1.1 200 OK"
2026-01-08 06:35:53,283 - INFO - HTTP Request: GET https://planilhaandrieli.jords.site/api/database/rows/table/678/?user_field_names=true&filter__field_Email__equal=aryarajunity%40gmail.com "HTTP/1.1 200 OK"
2026-01-08 06:35:55,217 - INFO - HTTP Request: GET https://planilhaandrieli.jords.site/api/database/rows/table/677/?user_field_names=true&size=2000 "HTTP/1.1 400 Bad Request"
2026-01-08 06:35:55,224 - INFO - HTTP Request: GET https://planilhaandrieli.jords.site/api/database/rows/table/673/?user_field_names=true "HTTP/1.1 200 OK"
2026-01-08 06:35:58,014 - INFO - HTTP Request: GET https://planilhaandrieli.jords.site/api/database/rows/table/677/?user_field_names=true&size=2000 "HTTP/1.1 400 Bad Request"
2026-01-08 06:35:58,024 - INFO - HTTP Request: GET https://planilhaandrieli.jords.site/api/database/rows/table/673/?user_field_names=true "HTTP/1.1 200 OK"
2026-01-08 06:39:45,127 - INFO - HTTP Request: GET https://planilhaandrieli.jords.site/api/database/rows/table/677/?user_field_names=true&size=2000 "HTTP/1.1 400 Bad Request"
2026-01-08 06:39:45,142 - INFO - HTTP Request: GET https://planilhaandrieli.jords.site/api/database/rows/table/677/?user_field_names=true&size=2000 "HTTP/1.1 400 Bad Request"
2026-01-08 06:39:45,162 - INFO - HTTP Request: GET https://planilhaandrieli.jords.site/api/database/rows/table/673/?user_field_names=true "HTTP/1.1 200 OK"
2026-01-08 06:39:45,183 - INFO - HTTP Request: GET https://planilhaandrieli.jords.site/api/database/rows/table/673/?user_field_names=true "HTTP/1.1 200 OK"
2026-01-08 06:42:42,145 - INFO - HTTP Request: GET https://planilhaandrieli.jords.site/api/database/rows/table/677/?user_field_names=true&size=2000 "HTTP/1.1 400 Bad Request"
2026-01-08 06:42:42,213 - INFO - HTTP Request: GET https://planilhaandrieli.jords.site/api/database/rows/table/673/?user_field_names=true "HTTP/1.1 200 OK"
2026-01-08 06:42:42,227 - INFO - HTTP Request: GET https://planilhaandrieli.jords.site/api/database/rows/table/677/?user_field_names=true&size=2000 "HTTP/1.1 400 Bad Request"
2026-01-08 06:42:42,243 - INFO - HTTP Request: GET https://planilhaandrieli.jords.site/api/database/rows/table/673/?user_field_names=true "HTTP/1.1 200 OK"
2026-01-08 06:44:33,119 - INFO - HTTP Request: GET https://planilhaandrieli.jords.site/api/database/rows/table/677/?user_field_names=true&size=2000 "HTTP/1.1 400 Bad Request"
2026-01-08 06:44:33,206 - INFO - HTTP Request: GET https://planilhaandrieli.jords.site/api/database/rows/table/673/?user_field_names=true "HTTP/1.1 200 OK"
2026-01-08 06:44:33,207 - INFO - HTTP Request: GET https://planilhaandrieli.jords.site/api/database/rows/table/677/?user_field_names=true&size=2000 "HTTP/1.1 400 Bad Request"
2026-01-08 06:44:33,224 - INFO - HTTP Request: GET https://planilhaandrieli.jords.site/api/database/rows/table/673/?user_field_names=true "HTTP/1.1 200 OK"
2026-01-08 06:49:37,425 - INFO - HTTP Request: GET https://planilhaandrieli.jords.site/api/database/rows/table/677/?user_field_names=true&size=2000 "HTTP/1.1 400 Bad Request"
2026-01-08 06:49:37,430 - INFO - HTTP Request: GET https://planilhaandrieli.jords.site/api/database/rows/table/677/?user_field_names=true&size=2000 "HTTP/1.1 400 Bad Request"
2026-01-08 06:49:37,451 - INFO - HTTP Request: GET https://planilhaandrieli.jords.site/api/database/rows/table/673/?user_field_names=true "HTTP/1.1 200 OK"
2026-01-08 06:49:37,509 - INFO - HTTP Request: GET https://planilhaandrieli.jords.site/api/database/rows/table/673/?user_field_names=true "HTTP/1.1 200 OK"
2026-01-08 08:09:28,153 - INFO - HTTP Request: GET https://planilhaandrieli.jords.site/api/database/rows/table/678/?user_field_names=true&filter__field_Email__equal=aryarajunity%40gmail.com "HTTP/1.1 200 OK"
2026-01-08 08:09:28,832 - INFO - HTTP Request: GET https://planilhaandrieli.jords.site/api/database/rows/table/678/?user_field_names=true&filter__field_Email__equal=aryarajunity%40gmail.com "HTTP/1.1 200 OK"
2026-01-08 08:09:29,734 - INFO - HTTP Request: GET https://planilhaandrieli.jords.site/api/database/rows/table/673/?user_field_names=true "HTTP/1.1 200 OK"
2026-01-08 08:09:29,735 - INFO - HTTP Request: GET https://planilhaandrieli.jords.site/api/database/rows/table/677/?user_field_names=true&size=2000 "HTTP/1.1 400 Bad Request"
2026-01-08 08:09:31,879 - INFO - HTTP Request: GET https://planilhaandrieli.jords.site/api/database/rows/table/677/?user_field_names=true&size=2000 "HTTP/1.1 400 Bad Request"
2026-01-08 08:09:31,928 - INFO - HTTP Request: GET https://planilhaandrieli.jords.site/api/database/rows/table/673/?user_field_names=true "HTTP/1.1 200 OK"
2026-01-08 08:30:58,511 - INFO - HTTP Request: GET https://planilhaandrieli.jords.site/api/database/rows/table/673/?user_field_names=true "HTTP/1.1 200 OK"
2026-01-08 08:30:58,541 - INFO - HTTP Request: GET https://planilhaandrieli.jords.site/api/database/rows/table/677/?user_field_names=true&size=2000 "HTTP/1.1 400 Bad Request"
2026-01-08 08:30:58,578 - INFO - HTTP Request: GET https://planilhaandrieli.jords.site/api/database/rows/table/677/?user_field_names=true&size=2000 "HTTP/1.1 400 Bad Request"
2026-01-08 08:30:58,592 - INFO - HTTP Request: GET https://planilhaandrieli.jords.site/api/database/rows/table/673/?user_field_names=true "HTTP/1.1 200 OK"
2026-01-08 08:33:56,900 - INFO - HTTP Request: GET https://planilhaandrieli.jords.site/api/database/rows/table/677/?user_field_names=true&size=2000 "HTTP/1.1 400 Bad Request"
2026-01-08 08:33:56,905 - INFO - HTTP Request: GET https://planilhaandrieli.jords.site/api/database/rows/table/677/?user_field_names=true&size=2000 "HTTP/1.1 400 Bad Request"
2026-01-08 08:33:56,986 - INFO - HTTP Request: GET https://planilhaandrieli.jords.site/api/database/rows/table/673/?user_field_names=true "HTTP/1.1 200 OK"
2026-01-08 08:33:56,994 - INFO - HTTP Request: GET https://planilhaandrieli.jords.site/api/database/rows/table/673/?user_field_names=true "HTTP/1.1 200 OK"
2026-01-08 08:36:20,195 - INFO - HTTP Request: GET https://planilhaandrieli.jords.site/api/database/rows/table/677/?user_field_names=true&size=2000 "HTTP/1.1 400 Bad Request"
2026-01-08 08:36:20,202 - INFO - HTTP Request: GET https://planilhaandrieli.jords.site/api/database/rows/table/677/?user_field_names=true&size=2000 "HTTP/1.1 400 Bad Request"
2026-01-08 08:36:20,209 - INFO - HTTP Request: GET https://planilhaandrieli.jords.site/api/database/rows/table/673/?user_field_names=true "HTTP/1.1 200 OK"
2026-01-08 08:36:20,228 - INFO - HTTP Request: GET https://planilhaandrieli.jords.site/api/database/rows/table/673/?user_field_names=true "HTTP/1.1 200 OK"
2026-01-08 09:09:53,988 - INFO - HTTP Request: GET https://planilhaandrieli.jords.site/api/database/rows/table/678/?user_field_names=true&filter__field_Email__equal=aryarajunity%40gmail.com "HTTP/1.1 200 OK"
2026-01-08 09:09:55,557 - INFO - HTTP Request: GET https://planilhaandrieli.jords.site/api/database/rows/table/678/?user_field_names=true&filter__field_Email__equal=aryarajunity%40gmail.com "HTTP/1.1 200 OK"
2026-01-08 09:09:59,972 - INFO - HTTP Request: GET https://planilhaandrieli.jords.site/api/database/rows/table/673/?user_field_names=true "HTTP/1.1 200 OK"
2026-01-08 09:09:59,982 - INFO - HTTP Request: GET https://planilhaandrieli.jords.site/api/database/rows/table/677/?user_field_names=true&size=2000 "HTTP/1.1 400 Bad Request"
2026-01-08 09:09:59,996 - INFO - HTTP Request: GET https://planilhaandrieli.jords.site/api/database/rows/table/673/?user_field_names=true "HTTP/1.1 200 OK"
2026-01-08 09:09:59,998 - INFO - HTTP Request: GET https://planilhaandrieli.jords.site/api/database/rows/table/677/?user_field_names=true&size=2000 "HTTP/1.1 400 Bad Request"
2026-01-08 09:10:09,090 - INFO - HTTP Request: GET https://planilhaandrieli.jords.site/api/database/rows/table/677/?user_field_names=true&size=2000 "HTTP/1.1 400 Bad Request"
2026-01-08 09:10:09,110 - INFO - HTTP Request: GET https://planilhaandrieli.jords.site/api/database/rows/table/673/?user_field_names=true "HTTP/1.1 200 OK"
2026-01-08 09:12:23,997 - INFO - HTTP Request: GET https://planilhaandrieli.jords.site/api/database/rows/table/677/?user_field_names=true&size=2000 "HTTP/1.1 400 Bad Request"
2026-01-08 09:12:24,019 - INFO - HTTP Request: GET https://planilhaandrieli.jords.site/api/database/rows/table/673/?user_field_names=true "HTTP/1.1 200 OK"
2026-01-08 09:12:24,023 - INFO - HTTP Request: GET https://planilhaandrieli.jords.site/api/database/rows/table/673/?user_field_names=true "HTTP/1.1 200 OK"
2026-01-08 09:12:24,033 - INFO - HTTP Request: GET https://planilhaandrieli.jords.site/api/database/rows/table/677/?user_field_names=true&size=2000 "HTTP/1.1 400 Bad Request"
2026-01-08 09:16:09,305 - INFO - HTTP Request: GET https://planilhaandrieli.jords.site/api/database/rows/table/677/?user_field_names=true&size=2000 "HTTP/1.1 400 Bad Request"
2026-01-08 09:16:09,315 - INFO - HTTP Request: GET https://planilhaandrieli.jords.site/api/database/rows/table/673/?user_field_names=true "HTTP/1.1 200 OK"
2026-01-08 09:19:38,245 - INFO - HTTP Request: GET https://planilhaandrieli.jords.site/api/database/rows/table/677/?user_field_names=true&size=2000 "HTTP/1.1 400 Bad Request"
2026-01-08 09:19:38,260 - INFO - HTTP Request: GET https://planilhaandrieli.jords.site/api/database/rows/table/673/?user_field_names=true "HTTP/1.1 200 OK"
2026-01-08 09:19:48,906 - INFO - HTTP Request: GET https://planilhaandrieli.jords.site/api/database/rows/table/677/?user_field_names=true&size=2000 "HTTP/1.1 400 Bad Request"
2026-01-08 09:19:48,917 - INFO - HTTP Request: GET https://planilhaandrieli.jords.site/api/database/rows/table/673/?user_field_names=true "HTTP/1.1 200 OK"
2026-01-08 09:19:59,240 - INFO - HTTP Request: GET https://planilhaandrieli.jords.site/api/database/rows/table/677/?user_field_names=true&size=2000 "HTTP/1.1 400 Bad Request"
2026-01-08 09:19:59,248 - INFO - HTTP Request: GET https://planilhaandrieli.jords.site/api/database/rows/table/673/?user_field_names=true "HTTP/1.1 200 OK"
2026-01-08 09:20:08,689 - INFO - HTTP Request: GET https://planilhaandrieli.jords.site/api/database/rows/table/677/?user_field_names=true&size=2000 "HTTP/1.1 400 Bad Request"
2026-01-08 09:20:08,705 - INFO - HTTP Request: GET https://planilhaandrieli.jords.site/api/database/rows/table/673/?user_field_names=true "HTTP/1.1 200 OK"
2026-01-08 09:20:18,314 - INFO - HTTP Request: GET https://planilhaandrieli.jords.site/api/database/rows/table/673/?user_field_names=true "HTTP/1.1 200 OK"
2026-01-08 09:20:18,368 - INFO - HTTP Request: GET https://planilhaandrieli.jords.site/api/database/rows/table/677/?user_field_names=true&size=2000 "HTTP/1.1 400 Bad Request"
2026-01-08 09:20:18,385 - INFO - HTTP Request: GET https://planilhaandrieli.jords.site/api/database/rows/table/677/?user_field_names=true&size=2000 "HTTP/1.1 400 Bad Request"
2026-01-08 09:20:18,417 - INFO - HTTP Request: GET https://planilhaandrieli.jords.site/api/database/rows/table/673/?user_field_names=true "HTTP/1.1 200 OK"
2026-01-08 09:20:26,441 - INFO - HTTP Request: GET https://planilhaandrieli.jords.site/api/database/rows/table/677/?user_field_names=true&size=2000 "HTTP/1.1 400 Bad Request"
2026-01-08 09:20:26,446 - INFO - HTTP Request: GET https://planilhaandrieli.jords.site/api/database/rows/table/673/?user_field_names=true "HTTP/1.1 200 OK"
2026-01-08 09:20:36,420 - INFO - HTTP Request: GET https://planilhaandrieli.jords.site/api/database/rows/table/677/?user_field_names=true&size=2000 "HTTP/1.1 400 Bad Request"
2026-01-08 09:20:36,454 - INFO - HTTP Request: GET https://planilhaandrieli.jords.site/api/database/rows/table/673/?user_field_names=true "HTTP/1.1 200 OK"
2026-01-08 09:20:46,984 - INFO - HTTP Request: GET https://planilhaandrieli.jords.site/api/database/rows/table/677/?user_field_names=true&size=2000 "HTTP/1.1 400 Bad Request"
2026-01-08 09:20:47,286 - INFO - HTTP Request: GET https://planilhaandrieli.jords.site/api/database/rows/table/673/?user_field_names=true "HTTP/1.1 200 OK"
2026-01-08 09:20:56,798 - INFO - HTTP Request: GET https://planilhaandrieli.jords.site/api/database/rows/table/677/?user_field_names=true&size=2000 "HTTP/1.1 400 Bad Request"
2026-01-08 09:20:56,826 - INFO - HTTP Request: GET https://planilhaandrieli.jords.site/api/database/rows/table/673/?user_field_names=true "HTTP/1.1 200 OK"
2026-01-08 09:21:06,373 - INFO - HTTP Request: GET https://planilhaandrieli.jords.site/api/database/rows/table/677/?user_field_names=true&size=2000 "HTTP/1.1 400 Bad Request"
2026-01-08 09:21:06,402 - INFO - HTTP Request: GET https://planilhaandrieli.jords.site/api/database/rows/table/673/?user_field_names=true "HTTP/1.1 200 OK"
2026-01-08 09:21:17,043 - INFO - HTTP Request: GET https://planilhaandrieli.jords.site/api/database/rows/table/677/?user_field_names=true&size=2000 "HTTP/1.1 400 Bad Request"
2026-01-08 09:21:17,073 - INFO - HTTP Request: GET https://planilhaandrieli.jords.site/api/database/rows/table/673/?user_field_names=true "HTTP/1.1 200 OK"
2026-01-08 09:21:22,747 - INFO - HTTP Request: GET https://docs.google.com/document/d/1kK6TVaq2CyN1GMldzMxwAKECMuahjKrogTnoJUrqeqw/export?format=pdf "HTTP/1.1 307 Temporary Redirect"
2026-01-08 09:21:22,751 - INFO - ==================================================
2026-01-08 09:21:22,753 - INFO - 🛑 DIAGNÓSTICO DE ENVIO (TEXTO)
2026-01-08 09:21:22,754 - INFO - 🔍 Chatwoot: Buscando contato +558596123586 na URL https://chatandrieli.jords.site/api/v1/accounts/2/contacts/search
2026-01-08 09:21:23,861 - INFO - HTTP Request: GET https://chatandrieli.jords.site/api/v1/accounts/2/contacts/search?q=%2B558596123586 "HTTP/1.1 200 OK"
2026-01-08 09:21:23,879 - INFO - ✅ Chatwoot: Contato existente encontrado.
2026-01-08 09:21:26,285 - INFO - HTTP Request: GET https://chatandrieli.jords.site/api/v1/accounts/2/contacts/4/conversations "HTTP/1.1 200 OK"
2026-01-08 09:21:26,287 - INFO - ✅ Chatwoot: Conversa aberta encontrada (ID: 4). Reutilizando.
2026-01-08 09:21:26,289 - INFO - ✅ Conversa Alvo ID: 4
2026-01-08 09:21:26,289 - INFO - 🚀 Chatwoot: Enviando TEXTO (Sequência) para conversa 4...
2026-01-08 09:21:27,337 - INFO - HTTP Request: GET https://planilhaandrieli.jords.site/api/database/rows/table/677/?user_field_names=true&size=2000 "HTTP/1.1 400 Bad Request"
2026-01-08 09:21:27,351 - INFO - HTTP Request: POST https://chatandrieli.jords.site/api/v1/accounts/2/conversations/4/messages "HTTP/1.1 200 OK"
2026-01-08 09:21:27,357 - INFO - HTTP Request: GET https://planilhaandrieli.jords.site/api/database/rows/table/673/?user_field_names=true "HTTP/1.1 200 OK"
2026-01-08 09:21:36,742 - INFO - HTTP Request: GET https://planilhaandrieli.jords.site/api/database/rows/table/673/?user_field_names=true "HTTP/1.1 200 OK"
2026-01-08 09:21:36,743 - INFO - HTTP Request: GET https://planilhaandrieli.jords.site/api/database/rows/table/677/?user_field_names=true&size=2000 "HTTP/1.1 400 Bad Request"
2026-01-08 09:21:46,661 - INFO - HTTP Request: GET https://planilhaandrieli.jords.site/api/database/rows/table/677/?user_field_names=true&size=2000 "HTTP/1.1 400 Bad Request"
2026-01-08 09:21:46,688 - INFO - HTTP Request: GET https://planilhaandrieli.jords.site/api/database/rows/table/673/?user_field_names=true "HTTP/1.1 200 OK"
2026-01-08 09:21:56,973 - INFO - HTTP Request: GET https://planilhaandrieli.jords.site/api/database/rows/table/677/?user_field_names=true&size=2000 "HTTP/1.1 400 Bad Request"
2026-01-08 09:21:57,000 - INFO - HTTP Request: GET https://planilhaandrieli.jords.site/api/database/rows/table/673/?user_field_names=true "HTTP/1.1 200 OK"
2026-01-08 09:22:06,987 - INFO - HTTP Request: GET https://planilhaandrieli.jords.site/api/database/rows/table/677/?user_field_names=true&size=2000 "HTTP/1.1 400 Bad Request"
2026-01-08 09:22:07,005 - INFO - HTTP Request: GET https://planilhaandrieli.jords.site/api/database/rows/table/673/?user_field_names=true "HTTP/1.1 200 OK"
2026-01-08 09:22:16,982 - INFO - HTTP Request: GET https://planilhaandrieli.jords.site/api/database/rows/table/677/?user_field_names=true&size=2000 "HTTP/1.1 400 Bad Request"
2026-01-08 09:22:17,006 - INFO - HTTP Request: GET https://planilhaandrieli.jords.site/api/database/rows/table/673/?user_field_names=true "HTTP/1.1 200 OK"
2026-01-08 09:22:25,919 - INFO - HTTP Request: GET https://planilhaandrieli.jords.site/api/database/rows/table/677/?user_field_names=true&size=2000 "HTTP/1.1 400 Bad Request"
2026-01-08 09:22:25,956 - INFO - HTTP Request: GET https://planilhaandrieli.jords.site/api/database/rows/table/673/?user_field_names=true "HTTP/1.1 200 OK"
2026-01-08 09:22:36,625 - INFO - HTTP Request: GET https://planilhaandrieli.jords.site/api/database/rows/table/677/?user_field_names=true&size=2000 "HTTP/1.1 400 Bad Request"
2026-01-08 09:22:36,639 - INFO - HTTP Request: GET https://planilhaandrieli.jords.site/api/database/rows/table/673/?user_field_names=true "HTTP/1.1 200 OK"
2026-01-08 09:22:46,443 - INFO - HTTP Request: GET https://planilhaandrieli.jords.site/api/database/rows/table/677/?user_field_names=true&size=2000 "HTTP/1.1 400 Bad Request"
2026-01-08 09:22:46,459 - INFO - HTTP Request: GET https://planilhaandrieli.jords.site/api/database/rows/table/673/?user_field_names=true "HTTP/1.1 200 OK"
2026-01-08 09:22:56,859 - INFO - HTTP Request: GET https://planilhaandrieli.jords.site/api/database/rows/table/677/?user_field_names=true&size=2000 "HTTP/1.1 400 Bad Request"
2026-01-08 09:22:56,879 - INFO - HTTP Request: GET https://planilhaandrieli.jords.site/api/database/rows/table/673/?user_field_names=true "HTTP/1.1 200 OK"
2026-01-08 09:23:06,489 - INFO - HTTP Request: GET https://planilhaandrieli.jords.site/api/database/rows/table/677/?user_field_names=true&size=2000 "HTTP/1.1 400 Bad Request"
2026-01-08 09:23:06,581 - INFO - HTTP Request: GET https://planilhaandrieli.jords.site/api/database/rows/table/673/?user_field_names=true "HTTP/1.1 200 OK"
2026-01-08 09:23:16,747 - INFO - HTTP Request: GET https://planilhaandrieli.jords.site/api/database/rows/table/677/?user_field_names=true&size=2000 "HTTP/1.1 400 Bad Request"
2026-01-08 09:23:16,768 - INFO - HTTP Request: GET https://planilhaandrieli.jords.site/api/database/rows/table/673/?user_field_names=true "HTTP/1.1 200 OK"
2026-01-08 09:23:26,084 - INFO - HTTP Request: GET https://planilhaandrieli.jords.site/api/database/rows/table/677/?user_field_names=true&size=2000 "HTTP/1.1 400 Bad Request"
2026-01-08 09:23:26,088 - INFO - HTTP Request: GET https://planilhaandrieli.jords.site/api/database/rows/table/673/?user_field_names=true "HTTP/1.1 200 OK"
2026-01-08 09:23:36,206 - INFO - HTTP Request: GET https://planilhaandrieli.jords.site/api/database/rows/table/677/?user_field_names=true&size=2000 "HTTP/1.1 400 Bad Request"
2026-01-08 09:23:36,227 - INFO - HTTP Request: GET https://planilhaandrieli.jords.site/api/database/rows/table/673/?user_field_names=true "HTTP/1.1 200 OK"
2026-01-08 09:23:45,927 - INFO - HTTP Request: GET https://planilhaandrieli.jords.site/api/database/rows/table/677/?user_field_names=true&size=2000 "HTTP/1.1 400 Bad Request"
2026-01-08 09:23:45,953 - INFO - HTTP Request: GET https://planilhaandrieli.jords.site/api/database/rows/table/673/?user_field_names=true "HTTP/1.1 200 OK"
2026-01-08 09:23:56,232 - INFO - HTTP Request: GET https://planilhaandrieli.jords.site/api/database/rows/table/677/?user_field_names=true&size=2000 "HTTP/1.1 400 Bad Request"
2026-01-08 09:23:56,237 - INFO - HTTP Request: GET https://planilhaandrieli.jords.site/api/database/rows/table/673/?user_field_names=true "HTTP/1.1 200 OK"
2026-01-08 09:24:06,855 - INFO - HTTP Request: GET https://planilhaandrieli.jords.site/api/database/rows/table/677/?user_field_names=true&size=2000 "HTTP/1.1 400 Bad Request"
2026-01-08 09:24:06,876 - INFO - HTTP Request: GET https://planilhaandrieli.jords.site/api/database/rows/table/673/?user_field_names=true "HTTP/1.1 200 OK"
2026-01-08 09:24:17,834 - INFO - HTTP Request: GET https://planilhaandrieli.jords.site/api/database/rows/table/677/?user_field_names=true&size=2000 "HTTP/1.1 400 Bad Request"
2026-01-08 09:24:17,853 - INFO - HTTP Request: GET https://planilhaandrieli.jords.site/api/database/rows/table/673/?user_field_names=true "HTTP/1.1 200 OK"
2026-01-08 09:24:31,841 - INFO - HTTP Request: GET https://planilhaandrieli.jords.site/api/database/rows/table/677/?user_field_names=true&size=2000 "HTTP/1.1 400 Bad Request"
2026-01-08 09:24:31,894 - INFO - HTTP Request: GET https://planilhaandrieli.jords.site/api/database/rows/table/673/?user_field_names=true "HTTP/1.1 200 OK"
2026-01-08 09:24:41,981 - INFO - HTTP Request: GET https://planilhaandrieli.jords.site/api/database/rows/table/677/?user_field_names=true&size=2000 "HTTP/1.1 400 Bad Request"
2026-01-08 09:24:42,006 - INFO - HTTP Request: GET https://planilhaandrieli.jords.site/api/database/rows/table/673/?user_field_names=true "HTTP/1.1 200 OK"
2026-01-08 09:24:45,906 - INFO - HTTP Request: GET https://planilhaandrieli.jords.site/api/database/rows/table/677/?user_field_names=true&size=2000 "HTTP/1.1 400 Bad Request"
2026-01-08 09:24:45,920 - INFO - HTTP Request: GET https://planilhaandrieli.jords.site/api/database/rows/table/673/?user_field_names=true "HTTP/1.1 200 OK"
2026-01-08 09:24:55,974 - INFO - HTTP Request: GET https://planilhaandrieli.jords.site/api/database/rows/table/677/?user_field_names=true&size=2000 "HTTP/1.1 400 Bad Request"
2026-01-08 09:24:56,007 - INFO - HTTP Request: GET https://planilhaandrieli.jords.site/api/database/rows/table/673/?user_field_names=true "HTTP/1.1 200 OK"
2026-01-08 09:25:06,221 - INFO - HTTP Request: GET https://planilhaandrieli.jords.site/api/database/rows/table/677/?user_field_names=true&size=2000 "HTTP/1.1 400 Bad Request"
2026-01-08 09:25:06,242 - INFO - HTTP Request: GET https://planilhaandrieli.jords.site/api/database/rows/table/673/?user_field_names=true "HTTP/1.1 200 OK"
2026-01-08 09:25:15,873 - INFO - HTTP Request: GET https://planilhaandrieli.jords.site/api/database/rows/table/677/?user_field_names=true&size=2000 "HTTP/1.1 400 Bad Request"
2026-01-08 09:25:15,900 - INFO - HTTP Request: GET https://planilhaandrieli.jords.site/api/database/rows/table/673/?user_field_names=true "HTTP/1.1 200 OK"
2026-01-08 09:25:26,960 - INFO - HTTP Request: GET https://planilhaandrieli.jords.site/api/database/rows/table/677/?user_field_names=true&size=2000 "HTTP/1.1 400 Bad Request"
2026-01-08 09:25:26,970 - INFO - HTTP Request: GET https://planilhaandrieli.jords.site/api/database/rows/table/673/?user_field_names=true "HTTP/1.1 200 OK"
2026-01-08 09:25:36,577 - INFO - HTTP Request: GET https://planilhaandrieli.jords.site/api/database/rows/table/677/?user_field_names=true&size=2000 "HTTP/1.1 400 Bad Request"
2026-01-08 09:25:36,591 - INFO - HTTP Request: GET https://planilhaandrieli.jords.site/api/database/rows/table/673/?user_field_names=true "HTTP/1.1 200 OK"
2026-01-08 09:25:46,959 - INFO - HTTP Request: GET https://planilhaandrieli.jords.site/api/database/rows/table/677/?user_field_names=true&size=2000 "HTTP/1.1 400 Bad Request"
2026-01-08 09:25:46,998 - INFO - HTTP Request: GET https://planilhaandrieli.jords.site/api/database/rows/table/673/?user_field_names=true "HTTP/1.1 200 OK"
2026-01-08 09:25:56,615 - INFO - HTTP Request: GET https://planilhaandrieli.jords.site/api/database/rows/table/677/?user_field_names=true&size=2000 "HTTP/1.1 400 Bad Request"
2026-01-08 09:25:56,631 - INFO - HTTP Request: GET https://planilhaandrieli.jords.site/api/database/rows/table/673/?user_field_names=true "HTTP/1.1 200 OK"
2026-01-08 09:26:07,006 - INFO - HTTP Request: GET https://planilhaandrieli.jords.site/api/database/rows/table/677/?user_field_names=true&size=2000 "HTTP/1.1 400 Bad Request"
2026-01-08 09:26:07,031 - INFO - HTTP Request: GET https://planilhaandrieli.jords.site/api/database/rows/table/673/?user_field_names=true "HTTP/1.1 200 OK"
2026-01-08 09:26:16,646 - INFO - HTTP Request: GET https://planilhaandrieli.jords.site/api/database/rows/table/677/?user_field_names=true&size=2000 "HTTP/1.1 400 Bad Request"
2026-01-08 09:26:16,666 - INFO - HTTP Request: GET https://planilhaandrieli.jords.site/api/database/rows/table/673/?user_field_names=true "HTTP/1.1 200 OK"
2026-01-08 09:26:26,822 - INFO - HTTP Request: GET https://planilhaandrieli.jords.site/api/database/rows/table/673/?user_field_names=true "HTTP/1.1 200 OK"
2026-01-08 09:26:26,853 - INFO - HTTP Request: GET https://planilhaandrieli.jords.site/api/database/rows/table/677/?user_field_names=true&size=2000 "HTTP/1.1 400 Bad Request"
2026-01-08 09:26:36,802 - INFO - HTTP Request: GET https://planilhaandrieli.jords.site/api/database/rows/table/677/?user_field_names=true&size=2000 "HTTP/1.1 400 Bad Request"
2026-01-08 09:26:36,822 - INFO - HTTP Request: GET https://planilhaandrieli.jords.site/api/database/rows/table/673/?user_field_names=true "HTTP/1.1 200 OK"
2026-01-08 09:26:46,589 - INFO - HTTP Request: GET https://planilhaandrieli.jords.site/api/database/rows/table/677/?user_field_names=true&size=2000 "HTTP/1.1 400 Bad Request"
2026-01-08 09:26:46,611 - INFO - HTTP Request: GET https://planilhaandrieli.jords.site/api/database/rows/table/673/?user_field_names=true "HTTP/1.1 200 OK"
2026-01-08 09:26:56,809 - INFO - HTTP Request: GET https://planilhaandrieli.jords.site/api/database/rows/table/673/?user_field_names=true "HTTP/1.1 200 OK"
2026-01-08 09:26:56,816 - INFO - HTTP Request: GET https://planilhaandrieli.jords.site/api/database/rows/table/677/?user_field_names=true&size=2000 "HTTP/1.1 400 Bad Request"
2026-01-08 09:27:07,453 - INFO - HTTP Request: GET https://planilhaandrieli.jords.site/api/database/rows/table/673/?user_field_names=true "HTTP/1.1 200 OK"
2026-01-08 09:27:08,450 - INFO - HTTP Request: GET https://planilhaandrieli.jords.site/api/database/rows/table/677/?user_field_names=true&size=2000 "HTTP/1.1 400 Bad Request"
2026-01-08 09:27:16,891 - INFO - HTTP Request: GET https://planilhaandrieli.jords.site/api/database/rows/table/677/?user_field_names=true&size=2000 "HTTP/1.1 400 Bad Request"
2026-01-08 09:27:16,898 - INFO - HTTP Request: GET https://planilhaandrieli.jords.site/api/database/rows/table/673/?user_field_names=true "HTTP/1.1 200 OK"
2026-01-08 09:27:26,531 - INFO - HTTP Request: GET https://planilhaandrieli.jords.site/api/database/rows/table/677/?user_field_names=true&size=2000 "HTTP/1.1 400 Bad Request"
2026-01-08 09:27:26,549 - INFO - HTTP Request: GET https://planilhaandrieli.jords.site/api/database/rows/table/673/?user_field_names=true "HTTP/1.1 200 OK"
2026-01-08 09:27:36,906 - INFO - HTTP Request: GET https://planilhaandrieli.jords.site/api/database/rows/table/677/?user_field_names=true&size=2000 "HTTP/1.1 400 Bad Request"
2026-01-08 09:27:36,916 - INFO - HTTP Request: GET https://planilhaandrieli.jords.site/api/database/rows/table/673/?user_field_names=true "HTTP/1.1 200 OK"
2026-01-08 09:27:46,567 - INFO - HTTP Request: GET https://planilhaandrieli.jords.site/api/database/rows/table/677/?user_field_names=true&size=2000 "HTTP/1.1 400 Bad Request"
2026-01-08 09:27:46,591 - INFO - HTTP Request: GET https://planilhaandrieli.jords.site/api/database/rows/table/673/?user_field_names=true "HTTP/1.1 200 OK"
2026-01-08 09:27:56,878 - INFO - HTTP Request: GET https://planilhaandrieli.jords.site/api/database/rows/table/677/?user_field_names=true&size=2000 "HTTP/1.1 400 Bad Request"
2026-01-08 09:27:56,899 - INFO - HTTP Request: GET https://planilhaandrieli.jords.site/api/database/rows/table/673/?user_field_names=true "HTTP/1.1 200 OK"
2026-01-08 09:28:06,548 - INFO - HTTP Request: GET https://planilhaandrieli.jords.site/api/database/rows/table/677/?user_field_names=true&size=2000 "HTTP/1.1 400 Bad Request"
2026-01-08 09:28:06,564 - INFO - HTTP Request: GET https://planilhaandrieli.jords.site/api/database/rows/table/673/?user_field_names=true "HTTP/1.1 200 OK"
2026-01-08 09:28:16,842 - INFO - HTTP Request: GET https://planilhaandrieli.jords.site/api/database/rows/table/677/?user_field_names=true&size=2000 "HTTP/1.1 400 Bad Request"
2026-01-08 09:28:16,857 - INFO - HTTP Request: GET https://planilhaandrieli.jords.site/api/database/rows/table/673/?user_field_names=true "HTTP/1.1 200 OK"
2026-01-08 09:28:27,927 - INFO - HTTP Request: GET https://planilhaandrieli.jords.site/api/database/rows/table/677/?user_field_names=true&size=2000 "HTTP/1.1 400 Bad Request"
2026-01-08 09:28:27,947 - INFO - HTTP Request: GET https://planilhaandrieli.jords.site/api/database/rows/table/673/?user_field_names=true "HTTP/1.1 200 OK"
2026-01-08 09:28:36,968 - INFO - HTTP Request: GET https://planilhaandrieli.jords.site/api/database/rows/table/677/?user_field_names=true&size=2000 "HTTP/1.1 400 Bad Request"
2026-01-08 09:28:36,990 - INFO - HTTP Request: GET https://planilhaandrieli.jords.site/api/database/rows/table/673/?user_field_names=true "HTTP/1.1 200 OK"
2026-01-08 09:28:46,607 - INFO - HTTP Request: GET https://planilhaandrieli.jords.site/api/database/rows/table/677/?user_field_names=true&size=2000 "HTTP/1.1 400 Bad Request"
2026-01-08 09:28:46,634 - INFO - HTTP Request: GET https://planilhaandrieli.jords.site/api/database/rows/table/673/?user_field_names=true "HTTP/1.1 200 OK"
2026-01-08 09:28:56,911 - INFO - HTTP Request: GET https://planilhaandrieli.jords.site/api/database/rows/table/677/?user_field_names=true&size=2000 "HTTP/1.1 400 Bad Request"
2026-01-08 09:28:56,940 - INFO - HTTP Request: GET https://planilhaandrieli.jords.site/api/database/rows/table/673/?user_field_names=true "HTTP/1.1 200 OK"
2026-01-08 09:29:07,567 - INFO - HTTP Request: GET https://planilhaandrieli.jords.site/api/database/rows/table/677/?user_field_names=true&size=2000 "HTTP/1.1 400 Bad Request"
2026-01-08 09:29:07,585 - INFO - HTTP Request: GET https://planilhaandrieli.jords.site/api/database/rows/table/673/?user_field_names=true "HTTP/1.1 200 OK"
2026-01-08 09:29:16,928 - INFO - HTTP Request: GET https://planilhaandrieli.jords.site/api/database/rows/table/677/?user_field_names=true&size=2000 "HTTP/1.1 400 Bad Request"
2026-01-08 09:29:16,952 - INFO - HTTP Request: GET https://planilhaandrieli.jords.site/api/database/rows/table/673/?user_field_names=true "HTTP/1.1 200 OK"
2026-01-08 09:29:26,610 - INFO - HTTP Request: GET https://planilhaandrieli.jords.site/api/database/rows/table/677/?user_field_names=true&size=2000 "HTTP/1.1 400 Bad Request"
2026-01-08 09:29:26,638 - INFO - HTTP Request: GET https://planilhaandrieli.jords.site/api/database/rows/table/673/?user_field_names=true "HTTP/1.1 200 OK"
2026-01-08 09:30:07,923 - INFO - HTTP Request: GET https://planilhaandrieli.jords.site/api/database/rows/table/677/?user_field_names=true&size=2000 "HTTP/1.1 400 Bad Request"
2026-01-08 09:30:07,931 - INFO - HTTP Request: GET https://planilhaandrieli.jords.site/api/database/rows/table/673/?user_field_names=true "HTTP/1.1 200 OK"
2026-01-08 09:31:07,680 - INFO - HTTP Request: GET https://planilhaandrieli.jords.site/api/database/rows/table/677/?user_field_names=true&size=2000 "HTTP/1.1 400 Bad Request"
2026-01-08 09:31:07,688 - INFO - HTTP Request: GET https://planilhaandrieli.jords.site/api/database/rows/table/673/?user_field_names=true "HTTP/1.1 200 OK"
2026-01-08 09:32:07,986 - INFO - HTTP Request: GET https://planilhaandrieli.jords.site/api/database/rows/table/677/?user_field_names=true&size=2000 "HTTP/1.1 400 Bad Request"
2026-01-08 09:32:08,015 - INFO - HTTP Request: GET https://planilhaandrieli.jords.site/api/database/rows/table/673/?user_field_names=true "HTTP/1.1 200 OK"
2026-01-08 09:33:07,660 - INFO - HTTP Request: GET https://planilhaandrieli.jords.site/api/database/rows/table/677/?user_field_names=true&size=2000 "HTTP/1.1 400 Bad Request"
2026-01-08 09:33:07,672 - INFO - HTTP Request: GET https://planilhaandrieli.jords.site/api/database/rows/table/673/?user_field_names=true "HTTP/1.1 200 OK"
2026-01-08 09:34:07,962 - INFO - HTTP Request: GET https://planilhaandrieli.jords.site/api/database/rows/table/677/?user_field_names=true&size=2000 "HTTP/1.1 400 Bad Request"
2026-01-08 09:34:07,988 - INFO - HTTP Request: GET https://planilhaandrieli.jords.site/api/database/rows/table/673/?user_field_names=true "HTTP/1.1 200 OK"
2026-01-08 09:35:07,618 - INFO - HTTP Request: GET https://planilhaandrieli.jords.site/api/database/rows/table/677/?user_field_names=true&size=2000 "HTTP/1.1 400 Bad Request"
2026-01-08 09:35:07,637 - INFO - HTTP Request: GET https://planilhaandrieli.jords.site/api/database/rows/table/673/?user_field_names=true "HTTP/1.1 200 OK"
2026-01-08 09:35:33,929 - INFO - HTTP Request: GET https://planilhaandrieli.jords.site/api/database/rows/table/677/?user_field_names=true&size=2000 "HTTP/1.1 400 Bad Request"
2026-01-08 09:35:33,932 - INFO - HTTP Request: GET https://planilhaandrieli.jords.site/api/database/rows/table/673/?user_field_names=true "HTTP/1.1 200 OK"
2026-01-08 09:35:35,900 - INFO - HTTP Request: GET https://planilhaandrieli.jords.site/api/database/rows/table/673/?user_field_names=true "HTTP/1.1 200 OK"
2026-01-08 09:35:35,902 - INFO - HTTP Request: GET https://planilhaandrieli.jords.site/api/database/rows/table/677/?user_field_names=true&size=2000 "HTTP/1.1 400 Bad Request"
2026-01-08 09:35:46,933 - INFO - HTTP Request: GET https://planilhaandrieli.jords.site/api/database/rows/table/677/?user_field_names=true&size=2000 "HTTP/1.1 400 Bad Request"
2026-01-08 09:35:46,949 - INFO - HTTP Request: GET https://planilhaandrieli.jords.site/api/database/rows/table/673/?user_field_names=true "HTTP/1.1 200 OK"
2026-01-08 09:35:56,500 - INFO - HTTP Request: GET https://planilhaandrieli.jords.site/api/database/rows/table/677/?user_field_names=true&size=2000 "HTTP/1.1 400 Bad Request"
2026-01-08 09:35:56,520 - INFO - HTTP Request: GET https://planilhaandrieli.jords.site/api/database/rows/table/673/?user_field_names=true "HTTP/1.1 200 OK"
2026-01-08 09:36:06,176 - INFO - HTTP Request: GET https://planilhaandrieli.jords.site/api/database/rows/table/677/?user_field_names=true&size=2000 "HTTP/1.1 400 Bad Request"
2026-01-08 09:36:06,202 - INFO - HTTP Request: GET https://planilhaandrieli.jords.site/api/database/rows/table/673/?user_field_names=true "HTTP/1.1 200 OK"
2026-01-08 09:36:16,027 - INFO - HTTP Request: GET https://planilhaandrieli.jords.site/api/database/rows/table/677/?user_field_names=true&size=2000 "HTTP/1.1 400 Bad Request"
2026-01-08 09:36:16,063 - INFO - HTTP Request: GET https://planilhaandrieli.jords.site/api/database/rows/table/673/?user_field_names=true "HTTP/1.1 200 OK"
2026-01-08 09:36:26,839 - INFO - HTTP Request: GET https://planilhaandrieli.jords.site/api/database/rows/table/677/?user_field_names=true&size=2000 "HTTP/1.1 400 Bad Request"
2026-01-08 09:36:26,866 - INFO - HTTP Request: GET https://planilhaandrieli.jords.site/api/database/rows/table/673/?user_field_names=true "HTTP/1.1 200 OK"
2026-01-08 09:36:36,537 - INFO - HTTP Request: GET https://planilhaandrieli.jords.site/api/database/rows/table/677/?user_field_names=true&size=2000 "HTTP/1.1 400 Bad Request"
2026-01-08 09:36:36,550 - INFO - HTTP Request: GET https://planilhaandrieli.jords.site/api/database/rows/table/673/?user_field_names=true "HTTP/1.1 200 OK"
2026-01-08 09:36:46,474 - INFO - ==================================================
2026-01-08 09:36:46,474 - INFO - 🛑 DIAGNÓSTICO DE ENVIO (ARQUIVO+TEXTO)
2026-01-08 09:36:46,475 - INFO - 🔍 Chatwoot: Buscando contato +558596123586 na URL https://chatandrieli.jords.site/api/v1/accounts/2/contacts/search
2026-01-08 09:36:47,443 - INFO - HTTP Request: GET https://planilhaandrieli.jords.site/api/database/rows/table/677/?user_field_names=true&size=2000 "HTTP/1.1 400 Bad Request"
2026-01-08 09:36:47,476 - INFO - HTTP Request: GET https://planilhaandrieli.jords.site/api/database/rows/table/673/?user_field_names=true "HTTP/1.1 200 OK"
2026-01-08 09:36:47,553 - INFO - HTTP Request: GET https://chatandrieli.jords.site/api/v1/accounts/2/contacts/search?q=%2B558596123586 "HTTP/1.1 200 OK"
2026-01-08 09:36:47,555 - INFO - ✅ Chatwoot: Contato existente encontrado.
2026-01-08 09:36:48,648 - INFO - HTTP Request: GET https://chatandrieli.jords.site/api/v1/accounts/2/contacts/4/conversations "HTTP/1.1 200 OK"
2026-01-08 09:36:48,651 - INFO - ✅ Chatwoot: Conversa aberta encontrada (ID: 4). Reutilizando.
2026-01-08 09:36:48,652 - INFO - ✅ Conversa Alvo ID: 4
2026-01-08 09:36:48,652 - INFO - 📤 Enviando Texto PRIMEIRO...
2026-01-08 09:36:48,652 - INFO - 🚀 Chatwoot: Enviando TEXTO (Sequência) para conversa 4...
2026-01-08 09:36:49,755 - INFO - HTTP Request: POST https://chatandrieli.jords.site/api/v1/accounts/2/conversations/4/messages "HTTP/1.1 200 OK"
2026-01-08 09:36:49,761 - INFO - ⏳ Aguardando delay de 10 segundos...
2026-01-08 09:36:57,048 - INFO - HTTP Request: GET https://planilhaandrieli.jords.site/api/database/rows/table/673/?user_field_names=true "HTTP/1.1 200 OK"
2026-01-08 09:36:57,051 - INFO - HTTP Request: GET https://planilhaandrieli.jords.site/api/database/rows/table/677/?user_field_names=true&size=2000 "HTTP/1.1 400 Bad Request"
2026-01-08 09:36:59,775 - INFO - 📤 Enviando Arquivo AGORA...
2026-01-08 09:37:01,459 - INFO - HTTP Request: POST https://chatandrieli.jords.site/api/v1/accounts/2/conversations/4/messages "HTTP/1.1 200 OK"
2026-01-08 09:37:01,462 - INFO - ✅ Arquivo enviado!
2026-01-08 09:37:06,561 - INFO - HTTP Request: GET https://planilhaandrieli.jords.site/api/database/rows/table/677/?user_field_names=true&size=2000 "HTTP/1.1 400 Bad Request"
2026-01-08 09:37:06,570 - INFO - HTTP Request: GET https://planilhaandrieli.jords.site/api/database/rows/table/673/?user_field_names=true "HTTP/1.1 200 OK"
2026-01-08 09:37:16,882 - INFO - HTTP Request: GET https://planilhaandrieli.jords.site/api/database/rows/table/677/?user_field_names=true&size=2000 "HTTP/1.1 400 Bad Request"
2026-01-08 09:37:16,904 - INFO - HTTP Request: GET https://planilhaandrieli.jords.site/api/database/rows/table/673/?user_field_names=true "HTTP/1.1 200 OK"
2026-01-08 09:37:26,365 - INFO - HTTP Request: GET https://planilhaandrieli.jords.site/api/database/rows/table/677/?user_field_names=true&size=2000 "HTTP/1.1 400 Bad Request"
2026-01-08 09:37:26,389 - INFO - HTTP Request: GET https://planilhaandrieli.jords.site/api/database/rows/table/673/?user_field_names=true "HTTP/1.1 200 OK"
2026-01-08 09:37:36,259 - INFO - HTTP Request: GET https://planilhaandrieli.jords.site/api/database/rows/table/677/?user_field_names=true&size=2000 "HTTP/1.1 400 Bad Request"
2026-01-08 09:37:36,285 - INFO - HTTP Request: GET https://planilhaandrieli.jords.site/api/database/rows/table/673/?user_field_names=true "HTTP/1.1 200 OK"
2026-01-08 09:37:45,893 - INFO - HTTP Request: GET https://planilhaandrieli.jords.site/api/database/rows/table/677/?user_field_names=true&size=2000 "HTTP/1.1 400 Bad Request"
2026-01-08 09:37:45,908 - INFO - HTTP Request: GET https://planilhaandrieli.jords.site/api/database/rows/table/673/?user_field_names=true "HTTP/1.1 200 OK"
2026-01-08 09:37:56,205 - INFO - HTTP Request: GET https://planilhaandrieli.jords.site/api/database/rows/table/673/?user_field_names=true "HTTP/1.1 200 OK"
2026-01-08 09:37:56,496 - INFO - HTTP Request: GET https://planilhaandrieli.jords.site/api/database/rows/table/677/?user_field_names=true&size=2000 "HTTP/1.1 400 Bad Request"
2026-01-08 09:38:05,957 - INFO - HTTP Request: GET https://planilhaandrieli.jords.site/api/database/rows/table/677/?user_field_names=true&size=2000 "HTTP/1.1 400 Bad Request"
2026-01-08 09:38:05,986 - INFO - HTTP Request: GET https://planilhaandrieli.jords.site/api/database/rows/table/673/?user_field_names=true "HTTP/1.1 200 OK"
2026-01-08 09:38:16,256 - INFO - HTTP Request: GET https://planilhaandrieli.jords.site/api/database/rows/table/677/?user_field_names=true&size=2000 "HTTP/1.1 400 Bad Request"
2026-01-08 09:38:16,299 - INFO - HTTP Request: GET https://planilhaandrieli.jords.site/api/database/rows/table/673/?user_field_names=true "HTTP/1.1 200 OK"
2026-01-08 09:38:25,936 - INFO - HTTP Request: GET https://planilhaandrieli.jords.site/api/database/rows/table/677/?user_field_names=true&size=2000 "HTTP/1.1 400 Bad Request"
2026-01-08 09:38:25,982 - INFO - HTTP Request: GET https://planilhaandrieli.jords.site/api/database/rows/table/673/?user_field_names=true "HTTP/1.1 200 OK"
2026-01-08 09:38:36,255 - INFO - HTTP Request: GET https://planilhaandrieli.jords.site/api/database/rows/table/677/?user_field_names=true&size=2000 "HTTP/1.1 400 Bad Request"
2026-01-08 09:38:36,274 - INFO - HTTP Request: GET https://planilhaandrieli.jords.site/api/database/rows/table/673/?user_field_names=true "HTTP/1.1 200 OK"
2026-01-08 09:38:45,922 - INFO - HTTP Request: GET https://planilhaandrieli.jords.site/api/database/rows/table/677/?user_field_names=true&size=2000 "HTTP/1.1 400 Bad Request"
2026-01-08 09:38:45,936 - INFO - HTTP Request: GET https://planilhaandrieli.jords.site/api/database/rows/table/673/?user_field_names=true "HTTP/1.1 200 OK"
2026-01-08 09:38:56,260 - INFO - HTTP Request: GET https://planilhaandrieli.jords.site/api/database/rows/table/677/?user_field_names=true&size=2000 "HTTP/1.1 400 Bad Request"
2026-01-08 09:38:56,276 - INFO - HTTP Request: GET https://planilhaandrieli.jords.site/api/database/rows/table/673/?user_field_names=true "HTTP/1.1 200 OK"
2026-01-08 09:39:05,952 - INFO - HTTP Request: GET https://planilhaandrieli.jords.site/api/database/rows/table/677/?user_field_names=true&size=2000 "HTTP/1.1 400 Bad Request"
2026-01-08 09:39:05,981 - INFO - HTTP Request: GET https://planilhaandrieli.jords.site/api/database/rows/table/673/?user_field_names=true "HTTP/1.1 200 OK"
2026-01-08 09:44:21,355 - INFO - HTTP Request: GET https://planilhaandrieli.jords.site/api/database/rows/table/678/?user_field_names=true&filter__field_Email__equal=aryarajunity%40gmail.com "HTTP/1.1 200 OK"
2026-01-08 09:44:22,513 - INFO - HTTP Request: GET https://planilhaandrieli.jords.site/api/database/rows/table/678/?user_field_names=true&filter__field_Email__equal=aryarajunity%40gmail.com "HTTP/1.1 200 OK"
2026-01-08 09:44:27,765 - INFO - HTTP Request: GET https://planilhaandrieli.jords.site/api/database/rows/table/677/?user_field_names=true&size=2000 "HTTP/1.1 400 Bad Request"
2026-01-08 09:44:27,770 - INFO - HTTP Request: GET https://planilhaandrieli.jords.site/api/database/rows/table/677/?user_field_names=true&size=2000 "HTTP/1.1 400 Bad Request"
2026-01-08 09:44:27,849 - INFO - HTTP Request: GET https://planilhaandrieli.jords.site/api/database/rows/table/673/?user_field_names=true "HTTP/1.1 200 OK"
2026-01-08 09:44:27,866 - INFO - HTTP Request: GET https://planilhaandrieli.jords.site/api/database/rows/table/673/?user_field_names=true "HTTP/1.1 200 OK"
2026-01-08 09:44:34,323 - INFO - HTTP Request: GET https://planilhaandrieli.jords.site/api/database/rows/table/677/?user_field_names=true&size=2000 "HTTP/1.1 400 Bad Request"
2026-01-08 09:44:34,349 - INFO - HTTP Request: GET https://planilhaandrieli.jords.site/api/database/rows/table/673/?user_field_names=true "HTTP/1.1 200 OK"
2026-01-08 09:44:44,966 - INFO - HTTP Request: GET https://planilhaandrieli.jords.site/api/database/rows/table/677/?user_field_names=true&size=2000 "HTTP/1.1 400 Bad Request"
2026-01-08 09:44:44,978 - INFO - HTTP Request: GET https://planilhaandrieli.jords.site/api/database/rows/table/673/?user_field_names=true "HTTP/1.1 200 OK"
2026-01-08 09:44:54,682 - INFO - HTTP Request: GET https://planilhaandrieli.jords.site/api/database/rows/table/677/?user_field_names=true&size=2000 "HTTP/1.1 400 Bad Request"
2026-01-08 09:44:54,695 - INFO - HTTP Request: GET https://planilhaandrieli.jords.site/api/database/rows/table/673/?user_field_names=true "HTTP/1.1 200 OK"
2026-01-08 09:45:05,004 - INFO - HTTP Request: GET https://planilhaandrieli.jords.site/api/database/rows/table/677/?user_field_names=true&size=2000 "HTTP/1.1 400 Bad Request"
2026-01-08 09:45:05,022 - INFO - HTTP Request: GET https://planilhaandrieli.jords.site/api/database/rows/table/673/?user_field_names=true "HTTP/1.1 200 OK"
2026-01-08 09:45:13,927 - INFO - HTTP Request: GET https://planilhaandrieli.jords.site/api/database/rows/table/677/?user_field_names=true&size=2000 "HTTP/1.1 400 Bad Request"
2026-01-08 09:45:13,947 - INFO - HTTP Request: GET https://planilhaandrieli.jords.site/api/database/rows/table/673/?user_field_names=true "HTTP/1.1 200 OK"
2026-01-08 09:45:24,666 - INFO - HTTP Request: GET https://planilhaandrieli.jords.site/api/database/rows/table/677/?user_field_names=true&size=2000 "HTTP/1.1 400 Bad Request"
2026-01-08 09:45:24,670 - INFO - HTTP Request: GET https://planilhaandrieli.jords.site/api/database/rows/table/677/?user_field_names=true&size=2000 "HTTP/1.1 400 Bad Request"
2026-01-08 09:45:24,699 - INFO - HTTP Request: GET https://planilhaandrieli.jords.site/api/database/rows/table/673/?user_field_names=true "HTTP/1.1 200 OK"
2026-01-08 09:45:24,717 - INFO - HTTP Request: GET https://planilhaandrieli.jords.site/api/database/rows/table/673/?user_field_names=true "HTTP/1.1 200 OK"
2026-01-08 09:45:31,877 - INFO - HTTP Request: GET https://planilhaandrieli.jords.site/api/database/rows/table/677/?user_field_names=true&size=2000 "HTTP/1.1 400 Bad Request"
2026-01-08 09:45:31,922 - INFO - HTTP Request: GET https://planilhaandrieli.jords.site/api/database/rows/table/673/?user_field_names=true "HTTP/1.1 200 OK"
2026-01-08 09:45:43,825 - INFO - HTTP Request: GET https://planilhaandrieli.jords.site/api/database/rows/table/677/?user_field_names=true&size=2000 "HTTP/1.1 400 Bad Request"
2026-01-08 09:45:43,838 - INFO - HTTP Request: GET https://planilhaandrieli.jords.site/api/database/rows/table/673/?user_field_names=true "HTTP/1.1 200 OK"
2026-01-08 09:45:54,195 - INFO - HTTP Request: GET https://planilhaandrieli.jords.site/api/database/rows/table/677/?user_field_names=true&size=2000 "HTTP/1.1 400 Bad Request"
2026-01-08 09:45:54,211 - INFO - HTTP Request: GET https://planilhaandrieli.jords.site/api/database/rows/table/673/?user_field_names=true "HTTP/1.1 200 OK"
2026-01-08 09:46:03,458 - INFO - HTTP Request: GET https://planilhaandrieli.jords.site/api/database/rows/table/677/?user_field_names=true&size=2000 "HTTP/1.1 400 Bad Request"
2026-01-08 09:46:03,477 - INFO - HTTP Request: GET https://planilhaandrieli.jords.site/api/database/rows/table/673/?user_field_names=true "HTTP/1.1 200 OK"
2026-01-08 09:47:08,807 - INFO - HTTP Request: GET https://planilhaandrieli.jords.site/api/database/rows/table/677/?user_field_names=true&size=2000 "HTTP/1.1 400 Bad Request"
2026-01-08 09:47:08,813 - INFO - HTTP Request: GET https://planilhaandrieli.jords.site/api/database/rows/table/673/?user_field_names=true "HTTP/1.1 200 OK"
2026-01-08 09:47:08,917 - INFO - HTTP Request: GET https://planilhaandrieli.jords.site/api/database/rows/table/677/?user_field_names=true&size=2000 "HTTP/1.1 400 Bad Request"
2026-01-08 09:47:08,931 - INFO - HTTP Request: GET https://planilhaandrieli.jords.site/api/database/rows/table/673/?user_field_names=true "HTTP/1.1 200 OK"
2026-01-08 09:47:11,035 - INFO - HTTP Request: GET https://planilhaandrieli.jords.site/api/database/rows/table/678/?user_field_names=true&filter__field_Email__equal=aryarajunity%40gmail.com "HTTP/1.1 200 OK"
2026-01-08 09:47:12,979 - INFO - HTTP Request: GET https://planilhaandrieli.jords.site/api/database/rows/table/678/?user_field_names=true&filter__field_Email__equal=aryarajunity%40gmail.com "HTTP/1.1 200 OK"
2026-01-08 09:47:16,735 - INFO - HTTP Request: GET https://planilhaandrieli.jords.site/api/database/rows/table/677/?user_field_names=true&size=2000 "HTTP/1.1 400 Bad Request"
2026-01-08 09:47:16,757 - INFO - HTTP Request: GET https://planilhaandrieli.jords.site/api/database/rows/table/673/?user_field_names=true "HTTP/1.1 200 OK"
2026-01-08 09:47:21,420 - INFO - HTTP Request: GET https://planilhaandrieli.jords.site/api/database/rows/table/677/?user_field_names=true&size=2000 "HTTP/1.1 400 Bad Request"
2026-01-08 09:47:21,436 - INFO - HTTP Request: GET https://planilhaandrieli.jords.site/api/database/rows/table/673/?user_field_names=true "HTTP/1.1 200 OK"
2026-01-08 09:47:25,699 - INFO - HTTP Request: GET https://planilhaandrieli.jords.site/api/database/rows/table/677/?user_field_names=true&size=2000 "HTTP/1.1 400 Bad Request"
2026-01-08 09:47:25,724 - INFO - HTTP Request: GET https://planilhaandrieli.jords.site/api/database/rows/table/673/?user_field_names=true "HTTP/1.1 200 OK"
2026-01-08 09:47:34,742 - INFO - HTTP Request: GET https://planilhaandrieli.jords.site/api/database/rows/table/677/?user_field_names=true&size=2000 "HTTP/1.1 400 Bad Request"
2026-01-08 09:47:34,757 - INFO - HTTP Request: GET https://planilhaandrieli.jords.site/api/database/rows/table/673/?user_field_names=true "HTTP/1.1 200 OK"
2026-01-08 09:47:46,199 - INFO - ==================================================
2026-01-08 09:47:46,206 - INFO - 🛑 DIAGNÓSTICO DE ENVIO (ARQUIVO+TEXTO)
2026-01-08 09:47:46,210 - INFO - 🔍 Chatwoot: Buscando contato +558596123586 na URL https://chatandrieli.jords.site/api/v1/accounts/2/contacts/search
2026-01-08 09:47:47,922 - INFO - HTTP Request: GET https://planilhaandrieli.jords.site/api/database/rows/table/677/?user_field_names=true&size=2000 "HTTP/1.1 400 Bad Request"
2026-01-08 09:47:47,939 - INFO - HTTP Request: GET https://planilhaandrieli.jords.site/api/database/rows/table/673/?user_field_names=true "HTTP/1.1 200 OK"
2026-01-08 09:47:48,150 - INFO - HTTP Request: GET https://chatandrieli.jords.site/api/v1/accounts/2/contacts/search?q=%2B558596123586 "HTTP/1.1 200 OK"
2026-01-08 09:47:48,155 - INFO - ✅ Chatwoot: Contato existente encontrado.
2026-01-08 09:47:50,109 - INFO - HTTP Request: GET https://chatandrieli.jords.site/api/v1/accounts/2/contacts/4/conversations "HTTP/1.1 200 OK"
2026-01-08 09:47:50,111 - INFO - ✅ Chatwoot: Conversa aberta encontrada (ID: 4). Reutilizando.
2026-01-08 09:47:50,113 - INFO - ✅ Conversa Alvo ID: 4
2026-01-08 09:47:50,113 - INFO - 📤 Enviando Texto PRIMEIRO...
2026-01-08 09:47:50,114 - INFO - 🚀 Chatwoot: Enviando TEXTO (Sequência) para conversa 4...
2026-01-08 09:47:51,233 - INFO - HTTP Request: POST https://chatandrieli.jords.site/api/v1/accounts/2/conversations/4/messages "HTTP/1.1 200 OK"
2026-01-08 09:47:51,238 - INFO - ⏳ Aguardando delay de 15 segundos...
2026-01-08 09:47:54,801 - INFO - HTTP Request: GET https://planilhaandrieli.jords.site/api/database/rows/table/677/?user_field_names=true&size=2000 "HTTP/1.1 400 Bad Request"
2026-01-08 09:47:54,825 - INFO - HTTP Request: GET https://planilhaandrieli.jords.site/api/database/rows/table/673/?user_field_names=true "HTTP/1.1 200 OK"
2026-01-08 09:48:05,131 - INFO - HTTP Request: GET https://planilhaandrieli.jords.site/api/database/rows/table/677/?user_field_names=true&size=2000 "HTTP/1.1 400 Bad Request"
2026-01-08 09:48:05,147 - INFO - HTTP Request: GET https://planilhaandrieli.jords.site/api/database/rows/table/673/?user_field_names=true "HTTP/1.1 200 OK"
2026-01-08 09:48:06,249 - INFO - 📤 Enviando Arquivo AGORA...
2026-01-08 09:48:08,073 - INFO - HTTP Request: POST https://chatandrieli.jords.site/api/v1/accounts/2/conversations/4/messages "HTTP/1.1 200 OK"
2026-01-08 09:48:08,080 - INFO - ✅ Arquivo enviado!
2026-01-08 09:48:11,722 - INFO - HTTP Request: GET https://planilhaandrieli.jords.site/api/database/rows/table/677/?user_field_names=true&size=2000 "HTTP/1.1 400 Bad Request"
2026-01-08 09:48:11,731 - INFO - HTTP Request: GET https://planilhaandrieli.jords.site/api/database/rows/table/673/?user_field_names=true "HTTP/1.1 200 OK"
2026-01-08 09:48:16,195 - INFO - HTTP Request: GET https://planilhaandrieli.jords.site/api/database/rows/table/677/?user_field_names=true&size=2000 "HTTP/1.1 400 Bad Request"
2026-01-08 09:48:16,234 - INFO - HTTP Request: GET https://planilhaandrieli.jords.site/api/database/rows/table/673/?user_field_names=true "HTTP/1.1 200 OK"
2026-01-08 09:48:27,885 - INFO - HTTP Request: GET https://planilhaandrieli.jords.site/api/database/rows/table/677/?user_field_names=true&size=2000 "HTTP/1.1 400 Bad Request"
2026-01-08 09:48:27,901 - INFO - HTTP Request: GET https://planilhaandrieli.jords.site/api/database/rows/table/673/?user_field_names=true "HTTP/1.1 200 OK"
2026-01-08 09:48:28,022 - INFO - HTTP Request: GET https://docs.google.com/document/d/1kK6TVaq2CyN1GMldzMxwAKECMuahjKrogTnoJUrqeqw/export?format=pdf "HTTP/1.1 307 Temporary Redirect"
2026-01-08 09:48:28,028 - INFO - ==================================================
2026-01-08 09:48:28,028 - INFO - 🛑 DIAGNÓSTICO DE ENVIO (TEXTO)
2026-01-08 09:48:28,029 - INFO - 🔍 Chatwoot: Buscando contato +558596123586 na URL https://chatandrieli.jords.site/api/v1/accounts/2/contacts/search
2026-01-08 09:48:29,693 - INFO - HTTP Request: GET https://chatandrieli.jords.site/api/v1/accounts/2/contacts/search?q=%2B558596123586 "HTTP/1.1 200 OK"
2026-01-08 09:48:29,705 - INFO - ✅ Chatwoot: Contato existente encontrado.
2026-01-08 09:48:31,677 - INFO - HTTP Request: GET https://chatandrieli.jords.site/api/v1/accounts/2/contacts/4/conversations "HTTP/1.1 200 OK"
2026-01-08 09:48:31,685 - INFO - ✅ Chatwoot: Conversa aberta encontrada (ID: 4). Reutilizando.
2026-01-08 09:48:31,688 - INFO - ✅ Conversa Alvo ID: 4
2026-01-08 09:48:31,689 - INFO - 🚀 Chatwoot: Enviando TEXTO (Sequência) para conversa 4...
2026-01-08 09:48:33,587 - INFO - HTTP Request: POST https://chatandrieli.jords.site/api/v1/accounts/2/conversations/4/messages "HTTP/1.1 200 OK"
2026-01-08 09:48:38,736 - INFO - HTTP Request: GET https://planilhaandrieli.jords.site/api/database/rows/table/677/?user_field_names=true&size=2000 "HTTP/1.1 400 Bad Request"
2026-01-08 09:48:38,779 - INFO - HTTP Request: GET https://planilhaandrieli.jords.site/api/database/rows/table/673/?user_field_names=true "HTTP/1.1 200 OK"
2026-01-08 09:48:38,822 - INFO - HTTP Request: GET https://planilhaandrieli.jords.site/api/database/rows/table/677/?user_field_names=true&size=2000 "HTTP/1.1 400 Bad Request"
2026-01-08 09:48:38,893 - INFO - HTTP Request: GET https://planilhaandrieli.jords.site/api/database/rows/table/673/?user_field_names=true "HTTP/1.1 200 OK"
2026-01-08 09:48:46,030 - INFO - HTTP Request: GET https://planilhaandrieli.jords.site/api/database/rows/table/677/?user_field_names=true&size=2000 "HTTP/1.1 400 Bad Request"
2026-01-08 09:48:46,045 - INFO - HTTP Request: GET https://planilhaandrieli.jords.site/api/database/rows/table/673/?user_field_names=true "HTTP/1.1 200 OK"
2026-01-08 09:48:55,208 - INFO - HTTP Request: GET https://planilhaandrieli.jords.site/api/database/rows/table/677/?user_field_names=true&size=2000 "HTTP/1.1 400 Bad Request"
2026-01-08 09:48:55,235 - INFO - HTTP Request: GET https://planilhaandrieli.jords.site/api/database/rows/table/673/?user_field_names=true "HTTP/1.1 200 OK"
2026-01-08 09:49:05,706 - INFO - HTTP Request: GET https://planilhaandrieli.jords.site/api/database/rows/table/677/?user_field_names=true&size=2000 "HTTP/1.1 400 Bad Request"
2026-01-08 09:49:05,778 - INFO - HTTP Request: GET https://planilhaandrieli.jords.site/api/database/rows/table/673/?user_field_names=true "HTTP/1.1 200 OK"
2026-01-08 09:49:15,234 - INFO - HTTP Request: GET https://planilhaandrieli.jords.site/api/database/rows/table/677/?user_field_names=true&size=2000 "HTTP/1.1 400 Bad Request"
2026-01-08 09:49:15,256 - INFO - HTTP Request: GET https://planilhaandrieli.jords.site/api/database/rows/table/673/?user_field_names=true "HTTP/1.1 200 OK"
2026-01-08 09:49:24,343 - INFO - HTTP Request: GET https://planilhaandrieli.jords.site/api/database/rows/table/673/?user_field_names=true "HTTP/1.1 200 OK"
2026-01-08 09:49:24,344 - INFO - HTTP Request: GET https://planilhaandrieli.jords.site/api/database/rows/table/677/?user_field_names=true&size=2000 "HTTP/1.1 400 Bad Request"
2026-01-08 09:49:35,024 - INFO - HTTP Request: GET https://planilhaandrieli.jords.site/api/database/rows/table/677/?user_field_names=true&size=2000 "HTTP/1.1 400 Bad Request"
2026-01-08 09:49:35,049 - INFO - HTTP Request: GET https://planilhaandrieli.jords.site/api/database/rows/table/673/?user_field_names=true "HTTP/1.1 200 OK"
2026-01-08 09:49:44,739 - INFO - HTTP Request: GET https://planilhaandrieli.jords.site/api/database/rows/table/677/?user_field_names=true&size=2000 "HTTP/1.1 400 Bad Request"
2026-01-08 09:49:44,754 - INFO - HTTP Request: GET https://planilhaandrieli.jords.site/api/database/rows/table/673/?user_field_names=true "HTTP/1.1 200 OK"
2026-01-08 09:49:55,274 - INFO - HTTP Request: GET https://planilhaandrieli.jords.site/api/database/rows/table/677/?user_field_names=true&size=2000 "HTTP/1.1 400 Bad Request"
2026-01-08 09:49:55,284 - INFO - HTTP Request: GET https://planilhaandrieli.jords.site/api/database/rows/table/673/?user_field_names=true "HTTP/1.1 200 OK"
2026-01-08 09:50:04,950 - INFO - HTTP Request: GET https://planilhaandrieli.jords.site/api/database/rows/table/677/?user_field_names=true&size=2000 "HTTP/1.1 400 Bad Request"
2026-01-08 09:50:04,958 - INFO - HTTP Request: GET https://planilhaandrieli.jords.site/api/database/rows/table/673/?user_field_names=true "HTTP/1.1 200 OK"
2026-01-08 09:50:15,265 - INFO - HTTP Request: GET https://planilhaandrieli.jords.site/api/database/rows/table/673/?user_field_names=true "HTTP/1.1 200 OK"
2026-01-08 09:50:15,266 - INFO - HTTP Request: GET https://planilhaandrieli.jords.site/api/database/rows/table/677/?user_field_names=true&size=2000 "HTTP/1.1 400 Bad Request"
2026-01-08 09:50:24,893 - INFO - HTTP Request: GET https://planilhaandrieli.jords.site/api/database/rows/table/677/?user_field_names=true&size=2000 "HTTP/1.1 400 Bad Request"
2026-01-08 09:50:24,902 - INFO - HTTP Request: GET https://planilhaandrieli.jords.site/api/database/rows/table/673/?user_field_names=true "HTTP/1.1 200 OK"
2026-01-08 09:50:36,825 - INFO - HTTP Request: GET https://planilhaandrieli.jords.site/api/database/rows/table/677/?user_field_names=true&size=2000 "HTTP/1.1 400 Bad Request"
2026-01-08 09:50:36,838 - INFO - HTTP Request: GET https://planilhaandrieli.jords.site/api/database/rows/table/673/?user_field_names=true "HTTP/1.1 200 OK"
2026-01-08 09:50:44,965 - INFO - HTTP Request: GET https://planilhaandrieli.jords.site/api/database/rows/table/677/?user_field_names=true&size=2000 "HTTP/1.1 400 Bad Request"
2026-01-08 09:50:44,993 - INFO - HTTP Request: GET https://planilhaandrieli.jords.site/api/database/rows/table/673/?user_field_names=true "HTTP/1.1 200 OK"
2026-01-08 09:50:56,095 - INFO - HTTP Request: GET https://planilhaandrieli.jords.site/api/database/rows/table/673/?user_field_names=true "HTTP/1.1 200 OK"
2026-01-08 09:50:56,102 - INFO - HTTP Request: GET https://planilhaandrieli.jords.site/api/database/rows/table/677/?user_field_names=true&size=2000 "HTTP/1.1 400 Bad Request"
2026-01-08 09:51:04,053 - INFO - HTTP Request: GET https://planilhaandrieli.jords.site/api/database/rows/table/677/?user_field_names=true&size=2000 "HTTP/1.1 400 Bad Request"
2026-01-08 09:51:04,071 - INFO - HTTP Request: GET https://planilhaandrieli.jords.site/api/database/rows/table/673/?user_field_names=true "HTTP/1.1 200 OK"
2026-01-08 09:51:15,202 - INFO - HTTP Request: GET https://planilhaandrieli.jords.site/api/database/rows/table/677/?user_field_names=true&size=2000 "HTTP/1.1 400 Bad Request"
2026-01-08 09:51:15,218 - INFO - HTTP Request: GET https://planilhaandrieli.jords.site/api/database/rows/table/673/?user_field_names=true "HTTP/1.1 200 OK"
2026-01-08 09:51:25,566 - INFO - HTTP Request: GET https://planilhaandrieli.jords.site/api/database/rows/table/677/?user_field_names=true&size=2000 "HTTP/1.1 400 Bad Request"
2026-01-08 09:51:25,580 - INFO - HTTP Request: GET https://planilhaandrieli.jords.site/api/database/rows/table/673/?user_field_names=true "HTTP/1.1 200 OK"
2026-01-08 09:51:35,621 - INFO - HTTP Request: GET https://planilhaandrieli.jords.site/api/database/rows/table/677/?user_field_names=true&size=2000 "HTTP/1.1 400 Bad Request"
2026-01-08 09:51:35,638 - INFO - HTTP Request: GET https://planilhaandrieli.jords.site/api/database/rows/table/673/?user_field_names=true "HTTP/1.1 200 OK"
2026-01-08 09:51:35,751 - INFO - HTTP Request: GET https://docs.google.com/document/d/1kK6TVaq2CyN1GMldzMxwAKECMuahjKrogTnoJUrqeqw/export?format=pdf "HTTP/1.1 307 Temporary Redirect"
2026-01-08 09:51:35,756 - INFO - ==================================================
2026-01-08 09:51:35,757 - INFO - 🛑 DIAGNÓSTICO DE ENVIO (TEXTO)
2026-01-08 09:51:35,757 - INFO - 🔍 Chatwoot: Buscando contato +558596123586 na URL https://chatandrieli.jords.site/api/v1/accounts/2/contacts/search
2026-01-08 09:51:37,242 - INFO - HTTP Request: GET https://chatandrieli.jords.site/api/v1/accounts/2/contacts/search?q=%2B558596123586 "HTTP/1.1 200 OK"
2026-01-08 09:51:37,247 - INFO - ✅ Chatwoot: Contato existente encontrado.
2026-01-08 09:51:38,738 - INFO - HTTP Request: GET https://chatandrieli.jords.site/api/v1/accounts/2/contacts/4/conversations "HTTP/1.1 200 OK"
2026-01-08 09:51:38,744 - INFO - ✅ Chatwoot: Conversa aberta encontrada (ID: 4). Reutilizando.
2026-01-08 09:51:38,748 - INFO - ✅ Conversa Alvo ID: 4
2026-01-08 09:51:38,749 - INFO - 🚀 Chatwoot: Enviando TEXTO (Sequência) para conversa 4...
2026-01-08 09:51:40,756 - INFO - HTTP Request: POST https://chatandrieli.jords.site/api/v1/accounts/2/conversations/4/messages "HTTP/1.1 200 OK"
2026-01-08 09:51:42,687 - INFO - HTTP Request: GET https://planilhaandrieli.jords.site/api/database/rows/table/677/?user_field_names=true&size=2000 "HTTP/1.1 400 Bad Request"
2026-01-08 09:51:42,768 - INFO - HTTP Request: GET https://planilhaandrieli.jords.site/api/database/rows/table/673/?user_field_names=true "HTTP/1.1 200 OK"
2026-01-08 09:51:45,090 - INFO - HTTP Request: GET https://planilhaandrieli.jords.site/api/database/rows/table/673/?user_field_names=true "HTTP/1.1 200 OK"
2026-01-08 09:51:45,097 - INFO - HTTP Request: GET https://planilhaandrieli.jords.site/api/database/rows/table/677/?user_field_names=true&size=2000 "HTTP/1.1 400 Bad Request"
2026-01-08 09:51:55,024 - INFO - HTTP Request: GET https://planilhaandrieli.jords.site/api/database/rows/table/677/?user_field_names=true&size=2000 "HTTP/1.1 400 Bad Request"
2026-01-08 09:51:55,041 - INFO - HTTP Request: GET https://planilhaandrieli.jords.site/api/database/rows/table/673/?user_field_names=true "HTTP/1.1 200 OK"
2026-01-08 09:52:04,716 - INFO - HTTP Request: GET https://planilhaandrieli.jords.site/api/database/rows/table/677/?user_field_names=true&size=2000 "HTTP/1.1 400 Bad Request"
2026-01-08 09:52:04,738 - INFO - HTTP Request: GET https://planilhaandrieli.jords.site/api/database/rows/table/673/?user_field_names=true "HTTP/1.1 200 OK"
2026-01-08 09:52:15,865 - INFO - HTTP Request: GET https://planilhaandrieli.jords.site/api/database/rows/table/677/?user_field_names=true&size=2000 "HTTP/1.1 400 Bad Request"
2026-01-08 09:52:15,881 - INFO - HTTP Request: GET https://planilhaandrieli.jords.site/api/database/rows/table/673/?user_field_names=true "HTTP/1.1 200 OK"
2026-01-08 09:52:25,712 - INFO - HTTP Request: GET https://planilhaandrieli.jords.site/api/database/rows/table/673/?user_field_names=true "HTTP/1.1 200 OK"
2026-01-08 09:52:25,721 - INFO - HTTP Request: GET https://planilhaandrieli.jords.site/api/database/rows/table/677/?user_field_names=true&size=2000 "HTTP/1.1 400 Bad Request"
2026-01-08 09:52:36,028 - INFO - HTTP Request: GET https://planilhaandrieli.jords.site/api/database/rows/table/677/?user_field_names=true&size=2000 "HTTP/1.1 400 Bad Request"
2026-01-08 09:52:36,044 - INFO - HTTP Request: GET https://planilhaandrieli.jords.site/api/database/rows/table/673/?user_field_names=true "HTTP/1.1 200 OK"
2026-01-08 09:52:45,612 - INFO - HTTP Request: GET https://planilhaandrieli.jords.site/api/database/rows/table/677/?user_field_names=true&size=2000 "HTTP/1.1 400 Bad Request"
2026-01-08 09:52:45,681 - INFO - HTTP Request: GET https://planilhaandrieli.jords.site/api/database/rows/table/673/?user_field_names=true "HTTP/1.1 200 OK"
2026-01-08 09:52:55,983 - INFO - HTTP Request: GET https://planilhaandrieli.jords.site/api/database/rows/table/677/?user_field_names=true&size=2000 "HTTP/1.1 400 Bad Request"
2026-01-08 09:52:55,986 - INFO - HTTP Request: GET https://planilhaandrieli.jords.site/api/database/rows/table/673/?user_field_names=true "HTTP/1.1 200 OK"
2026-01-08 09:53:05,595 - INFO - HTTP Request: GET https://planilhaandrieli.jords.site/api/database/rows/table/677/?user_field_names=true&size=2000 "HTTP/1.1 400 Bad Request"
2026-01-08 09:53:05,605 - INFO - HTTP Request: GET https://planilhaandrieli.jords.site/api/database/rows/table/673/?user_field_names=true "HTTP/1.1 200 OK"
2026-01-08 09:53:21,574 - INFO - HTTP Request: GET https://planilhaandrieli.jords.site/api/database/rows/table/677/?user_field_names=true&size=2000 "HTTP/1.1 400 Bad Request"
2026-01-08 09:53:21,595 - INFO - HTTP Request: GET https://planilhaandrieli.jords.site/api/database/rows/table/673/?user_field_names=true "HTTP/1.1 200 OK"
2026-01-08 09:53:28,980 - INFO - HTTP Request: GET https://planilhaandrieli.jords.site/api/database/rows/table/673/?user_field_names=true "HTTP/1.1 200 OK"
2026-01-08 09:53:28,982 - INFO - HTTP Request: GET https://planilhaandrieli.jords.site/api/database/rows/table/677/?user_field_names=true&size=2000 "HTTP/1.1 400 Bad Request"
2026-01-08 09:53:29,069 - INFO - HTTP Request: GET https://planilhaandrieli.jords.site/api/database/rows/table/677/?user_field_names=true&size=2000 "HTTP/1.1 400 Bad Request"
2026-01-08 09:53:29,084 - INFO - HTTP Request: GET https://planilhaandrieli.jords.site/api/database/rows/table/673/?user_field_names=true "HTTP/1.1 200 OK"
2026-01-08 09:53:29,417 - INFO - HTTP Request: GET https://planilhaandrieli.jords.site/api/database/rows/table/673/?user_field_names=true "HTTP/1.1 200 OK"
2026-01-08 09:53:29,419 - INFO - HTTP Request: GET https://planilhaandrieli.jords.site/api/database/rows/table/677/?user_field_names=true&size=2000 "HTTP/1.1 400 Bad Request"
2026-01-08 09:53:35,476 - INFO - HTTP Request: GET https://planilhaandrieli.jords.site/api/database/rows/table/677/?user_field_names=true&size=2000 "HTTP/1.1 400 Bad Request"
2026-01-08 09:53:35,510 - INFO - HTTP Request: GET https://planilhaandrieli.jords.site/api/database/rows/table/673/?user_field_names=true "HTTP/1.1 200 OK"
2026-01-08 09:53:45,622 - INFO - HTTP Request: GET https://planilhaandrieli.jords.site/api/database/rows/table/677/?user_field_names=true&size=2000 "HTTP/1.1 400 Bad Request"
2026-01-08 09:53:45,645 - INFO - HTTP Request: GET https://planilhaandrieli.jords.site/api/database/rows/table/673/?user_field_names=true "HTTP/1.1 200 OK"
2026-01-08 09:53:54,910 - INFO - HTTP Request: GET https://planilhaandrieli.jords.site/api/database/rows/table/677/?user_field_names=true&size=2000 "HTTP/1.1 400 Bad Request"
2026-01-08 09:53:54,946 - INFO - HTTP Request: GET https://planilhaandrieli.jords.site/api/database/rows/table/673/?user_field_names=true "HTTP/1.1 200 OK"
2026-01-08 09:54:05,231 - INFO - HTTP Request: GET https://planilhaandrieli.jords.site/api/database/rows/table/677/?user_field_names=true&size=2000 "HTTP/1.1 400 Bad Request"
2026-01-08 09:54:05,244 - INFO - HTTP Request: GET https://planilhaandrieli.jords.site/api/database/rows/table/673/?user_field_names=true "HTTP/1.1 200 OK"
2026-01-08 09:54:14,919 - INFO - HTTP Request: GET https://planilhaandrieli.jords.site/api/database/rows/table/677/?user_field_names=true&size=2000 "HTTP/1.1 400 Bad Request"
2026-01-08 09:54:14,924 - INFO - HTTP Request: GET https://planilhaandrieli.jords.site/api/database/rows/table/673/?user_field_names=true "HTTP/1.1 200 OK"
2026-01-08 09:54:25,569 - INFO - HTTP Request: GET https://planilhaandrieli.jords.site/api/database/rows/table/677/?user_field_names=true&size=2000 "HTTP/1.1 400 Bad Request"
2026-01-08 09:54:25,580 - INFO - HTTP Request: GET https://planilhaandrieli.jords.site/api/database/rows/table/673/?user_field_names=true "HTTP/1.1 200 OK"
2026-01-08 09:54:34,899 - INFO - HTTP Request: GET https://planilhaandrieli.jords.site/api/database/rows/table/677/?user_field_names=true&size=2000 "HTTP/1.1 400 Bad Request"
2026-01-08 09:54:34,921 - INFO - HTTP Request: GET https://planilhaandrieli.jords.site/api/database/rows/table/673/?user_field_names=true "HTTP/1.1 200 OK"
2026-01-08 09:54:45,209 - INFO - HTTP Request: GET https://planilhaandrieli.jords.site/api/database/rows/table/677/?user_field_names=true&size=2000 "HTTP/1.1 400 Bad Request"
2026-01-08 09:54:45,230 - INFO - HTTP Request: GET https://planilhaandrieli.jords.site/api/database/rows/table/673/?user_field_names=true "HTTP/1.1 200 OK"
2026-01-08 09:54:56,013 - INFO - HTTP Request: GET https://planilhaandrieli.jords.site/api/database/rows/table/677/?user_field_names=true&size=2000 "HTTP/1.1 400 Bad Request"
2026-01-08 09:54:56,066 - INFO - HTTP Request: GET https://planilhaandrieli.jords.site/api/database/rows/table/673/?user_field_names=true "HTTP/1.1 200 OK"
2026-01-08 09:55:04,959 - INFO - HTTP Request: GET https://planilhaandrieli.jords.site/api/database/rows/table/677/?user_field_names=true&size=2000 "HTTP/1.1 400 Bad Request"
2026-01-08 09:55:04,980 - INFO - HTTP Request: GET https://planilhaandrieli.jords.site/api/database/rows/table/673/?user_field_names=true "HTTP/1.1 200 OK"
2026-01-08 09:55:15,972 - INFO - HTTP Request: GET https://planilhaandrieli.jords.site/api/database/rows/table/677/?user_field_names=true&size=2000 "HTTP/1.1 400 Bad Request"
2026-01-08 09:55:15,990 - INFO - HTTP Request: GET https://planilhaandrieli.jords.site/api/database/rows/table/673/?user_field_names=true "HTTP/1.1 200 OK"
2026-01-08 09:55:49,771 - INFO - HTTP Request: GET https://planilhaandrieli.jords.site/api/database/rows/table/677/?user_field_names=true&size=2000 "HTTP/1.1 400 Bad Request"
2026-01-08 09:55:49,795 - INFO - HTTP Request: GET https://planilhaandrieli.jords.site/api/database/rows/table/673/?user_field_names=true "HTTP/1.1 200 OK"
2026-01-08 09:55:49,801 - INFO - HTTP Request: GET https://planilhaandrieli.jords.site/api/database/rows/table/677/?user_field_names=true&size=2000 "HTTP/1.1 400 Bad Request"
2026-01-08 09:55:49,814 - INFO - HTTP Request: GET https://planilhaandrieli.jords.site/api/database/rows/table/673/?user_field_names=true "HTTP/1.1 200 OK"
2026-01-08 09:55:49,896 - INFO - HTTP Request: GET https://planilhaandrieli.jords.site/api/database/rows/table/677/?user_field_names=true&size=2000 "HTTP/1.1 400 Bad Request"
2026-01-08 09:55:49,906 - INFO - HTTP Request: GET https://planilhaandrieli.jords.site/api/database/rows/table/673/?user_field_names=true "HTTP/1.1 200 OK"
2026-01-08 09:55:55,670 - INFO - HTTP Request: GET https://planilhaandrieli.jords.site/api/database/rows/table/677/?user_field_names=true&size=2000 "HTTP/1.1 400 Bad Request"
2026-01-08 09:55:55,698 - INFO - HTTP Request: GET https://planilhaandrieli.jords.site/api/database/rows/table/673/?user_field_names=true "HTTP/1.1 200 OK"
2026-01-08 09:56:05,977 - INFO - HTTP Request: GET https://planilhaandrieli.jords.site/api/database/rows/table/677/?user_field_names=true&size=2000 "HTTP/1.1 400 Bad Request"
2026-01-08 09:56:06,004 - INFO - HTTP Request: GET https://planilhaandrieli.jords.site/api/database/rows/table/673/?user_field_names=true "HTTP/1.1 200 OK"
2026-01-08 09:57:07,013 - INFO - HTTP Request: GET https://planilhaandrieli.jords.site/api/database/rows/table/677/?user_field_names=true&size=2000 "HTTP/1.1 400 Bad Request"
2026-01-08 09:57:07,037 - INFO - HTTP Request: GET https://planilhaandrieli.jords.site/api/database/rows/table/673/?user_field_names=true "HTTP/1.1 200 OK"
2026-01-08 09:58:07,558 - INFO - HTTP Request: GET https://planilhaandrieli.jords.site/api/database/rows/table/677/?user_field_names=true&size=2000 "HTTP/1.1 400 Bad Request"
2026-01-08 09:58:07,629 - INFO - HTTP Request: GET https://planilhaandrieli.jords.site/api/database/rows/table/673/?user_field_names=true "HTTP/1.1 200 OK"
2026-01-08 09:58:16,268 - INFO - HTTP Request: GET https://planilhaandrieli.jords.site/api/database/rows/table/677/?user_field_names=true&size=2000 "HTTP/1.1 400 Bad Request"
2026-01-08 09:58:16,275 - INFO - HTTP Request: GET https://planilhaandrieli.jords.site/api/database/rows/table/673/?user_field_names=true "HTTP/1.1 200 OK"
2026-01-08 09:58:25,423 - INFO - HTTP Request: GET https://planilhaandrieli.jords.site/api/database/rows/table/677/?user_field_names=true&size=2000 "HTTP/1.1 400 Bad Request"
2026-01-08 09:58:25,444 - INFO - HTTP Request: GET https://planilhaandrieli.jords.site/api/database/rows/table/673/?user_field_names=true "HTTP/1.1 200 OK"
2026-01-08 09:58:30,563 - INFO - HTTP Request: GET https://www.w3.org/WAI/ER/tests/xhtml/testfiles/resources/pdf/dummy.pdf "HTTP/1.1 200 OK"
2026-01-08 09:58:30,569 - INFO - ==================================================
2026-01-08 09:58:30,571 - INFO - 🛑 DIAGNÓSTICO DE ENVIO (ARQUIVO+TEXTO)
2026-01-08 09:58:30,572 - INFO - 🔍 Chatwoot: Buscando contato +558596123586 na URL https://chatandrieli.jords.site/api/v1/accounts/2/contacts/search
2026-01-08 09:58:32,143 - INFO - HTTP Request: GET https://chatandrieli.jords.site/api/v1/accounts/2/contacts/search?q=%2B558596123586 "HTTP/1.1 200 OK"
2026-01-08 09:58:32,146 - INFO - ✅ Chatwoot: Contato existente encontrado.
2026-01-08 09:58:33,255 - INFO - HTTP Request: GET https://chatandrieli.jords.site/api/v1/accounts/2/contacts/4/conversations "HTTP/1.1 200 OK"
2026-01-08 09:58:33,257 - INFO - ✅ Chatwoot: Conversa aberta encontrada (ID: 4). Reutilizando.
2026-01-08 09:58:33,258 - INFO - ✅ Conversa Alvo ID: 4
2026-01-08 09:58:33,259 - INFO - 📤 Enviando Texto PRIMEIRO...
2026-01-08 09:58:33,259 - INFO - 🚀 Chatwoot: Enviando TEXTO (Sequência) para conversa 4...
2026-01-08 09:58:36,685 - INFO - HTTP Request: POST https://chatandrieli.jords.site/api/v1/accounts/2/conversations/4/messages "HTTP/1.1 200 OK"
2026-01-08 09:58:36,691 - INFO - ⏳ Aguardando delay de 1 segundos...
2026-01-08 09:58:36,821 - INFO - HTTP Request: GET https://planilhaandrieli.jords.site/api/database/rows/table/677/?user_field_names=true&size=2000 "HTTP/1.1 400 Bad Request"
2026-01-08 09:58:36,839 - INFO - HTTP Request: GET https://planilhaandrieli.jords.site/api/database/rows/table/673/?user_field_names=true "HTTP/1.1 200 OK"
2026-01-08 09:58:37,703 - INFO - 📤 Enviando Arquivo AGORA...
2026-01-08 09:58:38,841 - INFO - HTTP Request: POST https://chatandrieli.jords.site/api/v1/accounts/2/conversations/4/messages "HTTP/1.1 200 OK"
2026-01-08 09:58:38,845 - INFO - ✅ Arquivo enviado!
2026-01-08 09:58:46,048 - INFO - HTTP Request: GET https://planilhaandrieli.jords.site/api/database/rows/table/677/?user_field_names=true&size=2000 "HTTP/1.1 400 Bad Request"
2026-01-08 09:58:46,368 - INFO - HTTP Request: GET https://planilhaandrieli.jords.site/api/database/rows/table/673/?user_field_names=true "HTTP/1.1 200 OK"
2026-01-08 09:58:55,697 - INFO - HTTP Request: GET https://planilhaandrieli.jords.site/api/database/rows/table/677/?user_field_names=true&size=2000 "HTTP/1.1 400 Bad Request"
2026-01-08 09:58:55,727 - INFO - HTTP Request: GET https://planilhaandrieli.jords.site/api/database/rows/table/673/?user_field_names=true "HTTP/1.1 200 OK"
2026-01-08 09:59:05,984 - INFO - HTTP Request: GET https://planilhaandrieli.jords.site/api/database/rows/table/673/?user_field_names=true "HTTP/1.1 200 OK"
2026-01-08 09:59:05,985 - INFO - HTTP Request: GET https://planilhaandrieli.jords.site/api/database/rows/table/677/?user_field_names=true&size=2000 "HTTP/1.1 400 Bad Request"
2026-01-08 09:59:15,762 - INFO - HTTP Request: GET https://planilhaandrieli.jords.site/api/database/rows/table/677/?user_field_names=true&size=2000 "HTTP/1.1 400 Bad Request"
2026-01-08 09:59:15,766 - INFO - HTTP Request: GET https://planilhaandrieli.jords.site/api/database/rows/table/673/?user_field_names=true "HTTP/1.1 200 OK"
2026-01-08 10:00:24,780 - INFO - HTTP Request: GET https://planilhaandrieli.jords.site/api/database/rows/table/673/?user_field_names=true "HTTP/1.1 200 OK"
2026-01-08 10:00:24,785 - INFO - HTTP Request: GET https://planilhaandrieli.jords.site/api/database/rows/table/677/?user_field_names=true&size=2000 "HTTP/1.1 400 Bad Request"
2026-01-08 10:02:07,412 - INFO - HTTP Request: GET https://planilhaandrieli.jords.site/api/database/rows/table/677/?user_field_names=true&size=2000 "HTTP/1.1 400 Bad Request"
2026-01-08 10:02:07,433 - INFO - HTTP Request: GET https://planilhaandrieli.jords.site/api/database/rows/table/673/?user_field_names=true "HTTP/1.1 200 OK"
2026-01-08 10:02:15,722 - INFO - HTTP Request: GET https://planilhaandrieli.jords.site/api/database/rows/table/677/?user_field_names=true&size=2000 "HTTP/1.1 400 Bad Request"
2026-01-08 10:02:15,780 - INFO - HTTP Request: GET https://planilhaandrieli.jords.site/api/database/rows/table/673/?user_field_names=true "HTTP/1.1 200 OK"
2026-01-08 10:02:26,755 - INFO - HTTP Request: GET https://planilhaandrieli.jords.site/api/database/rows/table/677/?user_field_names=true&size=2000 "HTTP/1.1 400 Bad Request"
2026-01-08 10:02:26,779 - INFO - HTTP Request: GET https://planilhaandrieli.jords.site/api/database/rows/table/673/?user_field_names=true "HTTP/1.1 200 OK"
2026-01-08 10:02:36,652 - INFO - HTTP Request: GET https://planilhaandrieli.jords.site/api/database/rows/table/673/?user_field_names=true "HTTP/1.1 200 OK"
2026-01-08 10:02:36,655 - INFO - HTTP Request: GET https://planilhaandrieli.jords.site/api/database/rows/table/677/?user_field_names=true&size=2000 "HTTP/1.1 400 Bad Request"
2026-01-08 10:02:45,950 - INFO - HTTP Request: GET https://planilhaandrieli.jords.site/api/database/rows/table/677/?user_field_names=true&size=2000 "HTTP/1.1 400 Bad Request"
2026-01-08 10:02:45,969 - INFO - HTTP Request: GET https://planilhaandrieli.jords.site/api/database/rows/table/673/?user_field_names=true "HTTP/1.1 200 OK"
2026-01-08 10:02:56,490 - INFO - HTTP Request: GET https://planilhaandrieli.jords.site/api/database/rows/table/673/?user_field_names=true "HTTP/1.1 200 OK"
2026-01-08 10:02:56,494 - INFO - HTTP Request: GET https://planilhaandrieli.jords.site/api/database/rows/table/677/?user_field_names=true&size=2000 "HTTP/1.1 400 Bad Request"
2026-01-08 10:02:59,416 - INFO - HTTP Request: GET https://docs.google.com/document/d/1kK6TVaq2CyN1GMldzMxwAKECMuahjKrogTnoJUrqeqw/export?format=pdf "HTTP/1.1 307 Temporary Redirect"
2026-01-08 10:02:59,421 - INFO - ==================================================
2026-01-08 10:02:59,422 - INFO - 🛑 DIAGNÓSTICO DE ENVIO (TEXTO)
2026-01-08 10:02:59,423 - INFO - 🔍 Chatwoot: Buscando contato +558596123586 na URL https://chatandrieli.jords.site/api/v1/accounts/2/contacts/search
2026-01-08 10:03:00,779 - INFO - HTTP Request: GET https://chatandrieli.jords.site/api/v1/accounts/2/contacts/search?q=%2B558596123586 "HTTP/1.1 200 OK"
2026-01-08 10:03:00,785 - INFO - ✅ Chatwoot: Contato existente encontrado.
2026-01-08 10:03:02,416 - INFO - HTTP Request: GET https://chatandrieli.jords.site/api/v1/accounts/2/contacts/4/conversations "HTTP/1.1 200 OK"
2026-01-08 10:03:02,422 - INFO - ✅ Chatwoot: Conversa aberta encontrada (ID: 4). Reutilizando.
2026-01-08 10:03:02,424 - INFO - ✅ Conversa Alvo ID: 4
2026-01-08 10:03:02,426 - INFO - 🚀 Chatwoot: Enviando TEXTO (Sequência) para conversa 4...
2026-01-08 10:03:06,221 - INFO - HTTP Request: POST https://chatandrieli.jords.site/api/v1/accounts/2/conversations/4/messages "HTTP/1.1 200 OK"
2026-01-08 10:03:09,016 - INFO - HTTP Request: GET https://planilhaandrieli.jords.site/api/database/rows/table/677/?user_field_names=true&size=2000 "HTTP/1.1 400 Bad Request"
2026-01-08 10:03:09,022 - INFO - HTTP Request: GET https://planilhaandrieli.jords.site/api/database/rows/table/673/?user_field_names=true "HTTP/1.1 200 OK"
2026-01-08 10:03:09,111 - INFO - HTTP Request: GET https://planilhaandrieli.jords.site/api/database/rows/table/677/?user_field_names=true&size=2000 "HTTP/1.1 400 Bad Request"
2026-01-08 10:03:09,130 - INFO - HTTP Request: GET https://planilhaandrieli.jords.site/api/database/rows/table/673/?user_field_names=true "HTTP/1.1 200 OK"
2026-01-08 10:03:15,625 - INFO - HTTP Request: GET https://planilhaandrieli.jords.site/api/database/rows/table/677/?user_field_names=true&size=2000 "HTTP/1.1 400 Bad Request"
2026-01-08 10:03:15,675 - INFO - HTTP Request: GET https://planilhaandrieli.jords.site/api/database/rows/table/673/?user_field_names=true "HTTP/1.1 200 OK"
2026-01-08 10:03:25,950 - INFO - HTTP Request: GET https://planilhaandrieli.jords.site/api/database/rows/table/677/?user_field_names=true&size=2000 "HTTP/1.1 400 Bad Request"
2026-01-08 10:03:25,975 - INFO - HTTP Request: GET https://planilhaandrieli.jords.site/api/database/rows/table/673/?user_field_names=true "HTTP/1.1 200 OK"
2026-01-08 10:03:35,797 - INFO - HTTP Request: GET https://planilhaandrieli.jords.site/api/database/rows/table/677/?user_field_names=true&size=2000 "HTTP/1.1 400 Bad Request"
2026-01-08 10:03:36,139 - INFO - HTTP Request: GET https://planilhaandrieli.jords.site/api/database/rows/table/673/?user_field_names=true "HTTP/1.1 200 OK"
2026-01-08 10:03:45,989 - INFO - HTTP Request: GET https://planilhaandrieli.jords.site/api/database/rows/table/677/?user_field_names=true&size=2000 "HTTP/1.1 400 Bad Request"
2026-01-08 10:03:46,034 - INFO - HTTP Request: GET https://planilhaandrieli.jords.site/api/database/rows/table/673/?user_field_names=true "HTTP/1.1 200 OK"
2026-01-08 10:03:55,642 - INFO - HTTP Request: GET https://planilhaandrieli.jords.site/api/database/rows/table/677/?user_field_names=true&size=2000 "HTTP/1.1 400 Bad Request"
2026-01-08 10:03:55,698 - INFO - HTTP Request: GET https://planilhaandrieli.jords.site/api/database/rows/table/673/?user_field_names=true "HTTP/1.1 200 OK"
2026-01-08 10:04:06,011 - INFO - HTTP Request: GET https://planilhaandrieli.jords.site/api/database/rows/table/677/?user_field_names=true&size=2000 "HTTP/1.1 400 Bad Request"
2026-01-08 10:04:06,029 - INFO - HTTP Request: GET https://planilhaandrieli.jords.site/api/database/rows/table/673/?user_field_names=true "HTTP/1.1 200 OK"
2026-01-08 10:04:15,101 - INFO - HTTP Request: GET https://planilhaandrieli.jords.site/api/database/rows/table/677/?user_field_names=true&size=2000 "HTTP/1.1 400 Bad Request"
2026-01-08 10:04:15,119 - INFO - HTTP Request: GET https://planilhaandrieli.jords.site/api/database/rows/table/673/?user_field_names=true "HTTP/1.1 200 OK"
2026-01-08 10:04:36,393 - INFO - HTTP Request: GET https://planilhaandrieli.jords.site/api/database/rows/table/677/?user_field_names=true&size=2000 "HTTP/1.1 400 Bad Request"
2026-01-08 10:04:36,421 - INFO - HTTP Request: GET https://planilhaandrieli.jords.site/api/database/rows/table/673/?user_field_names=true "HTTP/1.1 200 OK"
2026-01-08 10:04:45,144 - INFO - HTTP Request: GET https://planilhaandrieli.jords.site/api/database/rows/table/673/?user_field_names=true "HTTP/1.1 200 OK"
2026-01-08 10:04:45,146 - INFO - HTTP Request: GET https://planilhaandrieli.jords.site/api/database/rows/table/677/?user_field_names=true&size=2000 "HTTP/1.1 400 Bad Request"
2026-01-08 10:05:01,795 - INFO - HTTP Request: GET https://planilhaandrieli.jords.site/api/database/rows/table/677/?user_field_names=true&size=2000 "HTTP/1.1 400 Bad Request"
2026-01-08 10:05:01,800 - INFO - HTTP Request: GET https://planilhaandrieli.jords.site/api/database/rows/table/673/?user_field_names=true "HTTP/1.1 200 OK"
2026-01-08 10:05:05,829 - INFO - HTTP Request: GET https://planilhaandrieli.jords.site/api/database/rows/table/677/?user_field_names=true&size=2000 "HTTP/1.1 400 Bad Request"
2026-01-08 10:05:05,880 - INFO - HTTP Request: GET https://planilhaandrieli.jords.site/api/database/rows/table/673/?user_field_names=true "HTTP/1.1 200 OK"
2026-01-08 10:05:18,564 - INFO - HTTP Request: GET https://planilhaandrieli.jords.site/api/database/rows/table/677/?user_field_names=true&size=2000 "HTTP/1.1 400 Bad Request"
2026-01-08 10:05:18,584 - INFO - HTTP Request: GET https://planilhaandrieli.jords.site/api/database/rows/table/673/?user_field_names=true "HTTP/1.1 200 OK"
2026-01-08 10:05:44,145 - INFO - HTTP Request: GET https://planilhaandrieli.jords.site/api/database/rows/table/677/?user_field_names=true&size=2000 "HTTP/1.1 400 Bad Request"
2026-01-08 10:05:44,192 - INFO - HTTP Request: GET https://planilhaandrieli.jords.site/api/database/rows/table/673/?user_field_names=true "HTTP/1.1 200 OK"
2026-01-08 10:05:46,227 - INFO - HTTP Request: GET https://planilhaandrieli.jords.site/api/database/rows/table/677/?user_field_names=true&size=2000 "HTTP/1.1 400 Bad Request"
2026-01-08 10:05:46,249 - INFO - HTTP Request: GET https://planilhaandrieli.jords.site/api/database/rows/table/673/?user_field_names=true "HTTP/1.1 200 OK"
2026-01-08 10:10:47,273 - INFO - HTTP Request: GET https://planilhaandrieli.jords.site/api/database/rows/table/677/?user_field_names=true&size=2000 "HTTP/1.1 400 Bad Request"
2026-01-08 10:10:47,282 - INFO - HTTP Request: GET https://planilhaandrieli.jords.site/api/database/rows/table/677/?user_field_names=true&size=2000 "HTTP/1.1 400 Bad Request"
2026-01-08 10:10:47,322 - INFO - HTTP Request: GET https://planilhaandrieli.jords.site/api/database/rows/table/673/?user_field_names=true "HTTP/1.1 200 OK"
2026-01-08 10:10:47,325 - INFO - HTTP Request: GET https://planilhaandrieli.jords.site/api/database/rows/table/673/?user_field_names=true "HTTP/1.1 200 OK"
2026-01-08 10:10:54,978 - INFO - HTTP Request: GET https://planilhaandrieli.jords.site/api/database/rows/table/677/?user_field_names=true&size=2000 "HTTP/1.1 400 Bad Request"
2026-01-08 10:10:54,993 - INFO - HTTP Request: GET https://planilhaandrieli.jords.site/api/database/rows/table/673/?user_field_names=true "HTTP/1.1 200 OK"
2026-01-08 10:11:18,811 - INFO - HTTP Request: GET https://planilhaandrieli.jords.site/api/database/rows/table/673/?user_field_names=true "HTTP/1.1 200 OK"
2026-01-08 10:11:18,818 - INFO - HTTP Request: GET https://planilhaandrieli.jords.site/api/database/rows/table/677/?user_field_names=true&size=2000 "HTTP/1.1 400 Bad Request"
2026-01-08 10:11:24,911 - INFO - HTTP Request: GET https://planilhaandrieli.jords.site/api/database/rows/table/677/?user_field_names=true&size=2000 "HTTP/1.1 400 Bad Request"
2026-01-08 10:11:24,927 - INFO - HTTP Request: GET https://planilhaandrieli.jords.site/api/database/rows/table/673/?user_field_names=true "HTTP/1.1 200 OK"
2026-01-08 10:23:19,123 - INFO - HTTP Request: GET https://planilhaandrieli.jords.site/api/database/rows/table/678/?user_field_names=true&filter__field_Email__equal=admin%40admin.com "HTTP/1.1 200 OK"
2026-01-08 10:25:39,286 - INFO - HTTP Request: GET https://planilhaandrieli.jords.site/api/database/rows/table/678/?user_field_names=true&filter__field_Email__equal=aryarajunity%40gmail.com "HTTP/1.1 200 OK"
2026-01-08 10:25:40,065 - INFO - HTTP Request: GET https://planilhaandrieli.jords.site/api/database/rows/table/678/?user_field_names=true&filter__field_Email__equal=aryarajunity%40gmail.com "HTTP/1.1 200 OK"
2026-01-08 10:25:42,065 - INFO - HTTP Request: GET https://planilhaandrieli.jords.site/api/database/rows/table/677/?user_field_names=true&size=2000 "HTTP/1.1 400 Bad Request"
2026-01-08 10:25:42,082 - INFO - HTTP Request: GET https://planilhaandrieli.jords.site/api/database/rows/table/673/?user_field_names=true "HTTP/1.1 200 OK"
2026-01-08 10:25:42,095 - INFO - HTTP Request: GET https://planilhaandrieli.jords.site/api/database/rows/table/673/?user_field_names=true "HTTP/1.1 200 OK"
2026-01-08 10:25:42,096 - INFO - HTTP Request: GET https://planilhaandrieli.jords.site/api/database/rows/table/677/?user_field_names=true&size=2000 "HTTP/1.1 400 Bad Request"
2026-01-08 10:25:51,615 - INFO - HTTP Request: GET https://planilhaandrieli.jords.site/api/database/rows/table/677/?user_field_names=true&size=2000 "HTTP/1.1 400 Bad Request"
2026-01-08 10:25:51,641 - INFO - HTTP Request: GET https://planilhaandrieli.jords.site/api/database/rows/table/673/?user_field_names=true "HTTP/1.1 200 OK"
2026-01-08 10:26:01,333 - INFO - HTTP Request: GET https://planilhaandrieli.jords.site/api/database/rows/table/677/?user_field_names=true&size=2000 "HTTP/1.1 400 Bad Request"
2026-01-08 10:26:01,414 - INFO - HTTP Request: GET https://planilhaandrieli.jords.site/api/database/rows/table/673/?user_field_names=true "HTTP/1.1 200 OK"
2026-01-08 10:26:11,587 - INFO - HTTP Request: GET https://planilhaandrieli.jords.site/api/database/rows/table/677/?user_field_names=true&size=2000 "HTTP/1.1 400 Bad Request"
2026-01-08 10:26:11,605 - INFO - HTTP Request: GET https://planilhaandrieli.jords.site/api/database/rows/table/673/?user_field_names=true "HTTP/1.1 200 OK"
2026-01-08 10:26:22,371 - INFO - HTTP Request: GET https://planilhaandrieli.jords.site/api/database/rows/table/677/?user_field_names=true&size=2000 "HTTP/1.1 400 Bad Request"
2026-01-08 10:26:22,392 - INFO - HTTP Request: GET https://planilhaandrieli.jords.site/api/database/rows/table/673/?user_field_names=true "HTTP/1.1 200 OK"
2026-01-08 10:26:32,894 - INFO - HTTP Request: GET https://planilhaandrieli.jords.site/api/database/rows/table/677/?user_field_names=true&size=2000 "HTTP/1.1 400 Bad Request"
2026-01-08 10:26:33,213 - INFO - HTTP Request: GET https://planilhaandrieli.jords.site/api/database/rows/table/673/?user_field_names=true "HTTP/1.1 200 OK"
2026-01-08 10:26:43,259 - INFO - HTTP Request: GET https://planilhaandrieli.jords.site/api/database/rows/table/677/?user_field_names=true&size=2000 "HTTP/1.1 400 Bad Request"
2026-01-08 10:26:43,283 - INFO - HTTP Request: GET https://planilhaandrieli.jords.site/api/database/rows/table/673/?user_field_names=true "HTTP/1.1 200 OK"
2026-01-08 10:26:52,030 - INFO - HTTP Request: GET https://planilhaandrieli.jords.site/api/database/rows/table/677/?user_field_names=true&size=2000 "HTTP/1.1 400 Bad Request"
2026-01-08 10:26:52,040 - INFO - HTTP Request: GET https://planilhaandrieli.jords.site/api/database/rows/table/673/?user_field_names=true "HTTP/1.1 200 OK"
2026-01-08 10:27:01,650 - INFO - HTTP Request: GET https://planilhaandrieli.jords.site/api/database/rows/table/677/?user_field_names=true&size=2000 "HTTP/1.1 400 Bad Request"
2026-01-08 10:27:01,669 - INFO - HTTP Request: GET https://planilhaandrieli.jords.site/api/database/rows/table/673/?user_field_names=true "HTTP/1.1 200 OK"
2026-01-08 10:27:12,141 - INFO - HTTP Request: GET https://planilhaandrieli.jords.site/api/database/rows/table/677/?user_field_names=true&size=2000 "HTTP/1.1 400 Bad Request"
2026-01-08 10:27:12,178 - INFO - HTTP Request: GET https://planilhaandrieli.jords.site/api/database/rows/table/673/?user_field_names=true "HTTP/1.1 200 OK"
2026-01-08 10:27:21,737 - INFO - HTTP Request: GET https://planilhaandrieli.jords.site/api/database/rows/table/677/?user_field_names=true&size=2000 "HTTP/1.1 400 Bad Request"
2026-01-08 10:27:21,754 - INFO - HTTP Request: GET https://planilhaandrieli.jords.site/api/database/rows/table/673/?user_field_names=true "HTTP/1.1 200 OK"
2026-01-08 10:27:31,957 - INFO - HTTP Request: GET https://planilhaandrieli.jords.site/api/database/rows/table/677/?user_field_names=true&size=2000 "HTTP/1.1 400 Bad Request"
2026-01-08 10:27:31,990 - INFO - HTTP Request: GET https://planilhaandrieli.jords.site/api/database/rows/table/673/?user_field_names=true "HTTP/1.1 200 OK"
2026-01-08 10:27:41,782 - INFO - HTTP Request: GET https://planilhaandrieli.jords.site/api/database/rows/table/677/?user_field_names=true&size=2000 "HTTP/1.1 400 Bad Request"
2026-01-08 10:27:41,786 - INFO - HTTP Request: GET https://planilhaandrieli.jords.site/api/database/rows/table/673/?user_field_names=true "HTTP/1.1 200 OK"
2026-01-08 10:27:51,935 - INFO - HTTP Request: GET https://planilhaandrieli.jords.site/api/database/rows/table/677/?user_field_names=true&size=2000 "HTTP/1.1 400 Bad Request"
2026-01-08 10:27:51,959 - INFO - HTTP Request: GET https://planilhaandrieli.jords.site/api/database/rows/table/673/?user_field_names=true "HTTP/1.1 200 OK"
2026-01-08 10:28:01,784 - INFO - HTTP Request: GET https://planilhaandrieli.jords.site/api/database/rows/table/677/?user_field_names=true&size=2000 "HTTP/1.1 400 Bad Request"
2026-01-08 10:28:01,813 - INFO - HTTP Request: GET https://planilhaandrieli.jords.site/api/database/rows/table/673/?user_field_names=true "HTTP/1.1 200 OK"
2026-01-08 10:28:12,030 - INFO - HTTP Request: GET https://planilhaandrieli.jords.site/api/database/rows/table/677/?user_field_names=true&size=2000 "HTTP/1.1 400 Bad Request"
2026-01-08 10:28:12,050 - INFO - HTTP Request: GET https://planilhaandrieli.jords.site/api/database/rows/table/673/?user_field_names=true "HTTP/1.1 200 OK"
2026-01-08 10:28:21,850 - INFO - HTTP Request: GET https://planilhaandrieli.jords.site/api/database/rows/table/677/?user_field_names=true&size=2000 "HTTP/1.1 400 Bad Request"
2026-01-08 10:28:21,868 - INFO - HTTP Request: GET https://planilhaandrieli.jords.site/api/database/rows/table/673/?user_field_names=true "HTTP/1.1 200 OK"
2026-01-08 10:28:32,084 - INFO - HTTP Request: GET https://planilhaandrieli.jords.site/api/database/rows/table/677/?user_field_names=true&size=2000 "HTTP/1.1 400 Bad Request"
2026-01-08 10:28:32,106 - INFO - HTTP Request: GET https://planilhaandrieli.jords.site/api/database/rows/table/673/?user_field_names=true "HTTP/1.1 200 OK"
2026-01-08 10:28:41,631 - INFO - HTTP Request: GET https://planilhaandrieli.jords.site/api/database/rows/table/677/?user_field_names=true&size=2000 "HTTP/1.1 400 Bad Request"
2026-01-08 10:28:41,670 - INFO - HTTP Request: GET https://planilhaandrieli.jords.site/api/database/rows/table/673/?user_field_names=true "HTTP/1.1 200 OK"
2026-01-08 10:28:52,035 - INFO - HTTP Request: GET https://planilhaandrieli.jords.site/api/database/rows/table/677/?user_field_names=true&size=2000 "HTTP/1.1 400 Bad Request"
2026-01-08 10:28:52,049 - INFO - HTTP Request: GET https://planilhaandrieli.jords.site/api/database/rows/table/673/?user_field_names=true "HTTP/1.1 200 OK"
2026-01-08 10:29:01,663 - INFO - HTTP Request: GET https://planilhaandrieli.jords.site/api/database/rows/table/677/?user_field_names=true&size=2000 "HTTP/1.1 400 Bad Request"
2026-01-08 10:29:01,693 - INFO - HTTP Request: GET https://planilhaandrieli.jords.site/api/database/rows/table/673/?user_field_names=true "HTTP/1.1 200 OK"
2026-01-08 10:29:11,947 - INFO - HTTP Request: GET https://planilhaandrieli.jords.site/api/database/rows/table/677/?user_field_names=true&size=2000 "HTTP/1.1 400 Bad Request"
2026-01-08 10:29:11,970 - INFO - HTTP Request: GET https://planilhaandrieli.jords.site/api/database/rows/table/673/?user_field_names=true "HTTP/1.1 200 OK"
2026-01-08 10:29:22,157 - INFO - HTTP Request: GET https://planilhaandrieli.jords.site/api/database/rows/table/677/?user_field_names=true&size=2000 "HTTP/1.1 400 Bad Request"
2026-01-08 10:29:22,175 - INFO - HTTP Request: GET https://planilhaandrieli.jords.site/api/database/rows/table/673/?user_field_names=true "HTTP/1.1 200 OK"
2026-01-08 10:29:31,541 - INFO - ==================================================
2026-01-08 10:29:31,541 - INFO - 🛑 DIAGNÓSTICO DE ENVIO (TEXTO)
2026-01-08 10:29:31,542 - INFO - 🔍 Chatwoot: Buscando contato +558596123586 na URL https://chatandrieli.jords.site/api/v1/accounts/2/contacts/search
2026-01-08 10:29:32,444 - INFO - HTTP Request: GET https://planilhaandrieli.jords.site/api/database/rows/table/677/?user_field_names=true&size=2000 "HTTP/1.1 400 Bad Request"
2026-01-08 10:29:32,481 - INFO - HTTP Request: GET https://planilhaandrieli.jords.site/api/database/rows/table/673/?user_field_names=true "HTTP/1.1 200 OK"
2026-01-08 10:29:32,756 - INFO - HTTP Request: GET https://chatandrieli.jords.site/api/v1/accounts/2/contacts/search?q=%2B558596123586 "HTTP/1.1 200 OK"
2026-01-08 10:29:32,759 - INFO - ✅ Chatwoot: Contato existente encontrado.
2026-01-08 10:29:33,695 - INFO - HTTP Request: GET https://chatandrieli.jords.site/api/v1/accounts/2/contacts/4/conversations "HTTP/1.1 200 OK"
2026-01-08 10:29:33,697 - INFO - ✅ Chatwoot: Conversa aberta encontrada (ID: 4). Reutilizando.
2026-01-08 10:29:33,698 - INFO - ✅ Conversa Alvo ID: 4
2026-01-08 10:29:33,699 - INFO - 🚀 Chatwoot: Enviando TEXTO (Sequência) para conversa 4...
2026-01-08 10:29:34,717 - INFO - HTTP Request: POST https://chatandrieli.jords.site/api/v1/accounts/2/conversations/4/messages "HTTP/1.1 200 OK"
2026-01-08 10:29:36,357 - INFO - HTTP Request: GET https://planilhaandrieli.jords.site/api/database/rows/table/677/?user_field_names=true&size=2000 "HTTP/1.1 400 Bad Request"
2026-01-08 10:29:36,380 - INFO - HTTP Request: GET https://planilhaandrieli.jords.site/api/database/rows/table/673/?user_field_names=true "HTTP/1.1 200 OK"
2026-01-08 10:29:42,493 - INFO - HTTP Request: GET https://planilhaandrieli.jords.site/api/database/rows/table/677/?user_field_names=true&size=2000 "HTTP/1.1 400 Bad Request"
2026-01-08 10:29:42,540 - INFO - HTTP Request: GET https://planilhaandrieli.jords.site/api/database/rows/table/673/?user_field_names=true "HTTP/1.1 200 OK"
2026-01-08 10:29:51,636 - INFO - HTTP Request: GET https://planilhaandrieli.jords.site/api/database/rows/table/677/?user_field_names=true&size=2000 "HTTP/1.1 400 Bad Request"
2026-01-08 10:29:51,650 - INFO - HTTP Request: GET https://planilhaandrieli.jords.site/api/database/rows/table/673/?user_field_names=true "HTTP/1.1 200 OK"
2026-01-08 10:30:03,521 - INFO - HTTP Request: GET https://planilhaandrieli.jords.site/api/database/rows/table/677/?user_field_names=true&size=2000 "HTTP/1.1 400 Bad Request"
2026-01-08 10:30:03,570 - INFO - HTTP Request: GET https://planilhaandrieli.jords.site/api/database/rows/table/673/?user_field_names=true "HTTP/1.1 200 OK"
2026-01-08 10:30:11,678 - INFO - HTTP Request: GET https://planilhaandrieli.jords.site/api/database/rows/table/677/?user_field_names=true&size=2000 "HTTP/1.1 400 Bad Request"
2026-01-08 10:30:11,759 - INFO - HTTP Request: GET https://planilhaandrieli.jords.site/api/database/rows/table/673/?user_field_names=true "HTTP/1.1 200 OK"
2026-01-08 10:30:22,067 - INFO - HTTP Request: GET https://planilhaandrieli.jords.site/api/database/rows/table/677/?user_field_names=true&size=2000 "HTTP/1.1 400 Bad Request"
2026-01-08 10:30:22,087 - INFO - HTTP Request: GET https://planilhaandrieli.jords.site/api/database/rows/table/673/?user_field_names=true "HTTP/1.1 200 OK"
2026-01-08 10:30:31,625 - INFO - HTTP Request: GET https://planilhaandrieli.jords.site/api/database/rows/table/677/?user_field_names=true&size=2000 "HTTP/1.1 400 Bad Request"
2026-01-08 10:30:31,664 - INFO - HTTP Request: GET https://planilhaandrieli.jords.site/api/database/rows/table/673/?user_field_names=true "HTTP/1.1 200 OK"
2026-01-08 10:30:41,964 - INFO - HTTP Request: GET https://planilhaandrieli.jords.site/api/database/rows/table/677/?user_field_names=true&size=2000 "HTTP/1.1 400 Bad Request"
2026-01-08 10:30:41,980 - INFO - HTTP Request: GET https://planilhaandrieli.jords.site/api/database/rows/table/673/?user_field_names=true "HTTP/1.1 200 OK"
2026-01-08 10:30:51,921 - INFO - HTTP Request: GET https://planilhaandrieli.jords.site/api/database/rows/table/677/?user_field_names=true&size=2000 "HTTP/1.1 400 Bad Request"
2026-01-08 10:30:51,938 - INFO - HTTP Request: GET https://planilhaandrieli.jords.site/api/database/rows/table/673/?user_field_names=true "HTTP/1.1 200 OK"
2026-01-08 10:31:02,605 - INFO - HTTP Request: GET https://planilhaandrieli.jords.site/api/database/rows/table/677/?user_field_names=true&size=2000 "HTTP/1.1 400 Bad Request"
2026-01-08 10:31:02,628 - INFO - HTTP Request: GET https://planilhaandrieli.jords.site/api/database/rows/table/673/?user_field_names=true "HTTP/1.1 200 OK"
2026-01-08 10:31:03,557 - INFO - HTTP Request: GET https://planilhaandrieli.jords.site/api/database/rows/table/678/?user_field_names=true&filter__field_Email__equal=aryarajunity%40gmail.com "HTTP/1.1 200 OK"
2026-01-08 10:31:04,183 - INFO - HTTP Request: GET https://planilhaandrieli.jords.site/api/database/rows/table/678/?user_field_names=true&filter__field_Email__equal=aryarajunity%40gmail.com "HTTP/1.1 200 OK"
2026-01-08 10:31:05,395 - INFO - HTTP Request: GET https://planilhaandrieli.jords.site/api/database/rows/table/677/?user_field_names=true&size=2000 "HTTP/1.1 400 Bad Request"
2026-01-08 10:31:05,418 - INFO - HTTP Request: GET https://planilhaandrieli.jords.site/api/database/rows/table/673/?user_field_names=true "HTTP/1.1 200 OK"
2026-01-08 10:31:05,517 - INFO - HTTP Request: GET https://planilhaandrieli.jords.site/api/database/rows/table/677/?user_field_names=true&size=2000 "HTTP/1.1 400 Bad Request"
2026-01-08 10:31:05,547 - INFO - HTTP Request: GET https://planilhaandrieli.jords.site/api/database/rows/table/673/?user_field_names=true "HTTP/1.1 200 OK"
2026-01-08 10:31:12,086 - INFO - HTTP Request: GET https://planilhaandrieli.jords.site/api/database/rows/table/677/?user_field_names=true&size=2000 "HTTP/1.1 400 Bad Request"
2026-01-08 10:31:12,096 - INFO - HTTP Request: GET https://planilhaandrieli.jords.site/api/database/rows/table/673/?user_field_names=true "HTTP/1.1 200 OK"
2026-01-08 10:31:20,681 - INFO - HTTP Request: GET https://planilhaandrieli.jords.site/api/database/rows/table/673/?user_field_names=true "HTTP/1.1 200 OK"
2026-01-08 10:31:20,694 - INFO - HTTP Request: GET https://planilhaandrieli.jords.site/api/database/rows/table/677/?user_field_names=true&size=2000 "HTTP/1.1 400 Bad Request"
2026-01-08 10:31:27,178 - INFO - HTTP Request: GET https://planilhaandrieli.jords.site/api/database/rows/table/677/?user_field_names=true&size=2000 "HTTP/1.1 400 Bad Request"
2026-01-08 10:31:27,194 - INFO - HTTP Request: GET https://planilhaandrieli.jords.site/api/database/rows/table/673/?user_field_names=true "HTTP/1.1 200 OK"
2026-01-08 10:31:37,062 - INFO - HTTP Request: GET https://planilhaandrieli.jords.site/api/database/rows/table/677/?user_field_names=true&size=2000 "HTTP/1.1 400 Bad Request"
2026-01-08 10:31:37,096 - INFO - HTTP Request: GET https://planilhaandrieli.jords.site/api/database/rows/table/673/?user_field_names=true "HTTP/1.1 200 OK"
2026-01-08 10:31:37,171 - INFO - HTTP Request: GET https://planilhaandrieli.jords.site/api/database/rows/table/677/?user_field_names=true&size=2000 "HTTP/1.1 400 Bad Request"
2026-01-08 10:31:37,178 - INFO - HTTP Request: GET https://planilhaandrieli.jords.site/api/database/rows/table/677/?user_field_names=true&size=2000 "HTTP/1.1 400 Bad Request"
2026-01-08 10:31:37,197 - INFO - HTTP Request: GET https://planilhaandrieli.jords.site/api/database/rows/table/673/?user_field_names=true "HTTP/1.1 200 OK"
2026-01-08 10:31:37,198 - INFO - HTTP Request: GET https://planilhaandrieli.jords.site/api/database/rows/table/673/?user_field_names=true "HTTP/1.1 200 OK"
2026-01-08 10:31:40,976 - INFO - HTTP Request: GET https://planilhaandrieli.jords.site/api/database/rows/table/677/?user_field_names=true&size=2000 "HTTP/1.1 400 Bad Request"
2026-01-08 10:31:40,978 - INFO - HTTP Request: GET https://planilhaandrieli.jords.site/api/database/rows/table/673/?user_field_names=true "HTTP/1.1 200 OK"
2026-01-08 10:31:47,353 - INFO - HTTP Request: GET https://planilhaandrieli.jords.site/api/database/rows/table/673/?user_field_names=true "HTTP/1.1 200 OK"
2026-01-08 10:31:47,355 - INFO - HTTP Request: GET https://planilhaandrieli.jords.site/api/database/rows/table/677/?user_field_names=true&size=2000 "HTTP/1.1 400 Bad Request"
2026-01-08 10:31:49,185 - INFO - HTTP Request: GET https://planilhaandrieli.jords.site/api/database/rows/table/677/?user_field_names=true&size=2000 "HTTP/1.1 400 Bad Request"
2026-01-08 10:31:49,202 - INFO - HTTP Request: GET https://planilhaandrieli.jords.site/api/database/rows/table/673/?user_field_names=true "HTTP/1.1 200 OK"
2026-01-08 10:31:49,357 - INFO - HTTP Request: GET https://planilhaandrieli.jords.site/api/database/rows/table/677/?user_field_names=true&size=2000 "HTTP/1.1 400 Bad Request"
2026-01-08 10:31:49,370 - INFO - HTTP Request: GET https://planilhaandrieli.jords.site/api/database/rows/table/677/?user_field_names=true&size=2000 "HTTP/1.1 400 Bad Request"
2026-01-08 10:31:49,400 - INFO - HTTP Request: GET https://planilhaandrieli.jords.site/api/database/rows/table/673/?user_field_names=true "HTTP/1.1 200 OK"
2026-01-08 10:31:49,419 - INFO - HTTP Request: GET https://planilhaandrieli.jords.site/api/database/rows/table/673/?user_field_names=true "HTTP/1.1 200 OK"
2026-01-08 10:31:49,471 - INFO - HTTP Request: GET https://planilhaandrieli.jords.site/api/database/rows/table/677/?user_field_names=true&size=2000 "HTTP/1.1 400 Bad Request"
2026-01-08 10:31:49,485 - INFO - HTTP Request: GET https://planilhaandrieli.jords.site/api/database/rows/table/673/?user_field_names=true "HTTP/1.1 200 OK"
2026-01-08 10:31:56,105 - INFO - HTTP Request: GET https://planilhaandrieli.jords.site/api/database/rows/table/677/?user_field_names=true&size=2000 "HTTP/1.1 400 Bad Request"
2026-01-08 10:31:56,163 - INFO - HTTP Request: GET https://planilhaandrieli.jords.site/api/database/rows/table/673/?user_field_names=true "HTTP/1.1 200 OK"
2026-01-08 10:31:58,027 - INFO - HTTP Request: GET https://planilhaandrieli.jords.site/api/database/rows/table/673/?user_field_names=true "HTTP/1.1 200 OK"
2026-01-08 10:31:58,028 - INFO - HTTP Request: GET https://planilhaandrieli.jords.site/api/database/rows/table/677/?user_field_names=true&size=2000 "HTTP/1.1 400 Bad Request"
2026-01-08 10:31:58,278 - INFO - HTTP Request: GET https://planilhaandrieli.jords.site/api/database/rows/table/677/?user_field_names=true&size=2000 "HTTP/1.1 400 Bad Request"
2026-01-08 10:31:58,308 - INFO - HTTP Request: GET https://planilhaandrieli.jords.site/api/database/rows/table/673/?user_field_names=true "HTTP/1.1 200 OK"
2026-01-08 10:32:05,924 - INFO - HTTP Request: GET https://planilhaandrieli.jords.site/api/database/rows/table/677/?user_field_names=true&size=2000 "HTTP/1.1 400 Bad Request"
2026-01-08 10:32:05,939 - INFO - HTTP Request: GET https://planilhaandrieli.jords.site/api/database/rows/table/673/?user_field_names=true "HTTP/1.1 200 OK"
2026-01-08 10:32:08,639 - INFO - HTTP Request: GET https://planilhaandrieli.jords.site/api/database/rows/table/677/?user_field_names=true&size=2000 "HTTP/1.1 400 Bad Request"
2026-01-08 10:32:08,648 - INFO - HTTP Request: GET https://planilhaandrieli.jords.site/api/database/rows/table/673/?user_field_names=true "HTTP/1.1 200 OK"
2026-01-08 10:32:08,762 - INFO - HTTP Request: GET https://planilhaandrieli.jords.site/api/database/rows/table/677/?user_field_names=true&size=2000 "HTTP/1.1 400 Bad Request"
2026-01-08 10:32:08,780 - INFO - HTTP Request: GET https://planilhaandrieli.jords.site/api/database/rows/table/673/?user_field_names=true "HTTP/1.1 200 OK"
2026-01-08 10:32:15,906 - INFO - HTTP Request: GET https://planilhaandrieli.jords.site/api/database/rows/table/677/?user_field_names=true&size=2000 "HTTP/1.1 400 Bad Request"
2026-01-08 10:32:15,965 - INFO - HTTP Request: GET https://planilhaandrieli.jords.site/api/database/rows/table/673/?user_field_names=true "HTTP/1.1 200 OK"
2026-01-08 10:32:15,981 - INFO - HTTP Request: GET https://planilhaandrieli.jords.site/api/database/rows/table/673/?user_field_names=true "HTTP/1.1 200 OK"
2026-01-08 10:32:15,995 - INFO - HTTP Request: GET https://planilhaandrieli.jords.site/api/database/rows/table/677/?user_field_names=true&size=2000 "HTTP/1.1 400 Bad Request"
2026-01-08 10:32:19,821 - INFO - HTTP Request: GET https://planilhaandrieli.jords.site/api/database/rows/table/677/?user_field_names=true&size=2000 "HTTP/1.1 400 Bad Request"
2026-01-08 10:32:19,832 - INFO - HTTP Request: GET https://planilhaandrieli.jords.site/api/database/rows/table/673/?user_field_names=true "HTTP/1.1 200 OK"
2026-01-08 10:32:19,924 - INFO - HTTP Request: GET https://planilhaandrieli.jords.site/api/database/rows/table/677/?user_field_names=true&size=2000 "HTTP/1.1 400 Bad Request"
2026-01-08 10:32:19,942 - INFO - HTTP Request: GET https://planilhaandrieli.jords.site/api/database/rows/table/673/?user_field_names=true "HTTP/1.1 200 OK"
2026-01-08 10:32:24,176 - INFO - HTTP Request: GET https://planilhaandrieli.jords.site/api/database/rows/table/677/?user_field_names=true&size=2000 "HTTP/1.1 400 Bad Request"
2026-01-08 10:32:24,192 - INFO - HTTP Request: GET https://planilhaandrieli.jords.site/api/database/rows/table/673/?user_field_names=true "HTTP/1.1 200 OK"
2026-01-08 10:32:29,924 - INFO - HTTP Request: GET https://planilhaandrieli.jords.site/api/database/rows/table/677/?user_field_names=true&size=2000 "HTTP/1.1 400 Bad Request"
2026-01-08 10:32:29,977 - INFO - HTTP Request: GET https://planilhaandrieli.jords.site/api/database/rows/table/673/?user_field_names=true "HTTP/1.1 200 OK"
2026-01-08 10:32:30,084 - INFO - HTTP Request: GET https://planilhaandrieli.jords.site/api/database/rows/table/677/?user_field_names=true&size=2000 "HTTP/1.1 400 Bad Request"
2026-01-08 10:32:30,107 - INFO - HTTP Request: GET https://planilhaandrieli.jords.site/api/database/rows/table/673/?user_field_names=true "HTTP/1.1 200 OK"
2026-01-08 10:32:35,344 - INFO - HTTP Request: GET https://planilhaandrieli.jords.site/api/database/rows/table/673/?user_field_names=true "HTTP/1.1 200 OK"
2026-01-08 10:32:35,347 - INFO - HTTP Request: GET https://planilhaandrieli.jords.site/api/database/rows/table/677/?user_field_names=true&size=2000 "HTTP/1.1 400 Bad Request"
2026-01-08 10:32:35,902 - INFO - HTTP Request: GET https://docs.google.com/document/d/1kK6TVaq2CyN1GMldzMxwAKECMuahjKrogTnoJUrqeqw/export?format=pdf "HTTP/1.1 307 Temporary Redirect"
2026-01-08 10:32:37,736 - INFO - HTTP Request: GET https://doc-0s-0k-docstext.googleusercontent.com/export/e6hpso97lrhpva19l3uocm525o/9vu8ta61bjjetm7051l2k1dq4o/1767879160000/110156043328057330873/*/1kK6TVaq2CyN1GMldzMxwAKECMuahjKrogTnoJUrqeqw?format=pdf "HTTP/1.1 200 OK"
2026-01-08 10:32:39,566 - INFO - ==================================================
2026-01-08 10:32:39,567 - INFO - 🛑 DIAGNÓSTICO DE ENVIO (ARQUIVO+TEXTO)
2026-01-08 10:32:39,568 - INFO - 🔍 Chatwoot: Buscando contato +558596123586 na URL https://chatandrieli.jords.site/api/v1/accounts/2/contacts/search
2026-01-08 10:32:40,240 - INFO - HTTP Request: GET https://planilhaandrieli.jords.site/api/database/rows/table/673/?user_field_names=true "HTTP/1.1 200 OK"
2026-01-08 10:32:40,248 - INFO - HTTP Request: GET https://planilhaandrieli.jords.site/api/database/rows/table/677/?user_field_names=true&size=2000 "HTTP/1.1 400 Bad Request"
2026-01-08 10:32:40,410 - INFO - HTTP Request: GET https://planilhaandrieli.jords.site/api/database/rows/table/677/?user_field_names=true&size=2000 "HTTP/1.1 400 Bad Request"
2026-01-08 10:32:40,429 - INFO - HTTP Request: GET https://planilhaandrieli.jords.site/api/database/rows/table/673/?user_field_names=true "HTTP/1.1 200 OK"
2026-01-08 10:32:40,631 - INFO - HTTP Request: GET https://chatandrieli.jords.site/api/v1/accounts/2/contacts/search?q=%2B558596123586 "HTTP/1.1 200 OK"
2026-01-08 10:32:40,633 - INFO - ✅ Chatwoot: Contato existente encontrado.
2026-01-08 10:32:41,678 - INFO - HTTP Request: GET https://chatandrieli.jords.site/api/v1/accounts/2/contacts/4/conversations "HTTP/1.1 200 OK"
2026-01-08 10:32:41,681 - INFO - ✅ Chatwoot: Conversa aberta encontrada (ID: 4). Reutilizando.
2026-01-08 10:32:41,682 - INFO - ✅ Conversa Alvo ID: 4
2026-01-08 10:32:41,684 - INFO - 📤 Enviando Texto PRIMEIRO...
2026-01-08 10:32:41,684 - INFO - 🚀 Chatwoot: Enviando TEXTO (Sequência) para conversa 4...
2026-01-08 10:32:42,800 - INFO - HTTP Request: POST https://chatandrieli.jords.site/api/v1/accounts/2/conversations/4/messages "HTTP/1.1 200 OK"
2026-01-08 10:32:42,804 - INFO - ⏳ Aguardando delay de 3 segundos...
2026-01-08 10:32:45,489 - INFO - HTTP Request: GET https://planilhaandrieli.jords.site/api/database/rows/table/677/?user_field_names=true&size=2000 "HTTP/1.1 400 Bad Request"
2026-01-08 10:32:45,522 - INFO - HTTP Request: GET https://planilhaandrieli.jords.site/api/database/rows/table/673/?user_field_names=true "HTTP/1.1 200 OK"
2026-01-08 10:32:45,814 - INFO - 📤 Enviando Arquivo AGORA...
2026-01-08 10:32:49,363 - INFO - HTTP Request: GET https://planilhaandrieli.jords.site/api/database/rows/table/677/?user_field_names=true&size=2000 "HTTP/1.1 400 Bad Request"
2026-01-08 10:32:49,376 - INFO - HTTP Request: GET https://planilhaandrieli.jords.site/api/database/rows/table/673/?user_field_names=true "HTTP/1.1 200 OK"
2026-01-08 10:32:49,494 - INFO - HTTP Request: GET https://planilhaandrieli.jords.site/api/database/rows/table/677/?user_field_names=true&size=2000 "HTTP/1.1 400 Bad Request"
2026-01-08 10:32:49,503 - INFO - HTTP Request: GET https://planilhaandrieli.jords.site/api/database/rows/table/673/?user_field_names=true "HTTP/1.1 200 OK"
2026-01-08 10:32:49,853 - INFO - HTTP Request: POST https://chatandrieli.jords.site/api/v1/accounts/2/conversations/4/messages "HTTP/1.1 200 OK"
2026-01-08 10:32:49,856 - INFO - ✅ Arquivo enviado!
2026-01-08 10:32:51,949 - INFO - HTTP Request: GET https://planilhaandrieli.jords.site/api/database/rows/table/677/?user_field_names=true&size=2000 "HTTP/1.1 400 Bad Request"
2026-01-08 10:32:51,964 - INFO - HTTP Request: GET https://planilhaandrieli.jords.site/api/database/rows/table/673/?user_field_names=true "HTTP/1.1 200 OK"
2026-01-08 10:32:55,072 - INFO - HTTP Request: GET https://planilhaandrieli.jords.site/api/database/rows/table/677/?user_field_names=true&size=2000 "HTTP/1.1 400 Bad Request"
2026-01-08 10:32:55,094 - INFO - HTTP Request: GET https://planilhaandrieli.jords.site/api/database/rows/table/673/?user_field_names=true "HTTP/1.1 200 OK"
2026-01-08 10:32:59,669 - INFO - HTTP Request: GET https://planilhaandrieli.jords.site/api/database/rows/table/677/?user_field_names=true&size=2000 "HTTP/1.1 400 Bad Request"
2026-01-08 10:32:59,689 - INFO - HTTP Request: GET https://planilhaandrieli.jords.site/api/database/rows/table/673/?user_field_names=true "HTTP/1.1 200 OK"
2026-01-08 10:32:59,873 - INFO - HTTP Request: GET https://planilhaandrieli.jords.site/api/database/rows/table/673/?user_field_names=true "HTTP/1.1 200 OK"
2026-01-08 10:32:59,878 - INFO - HTTP Request: GET https://planilhaandrieli.jords.site/api/database/rows/table/677/?user_field_names=true&size=2000 "HTTP/1.1 400 Bad Request"
2026-01-08 10:33:05,643 - INFO - HTTP Request: GET https://docs.google.com/document/d/1kK6TVaq2CyN1GMldzMxwAKECMuahjKrogTnoJUrqeqw/export?format=pdf "HTTP/1.1 307 Temporary Redirect"
2026-01-08 10:33:06,383 - INFO - HTTP Request: GET https://planilhaandrieli.jords.site/api/database/rows/table/677/?user_field_names=true&size=2000 "HTTP/1.1 400 Bad Request"
2026-01-08 10:33:06,481 - INFO - HTTP Request: GET https://planilhaandrieli.jords.site/api/database/rows/table/673/?user_field_names=true "HTTP/1.1 200 OK"
2026-01-08 10:33:06,528 - INFO - HTTP Request: GET https://doc-0s-0k-docstext.googleusercontent.com/export/e6hpso97lrhpva19l3uocm525o/f7it44qm1k1m1onrv1m0s4f1v0/1767879185000/110156043328057330873/*/1kK6TVaq2CyN1GMldzMxwAKECMuahjKrogTnoJUrqeqw?format=pdf "HTTP/1.1 200 OK"
2026-01-08 10:33:09,239 - INFO - ==================================================
2026-01-08 10:33:09,239 - INFO - 🛑 DIAGNÓSTICO DE ENVIO (ARQUIVO+TEXTO)
2026-01-08 10:33:09,240 - INFO - 🔍 Chatwoot: Buscando contato +558596123586 na URL https://chatandrieli.jords.site/api/v1/accounts/2/contacts/search
2026-01-08 10:33:10,257 - INFO - HTTP Request: GET https://planilhaandrieli.jords.site/api/database/rows/table/677/?user_field_names=true&size=2000 "HTTP/1.1 400 Bad Request"
2026-01-08 10:33:10,318 - INFO - HTTP Request: GET https://chatandrieli.jords.site/api/v1/accounts/2/contacts/search?q=%2B558596123586 "HTTP/1.1 200 OK"
2026-01-08 10:33:10,335 - INFO - ✅ Chatwoot: Contato existente encontrado.
2026-01-08 10:33:11,176 - INFO - HTTP Request: GET https://planilhaandrieli.jords.site/api/database/rows/table/673/?user_field_names=true "HTTP/1.1 200 OK"
2026-01-08 10:33:11,180 - INFO - HTTP Request: GET https://planilhaandrieli.jords.site/api/database/rows/table/677/?user_field_names=true&size=2000 "HTTP/1.1 400 Bad Request"
2026-01-08 10:33:11,182 - INFO - HTTP Request: GET https://planilhaandrieli.jords.site/api/database/rows/table/673/?user_field_names=true "HTTP/1.1 200 OK"
2026-01-08 10:33:11,570 - INFO - HTTP Request: GET https://chatandrieli.jords.site/api/v1/accounts/2/contacts/4/conversations "HTTP/1.1 200 OK"
2026-01-08 10:33:11,574 - INFO - ✅ Chatwoot: Conversa aberta encontrada (ID: 4). Reutilizando.
2026-01-08 10:33:11,577 - INFO - ✅ Conversa Alvo ID: 4
2026-01-08 10:33:11,578 - INFO - 📤 Enviando Texto PRIMEIRO...
2026-01-08 10:33:11,582 - INFO - 🚀 Chatwoot: Enviando TEXTO (Sequência) para conversa 4...
2026-01-08 10:33:14,054 - INFO - HTTP Request: POST https://chatandrieli.jords.site/api/v1/accounts/2/conversations/4/messages "HTTP/1.1 200 OK"
2026-01-08 10:33:14,057 - INFO - ⏳ Aguardando delay de 3 segundos...
2026-01-08 10:33:14,289 - INFO - HTTP Request: GET https://planilhaandrieli.jords.site/api/database/rows/table/677/?user_field_names=true&size=2000 "HTTP/1.1 400 Bad Request"
2026-01-08 10:33:14,295 - INFO - HTTP Request: GET https://planilhaandrieli.jords.site/api/database/rows/table/673/?user_field_names=true "HTTP/1.1 200 OK"
2026-01-08 10:33:18,042 - INFO - 📤 Enviando Arquivo AGORA...
2026-01-08 10:33:20,407 - INFO - HTTP Request: GET https://planilhaandrieli.jords.site/api/database/rows/table/677/?user_field_names=true&size=2000 "HTTP/1.1 400 Bad Request"
2026-01-08 10:33:20,409 - INFO - HTTP Request: GET https://planilhaandrieli.jords.site/api/database/rows/table/673/?user_field_names=true "HTTP/1.1 200 OK"
2026-01-08 10:33:20,660 - INFO - HTTP Request: POST https://chatandrieli.jords.site/api/v1/accounts/2/conversations/4/messages "HTTP/1.1 200 OK"
2026-01-08 10:33:20,666 - INFO - ✅ Arquivo enviado!
2026-01-08 10:33:22,095 - INFO - HTTP Request: GET https://planilhaandrieli.jords.site/api/database/rows/table/677/?user_field_names=true&size=2000 "HTTP/1.1 400 Bad Request"
2026-01-08 10:33:22,098 - INFO - HTTP Request: GET https://planilhaandrieli.jords.site/api/database/rows/table/673/?user_field_names=true "HTTP/1.1 200 OK"
2026-01-08 10:33:22,595 - INFO - HTTP Request: GET https://planilhaandrieli.jords.site/api/database/rows/table/677/?user_field_names=true&size=2000 "HTTP/1.1 400 Bad Request"
2026-01-08 10:33:22,603 - INFO - HTTP Request: GET https://planilhaandrieli.jords.site/api/database/rows/table/673/?user_field_names=true "HTTP/1.1 200 OK"
2026-01-08 10:33:25,371 - INFO - HTTP Request: GET https://planilhaandrieli.jords.site/api/database/rows/table/677/?user_field_names=true&size=2000 "HTTP/1.1 400 Bad Request"
2026-01-08 10:33:25,502 - INFO - HTTP Request: GET https://planilhaandrieli.jords.site/api/database/rows/table/673/?user_field_names=true "HTTP/1.1 200 OK"
2026-01-08 10:33:29,831 - INFO - HTTP Request: GET https://planilhaandrieli.jords.site/api/database/rows/table/677/?user_field_names=true&size=2000 "HTTP/1.1 400 Bad Request"
2026-01-08 10:33:29,834 - INFO - HTTP Request: GET https://planilhaandrieli.jords.site/api/database/rows/table/673/?user_field_names=true "HTTP/1.1 200 OK"
2026-01-08 10:33:30,379 - INFO - HTTP Request: GET https://planilhaandrieli.jords.site/api/database/rows/table/673/?user_field_names=true "HTTP/1.1 200 OK"
2026-01-08 10:33:30,384 - INFO - HTTP Request: GET https://planilhaandrieli.jords.site/api/database/rows/table/677/?user_field_names=true&size=2000 "HTTP/1.1 400 Bad Request"
2026-01-08 10:33:34,760 - INFO - HTTP Request: GET https://planilhaandrieli.jords.site/api/database/rows/table/677/?user_field_names=true&size=2000 "HTTP/1.1 400 Bad Request"
2026-01-08 10:33:34,802 - INFO - HTTP Request: GET https://planilhaandrieli.jords.site/api/database/rows/table/673/?user_field_names=true "HTTP/1.1 200 OK"
2026-01-08 10:33:40,052 - INFO - HTTP Request: GET https://docs.google.com/document/d/1kK6TVaq2CyN1GMldzMxwAKECMuahjKrogTnoJUrqeqw/export?format=pdf "HTTP/1.1 307 Temporary Redirect"
2026-01-08 10:33:40,162 - INFO - HTTP Request: GET https://planilhaandrieli.jords.site/api/database/rows/table/677/?user_field_names=true&size=2000 "HTTP/1.1 400 Bad Request"
2026-01-08 10:33:40,280 - INFO - HTTP Request: GET https://planilhaandrieli.jords.site/api/database/rows/table/673/?user_field_names=true "HTTP/1.1 200 OK"
2026-01-08 10:33:40,359 - INFO - HTTP Request: GET https://planilhaandrieli.jords.site/api/database/rows/table/673/?user_field_names=true "HTTP/1.1 200 OK"
2026-01-08 10:33:40,381 - INFO - HTTP Request: GET https://planilhaandrieli.jords.site/api/database/rows/table/677/?user_field_names=true&size=2000 "HTTP/1.1 400 Bad Request"
2026-01-08 10:33:40,842 - INFO - HTTP Request: GET https://doc-0s-0k-docstext.googleusercontent.com/export/e6hpso97lrhpva19l3uocm525o/gelvmfqonn00fa5p0oduflo89s/1767879220000/110156043328057330873/*/1kK6TVaq2CyN1GMldzMxwAKECMuahjKrogTnoJUrqeqw?format=pdf "HTTP/1.1 200 OK"
2026-01-08 10:33:41,096 - INFO - ==================================================
2026-01-08 10:33:41,097 - INFO - 🛑 DIAGNÓSTICO DE ENVIO (ARQUIVO+TEXTO)
2026-01-08 10:33:41,097 - INFO - 🔍 Chatwoot: Buscando contato +558596123586 na URL https://chatandrieli.jords.site/api/v1/accounts/2/contacts/search
2026-01-08 10:33:42,225 - INFO - HTTP Request: GET https://chatandrieli.jords.site/api/v1/accounts/2/contacts/search?q=%2B558596123586 "HTTP/1.1 200 OK"
2026-01-08 10:33:42,230 - INFO - ✅ Chatwoot: Contato existente encontrado.
2026-01-08 10:33:44,805 - INFO - HTTP Request: GET https://chatandrieli.jords.site/api/v1/accounts/2/contacts/4/conversations "HTTP/1.1 200 OK"
2026-01-08 10:33:44,810 - INFO - ✅ Chatwoot: Conversa aberta encontrada (ID: 4). Reutilizando.
2026-01-08 10:33:44,815 - INFO - ✅ Conversa Alvo ID: 4
2026-01-08 10:33:44,816 - INFO - 📤 Enviando Texto PRIMEIRO...
2026-01-08 10:33:44,817 - INFO - 🚀 Chatwoot: Enviando TEXTO (Sequência) para conversa 4...
2026-01-08 10:33:46,164 - INFO - HTTP Request: POST https://chatandrieli.jords.site/api/v1/accounts/2/conversations/4/messages "HTTP/1.1 200 OK"
2026-01-08 10:33:46,170 - INFO - ⏳ Aguardando delay de 15 segundos...
2026-01-08 10:33:46,177 - INFO - HTTP Request: GET https://planilhaandrieli.jords.site/api/database/rows/table/677/?user_field_names=true&size=2000 "HTTP/1.1 400 Bad Request"
2026-01-08 10:33:46,223 - INFO - HTTP Request: GET https://planilhaandrieli.jords.site/api/database/rows/table/673/?user_field_names=true "HTTP/1.1 200 OK"
2026-01-08 10:33:49,776 - INFO - HTTP Request: GET https://planilhaandrieli.jords.site/api/database/rows/table/677/?user_field_names=true&size=2000 "HTTP/1.1 400 Bad Request"
2026-01-08 10:33:49,803 - INFO - HTTP Request: GET https://planilhaandrieli.jords.site/api/database/rows/table/673/?user_field_names=true "HTTP/1.1 200 OK"
2026-01-08 10:33:49,888 - INFO - HTTP Request: GET https://planilhaandrieli.jords.site/api/database/rows/table/677/?user_field_names=true&size=2000 "HTTP/1.1 400 Bad Request"
2026-01-08 10:33:49,921 - INFO - HTTP Request: GET https://planilhaandrieli.jords.site/api/database/rows/table/673/?user_field_names=true "HTTP/1.1 200 OK"
2026-01-08 10:33:54,782 - INFO - HTTP Request: GET https://planilhaandrieli.jords.site/api/database/rows/table/677/?user_field_names=true&size=2000 "HTTP/1.1 400 Bad Request"
2026-01-08 10:33:54,794 - INFO - HTTP Request: GET https://planilhaandrieli.jords.site/api/database/rows/table/673/?user_field_names=true "HTTP/1.1 200 OK"
2026-01-08 10:33:59,967 - INFO - HTTP Request: GET https://planilhaandrieli.jords.site/api/database/rows/table/673/?user_field_names=true "HTTP/1.1 200 OK"
2026-01-08 10:33:59,974 - INFO - HTTP Request: GET https://planilhaandrieli.jords.site/api/database/rows/table/677/?user_field_names=true&size=2000 "HTTP/1.1 400 Bad Request"
2026-01-08 10:34:00,060 - INFO - HTTP Request: GET https://planilhaandrieli.jords.site/api/database/rows/table/673/?user_field_names=true "HTTP/1.1 200 OK"
2026-01-08 10:34:00,084 - INFO - HTTP Request: GET https://planilhaandrieli.jords.site/api/database/rows/table/677/?user_field_names=true&size=2000 "HTTP/1.1 400 Bad Request"
2026-01-08 10:34:01,182 - INFO - 📤 Enviando Arquivo AGORA...
2026-01-08 10:34:02,928 - INFO - HTTP Request: POST https://chatandrieli.jords.site/api/v1/accounts/2/conversations/4/messages "HTTP/1.1 200 OK"
2026-01-08 10:34:02,932 - INFO - ✅ Arquivo enviado!
2026-01-08 10:34:06,266 - INFO - HTTP Request: GET https://planilhaandrieli.jords.site/api/database/rows/table/677/?user_field_names=true&size=2000 "HTTP/1.1 400 Bad Request"
2026-01-08 10:34:06,290 - INFO - HTTP Request: GET https://planilhaandrieli.jords.site/api/database/rows/table/673/?user_field_names=true "HTTP/1.1 200 OK"
2026-01-08 10:34:06,396 - INFO - HTTP Request: GET https://planilhaandrieli.jords.site/api/database/rows/table/677/?user_field_names=true&size=2000 "HTTP/1.1 400 Bad Request"
2026-01-08 10:34:06,467 - INFO - HTTP Request: GET https://planilhaandrieli.jords.site/api/database/rows/table/673/?user_field_names=true "HTTP/1.1 200 OK"
2026-01-08 10:34:10,097 - INFO - HTTP Request: GET https://planilhaandrieli.jords.site/api/database/rows/table/677/?user_field_names=true&size=2000 "HTTP/1.1 400 Bad Request"
2026-01-08 10:34:10,167 - INFO - HTTP Request: GET https://planilhaandrieli.jords.site/api/database/rows/table/673/?user_field_names=true "HTTP/1.1 200 OK"
2026-01-08 10:34:10,283 - INFO - HTTP Request: GET https://planilhaandrieli.jords.site/api/database/rows/table/677/?user_field_names=true&size=2000 "HTTP/1.1 400 Bad Request"
2026-01-08 10:34:10,291 - INFO - HTTP Request: GET https://planilhaandrieli.jords.site/api/database/rows/table/673/?user_field_names=true "HTTP/1.1 200 OK"
2026-01-08 10:34:14,963 - INFO - HTTP Request: GET https://planilhaandrieli.jords.site/api/database/rows/table/677/?user_field_names=true&size=2000 "HTTP/1.1 400 Bad Request"
2026-01-08 10:34:14,984 - INFO - HTTP Request: GET https://planilhaandrieli.jords.site/api/database/rows/table/673/?user_field_names=true "HTTP/1.1 200 OK"
2026-01-08 10:34:19,886 - INFO - HTTP Request: GET https://planilhaandrieli.jords.site/api/database/rows/table/677/?user_field_names=true&size=2000 "HTTP/1.1 400 Bad Request"
2026-01-08 10:34:19,902 - INFO - HTTP Request: GET https://planilhaandrieli.jords.site/api/database/rows/table/673/?user_field_names=true "HTTP/1.1 200 OK"
2026-01-08 10:34:20,091 - INFO - HTTP Request: GET https://planilhaandrieli.jords.site/api/database/rows/table/677/?user_field_names=true&size=2000 "HTTP/1.1 400 Bad Request"
2026-01-08 10:34:20,164 - INFO - HTTP Request: GET https://planilhaandrieli.jords.site/api/database/rows/table/673/?user_field_names=true "HTTP/1.1 200 OK"
2026-01-08 10:34:24,774 - INFO - HTTP Request: GET https://planilhaandrieli.jords.site/api/database/rows/table/677/?user_field_names=true&size=2000 "HTTP/1.1 400 Bad Request"
2026-01-08 10:34:24,872 - INFO - HTTP Request: GET https://planilhaandrieli.jords.site/api/database/rows/table/673/?user_field_names=true "HTTP/1.1 200 OK"
2026-01-08 10:34:29,992 - INFO - HTTP Request: GET https://planilhaandrieli.jords.site/api/database/rows/table/677/?user_field_names=true&size=2000 "HTTP/1.1 400 Bad Request"
2026-01-08 10:34:30,009 - INFO - HTTP Request: GET https://planilhaandrieli.jords.site/api/database/rows/table/673/?user_field_names=true "HTTP/1.1 200 OK"
2026-01-08 10:34:30,135 - INFO - HTTP Request: GET https://planilhaandrieli.jords.site/api/database/rows/table/677/?user_field_names=true&size=2000 "HTTP/1.1 400 Bad Request"
2026-01-08 10:34:30,142 - INFO - HTTP Request: GET https://planilhaandrieli.jords.site/api/database/rows/table/673/?user_field_names=true "HTTP/1.1 200 OK"
2026-01-08 10:34:34,823 - INFO - HTTP Request: GET https://planilhaandrieli.jords.site/api/database/rows/table/677/?user_field_names=true&size=2000 "HTTP/1.1 400 Bad Request"
2026-01-08 10:34:34,859 - INFO - HTTP Request: GET https://planilhaandrieli.jords.site/api/database/rows/table/673/?user_field_names=true "HTTP/1.1 200 OK"
2026-01-08 10:34:39,713 - INFO - HTTP Request: GET https://planilhaandrieli.jords.site/api/database/rows/table/677/?user_field_names=true&size=2000 "HTTP/1.1 400 Bad Request"
2026-01-08 10:34:39,733 - INFO - HTTP Request: GET https://planilhaandrieli.jords.site/api/database/rows/table/673/?user_field_names=true "HTTP/1.1 200 OK"
2026-01-08 10:34:39,817 - INFO - HTTP Request: GET https://planilhaandrieli.jords.site/api/database/rows/table/677/?user_field_names=true&size=2000 "HTTP/1.1 400 Bad Request"
2026-01-08 10:34:39,836 - INFO - HTTP Request: GET https://planilhaandrieli.jords.site/api/database/rows/table/673/?user_field_names=true "HTTP/1.1 200 OK"
2026-01-08 10:34:49,905 - INFO - HTTP Request: GET https://planilhaandrieli.jords.site/api/database/rows/table/677/?user_field_names=true&size=2000 "HTTP/1.1 400 Bad Request"
2026-01-08 10:34:49,922 - INFO - HTTP Request: GET https://planilhaandrieli.jords.site/api/database/rows/table/673/?user_field_names=true "HTTP/1.1 200 OK"
2026-01-08 10:34:50,009 - INFO - HTTP Request: GET https://planilhaandrieli.jords.site/api/database/rows/table/677/?user_field_names=true&size=2000 "HTTP/1.1 400 Bad Request"
2026-01-08 10:34:50,018 - INFO - HTTP Request: GET https://planilhaandrieli.jords.site/api/database/rows/table/673/?user_field_names=true "HTTP/1.1 200 OK"
2026-01-08 10:35:00,044 - INFO - HTTP Request: GET https://planilhaandrieli.jords.site/api/database/rows/table/677/?user_field_names=true&size=2000 "HTTP/1.1 400 Bad Request"
2026-01-08 10:35:00,057 - INFO - HTTP Request: GET https://planilhaandrieli.jords.site/api/database/rows/table/673/?user_field_names=true "HTTP/1.1 200 OK"
2026-01-08 10:35:00,183 - INFO - HTTP Request: GET https://planilhaandrieli.jords.site/api/database/rows/table/677/?user_field_names=true&size=2000 "HTTP/1.1 400 Bad Request"
2026-01-08 10:35:00,201 - INFO - HTTP Request: GET https://planilhaandrieli.jords.site/api/database/rows/table/673/?user_field_names=true "HTTP/1.1 200 OK"
2026-01-08 10:35:11,073 - INFO - HTTP Request: GET https://planilhaandrieli.jords.site/api/database/rows/table/677/?user_field_names=true&size=2000 "HTTP/1.1 400 Bad Request"
2026-01-08 10:35:11,095 - INFO - HTTP Request: GET https://planilhaandrieli.jords.site/api/database/rows/table/673/?user_field_names=true "HTTP/1.1 200 OK"
2026-01-08 10:35:11,206 - INFO - HTTP Request: GET https://planilhaandrieli.jords.site/api/database/rows/table/677/?user_field_names=true&size=2000 "HTTP/1.1 400 Bad Request"
2026-01-08 10:35:11,219 - INFO - HTTP Request: GET https://planilhaandrieli.jords.site/api/database/rows/table/673/?user_field_names=true "HTTP/1.1 200 OK"
2026-01-08 10:35:11,315 - INFO - HTTP Request: GET https://planilhaandrieli.jords.site/api/database/rows/table/677/?user_field_names=true&size=2000 "HTTP/1.1 400 Bad Request"
2026-01-08 10:35:11,328 - INFO - HTTP Request: GET https://planilhaandrieli.jords.site/api/database/rows/table/673/?user_field_names=true "HTTP/1.1 200 OK"
2026-01-08 10:35:17,667 - INFO - HTTP Request: GET https://planilhaandrieli.jords.site/api/database/rows/table/677/?user_field_names=true&size=2000 "HTTP/1.1 400 Bad Request"
2026-01-08 10:35:17,668 - INFO - HTTP Request: GET https://planilhaandrieli.jords.site/api/database/rows/table/673/?user_field_names=true "HTTP/1.1 200 OK"
2026-01-08 10:35:18,120 - INFO - HTTP Request: GET https://planilhaandrieli.jords.site/api/database/rows/table/673/?user_field_names=true "HTTP/1.1 200 OK"
2026-01-08 10:35:18,122 - INFO - HTTP Request: GET https://planilhaandrieli.jords.site/api/database/rows/table/677/?user_field_names=true&size=2000 "HTTP/1.1 400 Bad Request"
2026-01-08 10:35:24,348 - INFO - HTTP Request: GET https://planilhaandrieli.jords.site/api/database/rows/table/677/?user_field_names=true&size=2000 "HTTP/1.1 400 Bad Request"
2026-01-08 10:35:24,386 - INFO - HTTP Request: GET https://planilhaandrieli.jords.site/api/database/rows/table/673/?user_field_names=true "HTTP/1.1 200 OK"
2026-01-08 10:35:24,579 - INFO - HTTP Request: GET https://planilhaandrieli.jords.site/api/database/rows/table/677/?user_field_names=true&size=2000 "HTTP/1.1 400 Bad Request"
2026-01-08 10:35:24,594 - INFO - HTTP Request: GET https://planilhaandrieli.jords.site/api/database/rows/table/673/?user_field_names=true "HTTP/1.1 200 OK"
2026-01-08 10:35:27,251 - INFO - HTTP Request: GET https://planilhaandrieli.jords.site/api/database/rows/table/677/?user_field_names=true&size=2000 "HTTP/1.1 400 Bad Request"
2026-01-08 10:35:27,274 - INFO - HTTP Request: GET https://planilhaandrieli.jords.site/api/database/rows/table/673/?user_field_names=true "HTTP/1.1 200 OK"
2026-01-08 10:35:28,337 - INFO - HTTP Request: GET https://planilhaandrieli.jords.site/api/database/rows/table/677/?user_field_names=true&size=2000 "HTTP/1.1 400 Bad Request"
2026-01-08 10:35:28,349 - INFO - HTTP Request: GET https://planilhaandrieli.jords.site/api/database/rows/table/673/?user_field_names=true "HTTP/1.1 200 OK"
2026-01-08 10:35:34,019 - INFO - HTTP Request: GET https://planilhaandrieli.jords.site/api/database/rows/table/677/?user_field_names=true&size=2000 "HTTP/1.1 400 Bad Request"
2026-01-08 10:35:34,058 - INFO - HTTP Request: GET https://planilhaandrieli.jords.site/api/database/rows/table/673/?user_field_names=true "HTTP/1.1 200 OK"
2026-01-08 10:35:37,989 - INFO - HTTP Request: GET https://planilhaandrieli.jords.site/api/database/rows/table/677/?user_field_names=true&size=2000 "HTTP/1.1 400 Bad Request"
2026-01-08 10:35:38,003 - INFO - HTTP Request: GET https://planilhaandrieli.jords.site/api/database/rows/table/673/?user_field_names=true "HTTP/1.1 200 OK"
2026-01-08 10:35:38,100 - INFO - HTTP Request: GET https://planilhaandrieli.jords.site/api/database/rows/table/677/?user_field_names=true&size=2000 "HTTP/1.1 400 Bad Request"
2026-01-08 10:35:38,135 - INFO - HTTP Request: GET https://planilhaandrieli.jords.site/api/database/rows/table/673/?user_field_names=true "HTTP/1.1 200 OK"
2026-01-08 10:35:44,705 - INFO - HTTP Request: GET https://planilhaandrieli.jords.site/api/database/rows/table/677/?user_field_names=true&size=2000 "HTTP/1.1 400 Bad Request"
2026-01-08 10:35:44,727 - INFO - HTTP Request: GET https://planilhaandrieli.jords.site/api/database/rows/table/673/?user_field_names=true "HTTP/1.1 200 OK"
2026-01-08 10:35:49,792 - INFO - HTTP Request: GET https://planilhaandrieli.jords.site/api/database/rows/table/673/?user_field_names=true "HTTP/1.1 200 OK"
2026-01-08 10:35:49,794 - INFO - HTTP Request: GET https://planilhaandrieli.jords.site/api/database/rows/table/677/?user_field_names=true&size=2000 "HTTP/1.1 400 Bad Request"
2026-01-08 10:35:49,902 - INFO - HTTP Request: GET https://planilhaandrieli.jords.site/api/database/rows/table/677/?user_field_names=true&size=2000 "HTTP/1.1 400 Bad Request"
2026-01-08 10:35:49,906 - INFO - HTTP Request: GET https://planilhaandrieli.jords.site/api/database/rows/table/673/?user_field_names=true "HTTP/1.1 200 OK"
2026-01-08 10:35:55,189 - INFO - HTTP Request: GET https://planilhaandrieli.jords.site/api/database/rows/table/677/?user_field_names=true&size=2000 "HTTP/1.1 400 Bad Request"
2026-01-08 10:35:55,206 - INFO - HTTP Request: GET https://planilhaandrieli.jords.site/api/database/rows/table/673/?user_field_names=true "HTTP/1.1 200 OK"
2026-01-08 10:36:03,732 - INFO - HTTP Request: GET https://planilhaandrieli.jords.site/api/database/rows/table/677/?user_field_names=true&size=2000 "HTTP/1.1 400 Bad Request"
2026-01-08 10:36:03,772 - INFO - HTTP Request: GET https://planilhaandrieli.jords.site/api/database/rows/table/673/?user_field_names=true "HTTP/1.1 200 OK"
2026-01-08 10:36:15,065 - INFO - HTTP Request: GET https://planilhaandrieli.jords.site/api/database/rows/table/677/?user_field_names=true&size=2000 "HTTP/1.1 400 Bad Request"
2026-01-08 10:36:15,081 - INFO - HTTP Request: GET https://planilhaandrieli.jords.site/api/database/rows/table/677/?user_field_names=true&size=2000 "HTTP/1.1 400 Bad Request"
2026-01-08 10:36:15,092 - INFO - HTTP Request: GET https://planilhaandrieli.jords.site/api/database/rows/table/673/?user_field_names=true "HTTP/1.1 200 OK"
2026-01-08 10:36:15,093 - INFO - HTTP Request: GET https://planilhaandrieli.jords.site/api/database/rows/table/673/?user_field_names=true "HTTP/1.1 200 OK"
2026-01-08 10:36:18,881 - INFO - HTTP Request: GET https://planilhaandrieli.jords.site/api/database/rows/table/677/?user_field_names=true&size=2000 "HTTP/1.1 400 Bad Request"
2026-01-08 10:36:18,898 - INFO - HTTP Request: GET https://planilhaandrieli.jords.site/api/database/rows/table/673/?user_field_names=true "HTTP/1.1 200 OK"
2026-01-08 10:36:19,132 - INFO - HTTP Request: GET https://planilhaandrieli.jords.site/api/database/rows/table/677/?user_field_names=true&size=2000 "HTTP/1.1 400 Bad Request"
2026-01-08 10:36:19,143 - INFO - HTTP Request: GET https://planilhaandrieli.jords.site/api/database/rows/table/673/?user_field_names=true "HTTP/1.1 200 OK"
2026-01-08 10:36:24,832 - INFO - HTTP Request: GET https://planilhaandrieli.jords.site/api/database/rows/table/677/?user_field_names=true&size=2000 "HTTP/1.1 400 Bad Request"
2026-01-08 10:36:24,844 - INFO - HTTP Request: GET https://planilhaandrieli.jords.site/api/database/rows/table/673/?user_field_names=true "HTTP/1.1 200 OK"
2026-01-08 10:36:29,743 - INFO - HTTP Request: GET https://planilhaandrieli.jords.site/api/database/rows/table/677/?user_field_names=true&size=2000 "HTTP/1.1 400 Bad Request"
2026-01-08 10:36:29,759 - INFO - HTTP Request: GET https://planilhaandrieli.jords.site/api/database/rows/table/673/?user_field_names=true "HTTP/1.1 200 OK"
2026-01-08 10:36:29,854 - INFO - HTTP Request: GET https://planilhaandrieli.jords.site/api/database/rows/table/677/?user_field_names=true&size=2000 "HTTP/1.1 400 Bad Request"
2026-01-08 10:36:29,878 - INFO - HTTP Request: GET https://planilhaandrieli.jords.site/api/database/rows/table/673/?user_field_names=true "HTTP/1.1 200 OK"
2026-01-08 10:36:35,381 - INFO - HTTP Request: GET https://planilhaandrieli.jords.site/api/database/rows/table/677/?user_field_names=true&size=2000 "HTTP/1.1 400 Bad Request"
2026-01-08 10:36:35,400 - INFO - HTTP Request: GET https://planilhaandrieli.jords.site/api/database/rows/table/673/?user_field_names=true "HTTP/1.1 200 OK"
2026-01-08 10:36:39,652 - INFO - HTTP Request: GET https://planilhaandrieli.jords.site/api/database/rows/table/677/?user_field_names=true&size=2000 "HTTP/1.1 400 Bad Request"
2026-01-08 10:36:39,667 - INFO - HTTP Request: GET https://planilhaandrieli.jords.site/api/database/rows/table/673/?user_field_names=true "HTTP/1.1 200 OK"
2026-01-08 10:36:39,779 - INFO - HTTP Request: GET https://planilhaandrieli.jords.site/api/database/rows/table/677/?user_field_names=true&size=2000 "HTTP/1.1 400 Bad Request"
2026-01-08 10:36:39,830 - INFO - HTTP Request: GET https://planilhaandrieli.jords.site/api/database/rows/table/673/?user_field_names=true "HTTP/1.1 200 OK"
2026-01-08 10:36:44,661 - INFO - HTTP Request: GET https://planilhaandrieli.jords.site/api/database/rows/table/677/?user_field_names=true&size=2000 "HTTP/1.1 400 Bad Request"
2026-01-08 10:36:44,681 - INFO - HTTP Request: GET https://planilhaandrieli.jords.site/api/database/rows/table/673/?user_field_names=true "HTTP/1.1 200 OK"
2026-01-08 10:36:49,980 - INFO - HTTP Request: GET https://planilhaandrieli.jords.site/api/database/rows/table/677/?user_field_names=true&size=2000 "HTTP/1.1 400 Bad Request"
2026-01-08 10:36:49,987 - INFO - HTTP Request: GET https://planilhaandrieli.jords.site/api/database/rows/table/673/?user_field_names=true "HTTP/1.1 200 OK"
2026-01-08 10:36:50,085 - INFO - HTTP Request: GET https://planilhaandrieli.jords.site/api/database/rows/table/677/?user_field_names=true&size=2000 "HTTP/1.1 400 Bad Request"
2026-01-08 10:36:50,106 - INFO - HTTP Request: GET https://planilhaandrieli.jords.site/api/database/rows/table/673/?user_field_names=true "HTTP/1.1 200 OK"
2026-01-08 10:36:54,996 - INFO - HTTP Request: GET https://planilhaandrieli.jords.site/api/database/rows/table/673/?user_field_names=true "HTTP/1.1 200 OK"
2026-01-08 10:36:55,005 - INFO - HTTP Request: GET https://planilhaandrieli.jords.site/api/database/rows/table/677/?user_field_names=true&size=2000 "HTTP/1.1 400 Bad Request"
2026-01-08 10:36:59,583 - INFO - HTTP Request: GET https://planilhaandrieli.jords.site/api/database/rows/table/677/?user_field_names=true&size=2000 "HTTP/1.1 400 Bad Request"
2026-01-08 10:36:59,605 - INFO - HTTP Request: GET https://planilhaandrieli.jords.site/api/database/rows/table/673/?user_field_names=true "HTTP/1.1 200 OK"
2026-01-08 10:36:59,684 - INFO - HTTP Request: GET https://planilhaandrieli.jords.site/api/database/rows/table/677/?user_field_names=true&size=2000 "HTTP/1.1 400 Bad Request"
2026-01-08 10:36:59,704 - INFO - HTTP Request: GET https://planilhaandrieli.jords.site/api/database/rows/table/673/?user_field_names=true "HTTP/1.1 200 OK"
2026-01-08 10:37:05,048 - INFO - HTTP Request: GET https://planilhaandrieli.jords.site/api/database/rows/table/677/?user_field_names=true&size=2000 "HTTP/1.1 400 Bad Request"
2026-01-08 10:37:05,067 - INFO - HTTP Request: GET https://planilhaandrieli.jords.site/api/database/rows/table/673/?user_field_names=true "HTTP/1.1 200 OK"
2026-01-08 10:37:10,160 - INFO - HTTP Request: GET https://planilhaandrieli.jords.site/api/database/rows/table/677/?user_field_names=true&size=2000 "HTTP/1.1 400 Bad Request"
2026-01-08 10:37:10,180 - INFO - HTTP Request: GET https://planilhaandrieli.jords.site/api/database/rows/table/673/?user_field_names=true "HTTP/1.1 200 OK"
2026-01-08 10:37:10,289 - INFO - HTTP Request: GET https://planilhaandrieli.jords.site/api/database/rows/table/677/?user_field_names=true&size=2000 "HTTP/1.1 400 Bad Request"
2026-01-08 10:37:10,313 - INFO - HTTP Request: GET https://planilhaandrieli.jords.site/api/database/rows/table/673/?user_field_names=true "HTTP/1.1 200 OK"
2026-01-08 10:37:14,745 - INFO - HTTP Request: GET https://planilhaandrieli.jords.site/api/database/rows/table/677/?user_field_names=true&size=2000 "HTTP/1.1 400 Bad Request"
2026-01-08 10:37:14,762 - INFO - HTTP Request: GET https://planilhaandrieli.jords.site/api/database/rows/table/673/?user_field_names=true "HTTP/1.1 200 OK"
2026-01-08 10:37:19,504 - INFO - HTTP Request: GET https://planilhaandrieli.jords.site/api/database/rows/table/677/?user_field_names=true&size=2000 "HTTP/1.1 400 Bad Request"
2026-01-08 10:37:19,562 - INFO - HTTP Request: GET https://planilhaandrieli.jords.site/api/database/rows/table/673/?user_field_names=true "HTTP/1.1 200 OK"
2026-01-08 10:37:19,635 - INFO - HTTP Request: GET https://planilhaandrieli.jords.site/api/database/rows/table/677/?user_field_names=true&size=2000 "HTTP/1.1 400 Bad Request"
2026-01-08 10:37:19,672 - INFO - HTTP Request: GET https://planilhaandrieli.jords.site/api/database/rows/table/673/?user_field_names=true "HTTP/1.1 200 OK"
2026-01-08 10:37:29,995 - INFO - HTTP Request: GET https://planilhaandrieli.jords.site/api/database/rows/table/677/?user_field_names=true&size=2000 "HTTP/1.1 400 Bad Request"
2026-01-08 10:37:30,016 - INFO - HTTP Request: GET https://planilhaandrieli.jords.site/api/database/rows/table/673/?user_field_names=true "HTTP/1.1 200 OK"
2026-01-08 10:37:30,132 - INFO - HTTP Request: GET https://planilhaandrieli.jords.site/api/database/rows/table/677/?user_field_names=true&size=2000 "HTTP/1.1 400 Bad Request"
2026-01-08 10:37:30,147 - INFO - HTTP Request: GET https://planilhaandrieli.jords.site/api/database/rows/table/673/?user_field_names=true "HTTP/1.1 200 OK"
2026-01-08 10:37:39,583 - INFO - HTTP Request: GET https://planilhaandrieli.jords.site/api/database/rows/table/677/?user_field_names=true&size=2000 "HTTP/1.1 400 Bad Request"
2026-01-08 10:37:39,605 - INFO - HTTP Request: GET https://planilhaandrieli.jords.site/api/database/rows/table/673/?user_field_names=true "HTTP/1.1 200 OK"
2026-01-08 10:37:39,684 - INFO - HTTP Request: GET https://planilhaandrieli.jords.site/api/database/rows/table/677/?user_field_names=true&size=2000 "HTTP/1.1 400 Bad Request"
2026-01-08 10:37:39,710 - INFO - HTTP Request: GET https://planilhaandrieli.jords.site/api/database/rows/table/673/?user_field_names=true "HTTP/1.1 200 OK"
2026-01-08 10:37:49,743 - INFO - HTTP Request: GET https://planilhaandrieli.jords.site/api/database/rows/table/677/?user_field_names=true&size=2000 "HTTP/1.1 400 Bad Request"
2026-01-08 10:37:49,755 - INFO - HTTP Request: GET https://planilhaandrieli.jords.site/api/database/rows/table/673/?user_field_names=true "HTTP/1.1 200 OK"
2026-01-08 10:37:49,848 - INFO - HTTP Request: GET https://planilhaandrieli.jords.site/api/database/rows/table/677/?user_field_names=true&size=2000 "HTTP/1.1 400 Bad Request"
2026-01-08 10:37:49,864 - INFO - HTTP Request: GET https://planilhaandrieli.jords.site/api/database/rows/table/673/?user_field_names=true "HTTP/1.1 200 OK"
2026-01-08 10:37:59,656 - INFO - HTTP Request: GET https://planilhaandrieli.jords.site/api/database/rows/table/677/?user_field_names=true&size=2000 "HTTP/1.1 400 Bad Request"
2026-01-08 10:37:59,690 - INFO - HTTP Request: GET https://planilhaandrieli.jords.site/api/database/rows/table/673/?user_field_names=true "HTTP/1.1 200 OK"
2026-01-08 10:37:59,771 - INFO - HTTP Request: GET https://planilhaandrieli.jords.site/api/database/rows/table/673/?user_field_names=true "HTTP/1.1 200 OK"
2026-01-08 10:37:59,775 - INFO - HTTP Request: GET https://planilhaandrieli.jords.site/api/database/rows/table/677/?user_field_names=true&size=2000 "HTTP/1.1 400 Bad Request"
2026-01-08 10:38:10,683 - INFO - HTTP Request: GET https://planilhaandrieli.jords.site/api/database/rows/table/677/?user_field_names=true&size=2000 "HTTP/1.1 400 Bad Request"
2026-01-08 10:38:10,695 - INFO - HTTP Request: GET https://planilhaandrieli.jords.site/api/database/rows/table/673/?user_field_names=true "HTTP/1.1 200 OK"
2026-01-08 10:38:10,802 - INFO - HTTP Request: GET https://planilhaandrieli.jords.site/api/database/rows/table/673/?user_field_names=true "HTTP/1.1 200 OK"
2026-01-08 10:38:10,861 - INFO - HTTP Request: GET https://planilhaandrieli.jords.site/api/database/rows/table/677/?user_field_names=true&size=2000 "HTTP/1.1 400 Bad Request"
2026-01-08 10:38:10,872 - INFO - HTTP Request: GET https://planilhaandrieli.jords.site/api/database/rows/table/677/?user_field_names=true&size=2000 "HTTP/1.1 400 Bad Request"
2026-01-08 10:38:10,885 - INFO - HTTP Request: GET https://planilhaandrieli.jords.site/api/database/rows/table/673/?user_field_names=true "HTTP/1.1 200 OK"
2026-01-08 10:38:19,837 - INFO - HTTP Request: GET https://planilhaandrieli.jords.site/api/database/rows/table/677/?user_field_names=true&size=2000 "HTTP/1.1 400 Bad Request"
2026-01-08 10:38:19,856 - INFO - HTTP Request: GET https://planilhaandrieli.jords.site/api/database/rows/table/673/?user_field_names=true "HTTP/1.1 200 OK"
2026-01-08 10:38:19,946 - INFO - HTTP Request: GET https://planilhaandrieli.jords.site/api/database/rows/table/677/?user_field_names=true&size=2000 "HTTP/1.1 400 Bad Request"
2026-01-08 10:38:19,976 - INFO - HTTP Request: GET https://planilhaandrieli.jords.site/api/database/rows/table/673/?user_field_names=true "HTTP/1.1 200 OK"
2026-01-08 10:38:29,603 - INFO - HTTP Request: GET https://planilhaandrieli.jords.site/api/database/rows/table/677/?user_field_names=true&size=2000 "HTTP/1.1 400 Bad Request"
2026-01-08 10:38:29,646 - INFO - HTTP Request: GET https://planilhaandrieli.jords.site/api/database/rows/table/677/?user_field_names=true&size=2000 "HTTP/1.1 400 Bad Request"
2026-01-08 10:38:29,679 - INFO - HTTP Request: GET https://planilhaandrieli.jords.site/api/database/rows/table/673/?user_field_names=true "HTTP/1.1 200 OK"
2026-01-08 10:38:29,719 - INFO - HTTP Request: GET https://planilhaandrieli.jords.site/api/database/rows/table/673/?user_field_names=true "HTTP/1.1 200 OK"
2026-01-08 10:38:37,318 - INFO - HTTP Request: GET https://planilhaandrieli.jords.site/api/database/rows/table/677/?user_field_names=true&size=2000 "HTTP/1.1 400 Bad Request"
2026-01-08 10:38:37,365 - INFO - HTTP Request: GET https://planilhaandrieli.jords.site/api/database/rows/table/673/?user_field_names=true "HTTP/1.1 200 OK"
2026-01-08 10:38:38,333 - INFO - HTTP Request: GET https://planilhaandrieli.jords.site/api/database/rows/table/677/?user_field_names=true&size=2000 "HTTP/1.1 400 Bad Request"
2026-01-08 10:38:38,354 - INFO - HTTP Request: GET https://planilhaandrieli.jords.site/api/database/rows/table/673/?user_field_names=true "HTTP/1.1 200 OK"
2026-01-08 10:38:49,446 - INFO - HTTP Request: GET https://planilhaandrieli.jords.site/api/database/rows/table/677/?user_field_names=true&size=2000 "HTTP/1.1 400 Bad Request"
2026-01-08 10:38:49,456 - INFO - HTTP Request: GET https://planilhaandrieli.jords.site/api/database/rows/table/673/?user_field_names=true "HTTP/1.1 200 OK"
2026-01-08 10:38:49,549 - INFO - HTTP Request: GET https://planilhaandrieli.jords.site/api/database/rows/table/677/?user_field_names=true&size=2000 "HTTP/1.1 400 Bad Request"
2026-01-08 10:38:49,573 - INFO - HTTP Request: GET https://planilhaandrieli.jords.site/api/database/rows/table/673/?user_field_names=true "HTTP/1.1 200 OK"
2026-01-08 10:38:49,671 - INFO - HTTP Request: GET https://planilhaandrieli.jords.site/api/database/rows/table/677/?user_field_names=true&size=2000 "HTTP/1.1 400 Bad Request"
2026-01-08 10:38:49,684 - INFO - HTTP Request: GET https://planilhaandrieli.jords.site/api/database/rows/table/673/?user_field_names=true "HTTP/1.1 200 OK"
2026-01-08 10:38:53,747 - INFO - HTTP Request: GET https://planilhaandrieli.jords.site/api/database/rows/table/673/?user_field_names=true "HTTP/1.1 200 OK"
2026-01-08 10:38:53,758 - INFO - HTTP Request: GET https://planilhaandrieli.jords.site/api/database/rows/table/677/?user_field_names=true&size=2000 "HTTP/1.1 400 Bad Request"
2026-01-08 10:38:57,603 - INFO - HTTP Request: GET https://planilhaandrieli.jords.site/api/database/rows/table/677/?user_field_names=true&size=2000 "HTTP/1.1 400 Bad Request"
2026-01-08 10:38:57,604 - INFO - HTTP Request: GET https://planilhaandrieli.jords.site/api/database/rows/table/673/?user_field_names=true "HTTP/1.1 200 OK"
2026-01-08 10:38:57,997 - INFO - HTTP Request: GET https://planilhaandrieli.jords.site/api/database/rows/table/677/?user_field_names=true&size=2000 "HTTP/1.1 400 Bad Request"
2026-01-08 10:38:58,016 - INFO - HTTP Request: GET https://planilhaandrieli.jords.site/api/database/rows/table/673/?user_field_names=true "HTTP/1.1 200 OK"
2026-01-08 10:39:04,054 - INFO - HTTP Request: GET https://planilhaandrieli.jords.site/api/database/rows/table/677/?user_field_names=true&size=2000 "HTTP/1.1 400 Bad Request"
2026-01-08 10:39:04,077 - INFO - HTTP Request: GET https://planilhaandrieli.jords.site/api/database/rows/table/673/?user_field_names=true "HTTP/1.1 200 OK"
2026-01-08 10:39:07,227 - INFO - HTTP Request: GET https://planilhaandrieli.jords.site/api/database/rows/table/677/?user_field_names=true&size=2000 "HTTP/1.1 400 Bad Request"
2026-01-08 10:39:07,257 - INFO - HTTP Request: GET https://planilhaandrieli.jords.site/api/database/rows/table/673/?user_field_names=true "HTTP/1.1 200 OK"
2026-01-08 10:39:08,362 - INFO - HTTP Request: GET https://planilhaandrieli.jords.site/api/database/rows/table/677/?user_field_names=true&size=2000 "HTTP/1.1 400 Bad Request"
2026-01-08 10:39:08,375 - INFO - HTTP Request: GET https://planilhaandrieli.jords.site/api/database/rows/table/673/?user_field_names=true "HTTP/1.1 200 OK"
2026-01-08 10:39:13,700 - INFO - HTTP Request: GET https://planilhaandrieli.jords.site/api/database/rows/table/677/?user_field_names=true&size=2000 "HTTP/1.1 400 Bad Request"
2026-01-08 10:39:13,717 - INFO - HTTP Request: GET https://planilhaandrieli.jords.site/api/database/rows/table/673/?user_field_names=true "HTTP/1.1 200 OK"
2026-01-08 10:39:20,034 - INFO - HTTP Request: GET https://planilhaandrieli.jords.site/api/database/rows/table/673/?user_field_names=true "HTTP/1.1 200 OK"
2026-01-08 10:39:20,036 - INFO - HTTP Request: GET https://planilhaandrieli.jords.site/api/database/rows/table/677/?user_field_names=true&size=2000 "HTTP/1.1 400 Bad Request"
2026-01-08 10:39:20,199 - INFO - HTTP Request: GET https://planilhaandrieli.jords.site/api/database/rows/table/677/?user_field_names=true&size=2000 "HTTP/1.1 400 Bad Request"
2026-01-08 10:39:20,215 - INFO - HTTP Request: GET https://planilhaandrieli.jords.site/api/database/rows/table/673/?user_field_names=true "HTTP/1.1 200 OK"
2026-01-08 10:39:24,694 - INFO - HTTP Request: GET https://planilhaandrieli.jords.site/api/database/rows/table/677/?user_field_names=true&size=2000 "HTTP/1.1 400 Bad Request"
2026-01-08 10:39:24,716 - INFO - HTTP Request: GET https://planilhaandrieli.jords.site/api/database/rows/table/673/?user_field_names=true "HTTP/1.1 200 OK"
2026-01-08 10:39:29,670 - INFO - HTTP Request: GET https://planilhaandrieli.jords.site/api/database/rows/table/677/?user_field_names=true&size=2000 "HTTP/1.1 400 Bad Request"
2026-01-08 10:39:29,706 - INFO - HTTP Request: GET https://planilhaandrieli.jords.site/api/database/rows/table/673/?user_field_names=true "HTTP/1.1 200 OK"
2026-01-08 10:39:29,779 - INFO - HTTP Request: GET https://planilhaandrieli.jords.site/api/database/rows/table/677/?user_field_names=true&size=2000 "HTTP/1.1 400 Bad Request"
2026-01-08 10:39:30,079 - INFO - HTTP Request: GET https://planilhaandrieli.jords.site/api/database/rows/table/673/?user_field_names=true "HTTP/1.1 200 OK"
2026-01-08 10:39:34,830 - INFO - HTTP Request: GET https://planilhaandrieli.jords.site/api/database/rows/table/673/?user_field_names=true "HTTP/1.1 200 OK"
2026-01-08 10:39:34,837 - INFO - HTTP Request: GET https://planilhaandrieli.jords.site/api/database/rows/table/677/?user_field_names=true&size=2000 "HTTP/1.1 400 Bad Request"
2026-01-08 10:39:39,278 - INFO - HTTP Request: GET https://planilhaandrieli.jords.site/api/database/rows/table/673/?user_field_names=true "HTTP/1.1 200 OK"
2026-01-08 10:39:39,281 - INFO - HTTP Request: GET https://planilhaandrieli.jords.site/api/database/rows/table/677/?user_field_names=true&size=2000 "HTTP/1.1 400 Bad Request"
2026-01-08 10:39:39,359 - INFO - HTTP Request: GET https://planilhaandrieli.jords.site/api/database/rows/table/677/?user_field_names=true&size=2000 "HTTP/1.1 400 Bad Request"
2026-01-08 10:39:39,381 - INFO - HTTP Request: GET https://planilhaandrieli.jords.site/api/database/rows/table/673/?user_field_names=true "HTTP/1.1 200 OK"
2026-01-08 10:39:44,927 - INFO - HTTP Request: GET https://planilhaandrieli.jords.site/api/database/rows/table/677/?user_field_names=true&size=2000 "HTTP/1.1 400 Bad Request"
2026-01-08 10:39:44,941 - INFO - HTTP Request: GET https://planilhaandrieli.jords.site/api/database/rows/table/673/?user_field_names=true "HTTP/1.1 200 OK"
2026-01-08 10:39:49,898 - INFO - HTTP Request: GET https://planilhaandrieli.jords.site/api/database/rows/table/677/?user_field_names=true&size=2000 "HTTP/1.1 400 Bad Request"
2026-01-08 10:39:49,909 - INFO - HTTP Request: GET https://planilhaandrieli.jords.site/api/database/rows/table/673/?user_field_names=true "HTTP/1.1 200 OK"
2026-01-08 10:39:50,034 - INFO - HTTP Request: GET https://planilhaandrieli.jords.site/api/database/rows/table/677/?user_field_names=true&size=2000 "HTTP/1.1 400 Bad Request"
2026-01-08 10:39:50,057 - INFO - HTTP Request: GET https://planilhaandrieli.jords.site/api/database/rows/table/673/?user_field_names=true "HTTP/1.1 200 OK"
2026-01-08 10:39:54,488 - INFO - HTTP Request: GET https://planilhaandrieli.jords.site/api/database/rows/table/677/?user_field_names=true&size=2000 "HTTP/1.1 400 Bad Request"
2026-01-08 10:39:54,503 - INFO - HTTP Request: GET https://planilhaandrieli.jords.site/api/database/rows/table/673/?user_field_names=true "HTTP/1.1 200 OK"
2026-01-08 10:39:59,644 - INFO - HTTP Request: GET https://planilhaandrieli.jords.site/api/database/rows/table/677/?user_field_names=true&size=2000 "HTTP/1.1 400 Bad Request"
2026-01-08 10:39:59,664 - INFO - HTTP Request: GET https://planilhaandrieli.jords.site/api/database/rows/table/673/?user_field_names=true "HTTP/1.1 200 OK"
2026-01-08 10:39:59,776 - INFO - HTTP Request: GET https://planilhaandrieli.jords.site/api/database/rows/table/677/?user_field_names=true&size=2000 "HTTP/1.1 400 Bad Request"
2026-01-08 10:39:59,785 - INFO - HTTP Request: GET https://planilhaandrieli.jords.site/api/database/rows/table/673/?user_field_names=true "HTTP/1.1 200 OK"
2026-01-08 10:40:04,813 - INFO - HTTP Request: GET https://planilhaandrieli.jords.site/api/database/rows/table/673/?user_field_names=true "HTTP/1.1 200 OK"
2026-01-08 10:40:04,815 - INFO - HTTP Request: GET https://planilhaandrieli.jords.site/api/database/rows/table/677/?user_field_names=true&size=2000 "HTTP/1.1 400 Bad Request"
2026-01-08 10:40:09,427 - INFO - HTTP Request: GET https://planilhaandrieli.jords.site/api/database/rows/table/677/?user_field_names=true&size=2000 "HTTP/1.1 400 Bad Request"
2026-01-08 10:40:09,473 - INFO - HTTP Request: GET https://planilhaandrieli.jords.site/api/database/rows/table/673/?user_field_names=true "HTTP/1.1 200 OK"
2026-01-08 10:40:09,560 - INFO - HTTP Request: GET https://planilhaandrieli.jords.site/api/database/rows/table/677/?user_field_names=true&size=2000 "HTTP/1.1 400 Bad Request"
2026-01-08 10:40:09,589 - INFO - HTTP Request: GET https://planilhaandrieli.jords.site/api/database/rows/table/673/?user_field_names=true "HTTP/1.1 200 OK"
2026-01-08 10:40:14,674 - INFO - HTTP Request: GET https://planilhaandrieli.jords.site/api/database/rows/table/677/?user_field_names=true&size=2000 "HTTP/1.1 400 Bad Request"
2026-01-08 10:40:14,694 - INFO - HTTP Request: GET https://planilhaandrieli.jords.site/api/database/rows/table/673/?user_field_names=true "HTTP/1.1 200 OK"
2026-01-08 10:40:19,537 - INFO - HTTP Request: GET https://planilhaandrieli.jords.site/api/database/rows/table/677/?user_field_names=true&size=2000 "HTTP/1.1 400 Bad Request"
2026-01-08 10:40:19,548 - INFO - HTTP Request: GET https://planilhaandrieli.jords.site/api/database/rows/table/673/?user_field_names=true "HTTP/1.1 200 OK"
2026-01-08 10:40:19,654 - INFO - HTTP Request: GET https://planilhaandrieli.jords.site/api/database/rows/table/673/?user_field_names=true "HTTP/1.1 200 OK"
2026-01-08 10:40:19,657 - INFO - HTTP Request: GET https://planilhaandrieli.jords.site/api/database/rows/table/677/?user_field_names=true&size=2000 "HTTP/1.1 400 Bad Request"
2026-01-08 10:40:24,599 - INFO - HTTP Request: GET https://planilhaandrieli.jords.site/api/database/rows/table/677/?user_field_names=true&size=2000 "HTTP/1.1 400 Bad Request"
2026-01-08 10:40:24,615 - INFO - HTTP Request: GET https://planilhaandrieli.jords.site/api/database/rows/table/673/?user_field_names=true "HTTP/1.1 200 OK"
2026-01-08 10:40:29,376 - INFO - HTTP Request: GET https://planilhaandrieli.jords.site/api/database/rows/table/677/?user_field_names=true&size=2000 "HTTP/1.1 400 Bad Request"
2026-01-08 10:40:29,397 - INFO - HTTP Request: GET https://planilhaandrieli.jords.site/api/database/rows/table/673/?user_field_names=true "HTTP/1.1 200 OK"
2026-01-08 10:40:29,511 - INFO - HTTP Request: GET https://planilhaandrieli.jords.site/api/database/rows/table/677/?user_field_names=true&size=2000 "HTTP/1.1 400 Bad Request"
2026-01-08 10:40:29,522 - INFO - HTTP Request: GET https://planilhaandrieli.jords.site/api/database/rows/table/673/?user_field_names=true "HTTP/1.1 200 OK"
2026-01-08 10:40:34,756 - INFO - HTTP Request: GET https://planilhaandrieli.jords.site/api/database/rows/table/677/?user_field_names=true&size=2000 "HTTP/1.1 400 Bad Request"
2026-01-08 10:40:34,778 - INFO - HTTP Request: GET https://planilhaandrieli.jords.site/api/database/rows/table/673/?user_field_names=true "HTTP/1.1 200 OK"
2026-01-08 10:40:39,699 - INFO - HTTP Request: GET https://planilhaandrieli.jords.site/api/database/rows/table/677/?user_field_names=true&size=2000 "HTTP/1.1 400 Bad Request"
2026-01-08 10:40:39,713 - INFO - HTTP Request: GET https://planilhaandrieli.jords.site/api/database/rows/table/673/?user_field_names=true "HTTP/1.1 200 OK"
2026-01-08 10:40:39,830 - INFO - HTTP Request: GET https://planilhaandrieli.jords.site/api/database/rows/table/677/?user_field_names=true&size=2000 "HTTP/1.1 400 Bad Request"
2026-01-08 10:40:39,853 - INFO - HTTP Request: GET https://planilhaandrieli.jords.site/api/database/rows/table/673/?user_field_names=true "HTTP/1.1 200 OK"
2026-01-08 10:40:44,624 - INFO - HTTP Request: GET https://planilhaandrieli.jords.site/api/database/rows/table/677/?user_field_names=true&size=2000 "HTTP/1.1 400 Bad Request"
2026-01-08 10:40:44,637 - INFO - HTTP Request: GET https://planilhaandrieli.jords.site/api/database/rows/table/673/?user_field_names=true "HTTP/1.1 200 OK"
2026-01-08 10:40:49,508 - INFO - HTTP Request: GET https://planilhaandrieli.jords.site/api/database/rows/table/677/?user_field_names=true&size=2000 "HTTP/1.1 400 Bad Request"
2026-01-08 10:40:49,533 - INFO - HTTP Request: GET https://planilhaandrieli.jords.site/api/database/rows/table/673/?user_field_names=true "HTTP/1.1 200 OK"
2026-01-08 10:40:49,623 - INFO - HTTP Request: GET https://planilhaandrieli.jords.site/api/database/rows/table/677/?user_field_names=true&size=2000 "HTTP/1.1 400 Bad Request"
2026-01-08 10:40:49,629 - INFO - HTTP Request: GET https://planilhaandrieli.jords.site/api/database/rows/table/673/?user_field_names=true "HTTP/1.1 200 OK"
2026-01-08 10:40:54,253 - INFO - HTTP Request: GET https://planilhaandrieli.jords.site/api/database/rows/table/673/?user_field_names=true "HTTP/1.1 200 OK"
2026-01-08 10:40:54,257 - INFO - HTTP Request: GET https://planilhaandrieli.jords.site/api/database/rows/table/677/?user_field_names=true&size=2000 "HTTP/1.1 400 Bad Request"
2026-01-08 10:40:59,894 - INFO - HTTP Request: GET https://planilhaandrieli.jords.site/api/database/rows/table/673/?user_field_names=true "HTTP/1.1 200 OK"
2026-01-08 10:40:59,895 - INFO - HTTP Request: GET https://planilhaandrieli.jords.site/api/database/rows/table/677/?user_field_names=true&size=2000 "HTTP/1.1 400 Bad Request"
2026-01-08 10:40:59,900 - INFO - HTTP Request: GET https://planilhaandrieli.jords.site/api/database/rows/table/677/?user_field_names=true&size=2000 "HTTP/1.1 400 Bad Request"
2026-01-08 10:40:59,917 - INFO - HTTP Request: GET https://planilhaandrieli.jords.site/api/database/rows/table/673/?user_field_names=true "HTTP/1.1 200 OK"
2026-01-08 10:41:05,069 - INFO - HTTP Request: GET https://planilhaandrieli.jords.site/api/database/rows/table/677/?user_field_names=true&size=2000 "HTTP/1.1 400 Bad Request"
2026-01-08 10:41:05,076 - INFO - HTTP Request: GET https://planilhaandrieli.jords.site/api/database/rows/table/673/?user_field_names=true "HTTP/1.1 200 OK"
2026-01-08 10:41:09,690 - INFO - HTTP Request: GET https://planilhaandrieli.jords.site/api/database/rows/table/677/?user_field_names=true&size=2000 "HTTP/1.1 400 Bad Request"
2026-01-08 10:41:09,708 - INFO - HTTP Request: GET https://planilhaandrieli.jords.site/api/database/rows/table/673/?user_field_names=true "HTTP/1.1 200 OK"
2026-01-08 10:41:09,809 - INFO - HTTP Request: GET https://planilhaandrieli.jords.site/api/database/rows/table/677/?user_field_names=true&size=2000 "HTTP/1.1 400 Bad Request"
2026-01-08 10:41:09,823 - INFO - HTTP Request: GET https://planilhaandrieli.jords.site/api/database/rows/table/673/?user_field_names=true "HTTP/1.1 200 OK"
2026-01-08 10:41:15,020 - INFO - HTTP Request: GET https://planilhaandrieli.jords.site/api/database/rows/table/677/?user_field_names=true&size=2000 "HTTP/1.1 400 Bad Request"
2026-01-08 10:41:15,038 - INFO - HTTP Request: GET https://planilhaandrieli.jords.site/api/database/rows/table/673/?user_field_names=true "HTTP/1.1 200 OK"
2026-01-08 10:41:19,721 - INFO - HTTP Request: GET https://planilhaandrieli.jords.site/api/database/rows/table/677/?user_field_names=true&size=2000 "HTTP/1.1 400 Bad Request"
2026-01-08 10:41:19,731 - INFO - HTTP Request: GET https://planilhaandrieli.jords.site/api/database/rows/table/673/?user_field_names=true "HTTP/1.1 200 OK"
2026-01-08 10:41:20,070 - INFO - HTTP Request: GET https://planilhaandrieli.jords.site/api/database/rows/table/677/?user_field_names=true&size=2000 "HTTP/1.1 400 Bad Request"
2026-01-08 10:41:20,077 - INFO - HTTP Request: GET https://planilhaandrieli.jords.site/api/database/rows/table/673/?user_field_names=true "HTTP/1.1 200 OK"
2026-01-08 10:41:24,762 - INFO - HTTP Request: GET https://planilhaandrieli.jords.site/api/database/rows/table/677/?user_field_names=true&size=2000 "HTTP/1.1 400 Bad Request"
2026-01-08 10:41:24,778 - INFO - HTTP Request: GET https://planilhaandrieli.jords.site/api/database/rows/table/673/?user_field_names=true "HTTP/1.1 200 OK"
2026-01-08 10:41:29,912 - INFO - HTTP Request: GET https://planilhaandrieli.jords.site/api/database/rows/table/677/?user_field_names=true&size=2000 "HTTP/1.1 400 Bad Request"
2026-01-08 10:41:29,940 - INFO - HTTP Request: GET https://planilhaandrieli.jords.site/api/database/rows/table/673/?user_field_names=true "HTTP/1.1 200 OK"
2026-01-08 10:41:30,034 - INFO - HTTP Request: GET https://planilhaandrieli.jords.site/api/database/rows/table/677/?user_field_names=true&size=2000 "HTTP/1.1 400 Bad Request"
2026-01-08 10:41:30,068 - INFO - HTTP Request: GET https://planilhaandrieli.jords.site/api/database/rows/table/673/?user_field_names=true "HTTP/1.1 200 OK"
2026-01-08 10:41:34,390 - INFO - HTTP Request: GET https://planilhaandrieli.jords.site/api/database/rows/table/677/?user_field_names=true&size=2000 "HTTP/1.1 400 Bad Request"
2026-01-08 10:41:34,396 - INFO - HTTP Request: GET https://planilhaandrieli.jords.site/api/database/rows/table/673/?user_field_names=true "HTTP/1.1 200 OK"
2026-01-08 10:41:40,504 - INFO - HTTP Request: GET https://planilhaandrieli.jords.site/api/database/rows/table/677/?user_field_names=true&size=2000 "HTTP/1.1 400 Bad Request"
2026-01-08 10:41:40,512 - INFO - HTTP Request: GET https://planilhaandrieli.jords.site/api/database/rows/table/673/?user_field_names=true "HTTP/1.1 200 OK"
2026-01-08 10:41:40,632 - INFO - HTTP Request: GET https://planilhaandrieli.jords.site/api/database/rows/table/677/?user_field_names=true&size=2000 "HTTP/1.1 400 Bad Request"
2026-01-08 10:41:40,666 - INFO - HTTP Request: GET https://planilhaandrieli.jords.site/api/database/rows/table/673/?user_field_names=true "HTTP/1.1 200 OK"
2026-01-08 10:41:40,987 - INFO - HTTP Request: GET https://graph.facebook.com/v19.0/846524264927906/message_templates?limit=100 "HTTP/1.1 200 OK"
2026-01-08 10:41:42,069 - INFO - HTTP Request: GET https://graph.facebook.com/v19.0/846524264927906/message_templates?limit=100 "HTTP/1.1 200 OK"
2026-01-08 10:41:44,323 - INFO - HTTP Request: GET https://planilhaandrieli.jords.site/api/database/rows/table/677/?user_field_names=true&size=2000 "HTTP/1.1 400 Bad Request"
2026-01-08 10:41:44,337 - INFO - HTTP Request: GET https://planilhaandrieli.jords.site/api/database/rows/table/673/?user_field_names=true "HTTP/1.1 200 OK"
2026-01-08 10:41:49,567 - INFO - HTTP Request: GET https://planilhaandrieli.jords.site/api/database/rows/table/677/?user_field_names=true&size=2000 "HTTP/1.1 400 Bad Request"
2026-01-08 10:41:49,567 - INFO - HTTP Request: GET https://planilhaandrieli.jords.site/api/database/rows/table/673/?user_field_names=true "HTTP/1.1 200 OK"
2026-01-08 10:41:49,606 - INFO - 📤 WhatsApp API: Enviando template 'compra_aprovada_02' para 558596123586...
2026-01-08 10:41:50,601 - INFO - HTTP Request: GET https://planilhaandrieli.jords.site/api/database/rows/table/677/?user_field_names=true&size=2000 "HTTP/1.1 400 Bad Request"
2026-01-08 10:41:50,616 - INFO - HTTP Request: GET https://planilhaandrieli.jords.site/api/database/rows/table/673/?user_field_names=true "HTTP/1.1 200 OK"
2026-01-08 10:41:51,272 - INFO - HTTP Request: POST https://graph.facebook.com/v19.0/948132921713045/messages "HTTP/1.1 200 OK"
2026-01-08 10:41:51,275 - INFO - ✅ WhatsApp API: Template enviado com sucesso!
2026-01-08 10:41:52,962 - INFO - HTTP Request: GET https://planilhaandrieli.jords.site/api/database/rows/table/677/?user_field_names=true&size=2000 "HTTP/1.1 400 Bad Request"
2026-01-08 10:41:53,217 - INFO - HTTP Request: GET https://planilhaandrieli.jords.site/api/database/rows/table/673/?user_field_names=true "HTTP/1.1 200 OK"
2026-01-08 10:41:54,934 - INFO - HTTP Request: GET https://planilhaandrieli.jords.site/api/database/rows/table/677/?user_field_names=true&size=2000 "HTTP/1.1 400 Bad Request"
2026-01-08 10:41:54,957 - INFO - HTTP Request: GET https://planilhaandrieli.jords.site/api/database/rows/table/673/?user_field_names=true "HTTP/1.1 200 OK"
2026-01-08 10:41:59,404 - INFO - HTTP Request: GET https://planilhaandrieli.jords.site/api/database/rows/table/677/?user_field_names=true&size=2000 "HTTP/1.1 400 Bad Request"
2026-01-08 10:41:59,426 - INFO - HTTP Request: GET https://planilhaandrieli.jords.site/api/database/rows/table/673/?user_field_names=true "HTTP/1.1 200 OK"
2026-01-08 10:41:59,518 - INFO - HTTP Request: GET https://planilhaandrieli.jords.site/api/database/rows/table/677/?user_field_names=true&size=2000 "HTTP/1.1 400 Bad Request"
2026-01-08 10:41:59,545 - INFO - HTTP Request: GET https://planilhaandrieli.jords.site/api/database/rows/table/673/?user_field_names=true "HTTP/1.1 200 OK"
2026-01-08 10:42:05,178 - INFO - HTTP Request: GET https://planilhaandrieli.jords.site/api/database/rows/table/677/?user_field_names=true&size=2000 "HTTP/1.1 400 Bad Request"
2026-01-08 10:42:05,194 - INFO - HTTP Request: GET https://planilhaandrieli.jords.site/api/database/rows/table/673/?user_field_names=true "HTTP/1.1 200 OK"
2026-01-08 10:42:10,113 - INFO - HTTP Request: GET https://planilhaandrieli.jords.site/api/database/rows/table/677/?user_field_names=true&size=2000 "HTTP/1.1 400 Bad Request"
2026-01-08 10:42:10,127 - INFO - HTTP Request: GET https://planilhaandrieli.jords.site/api/database/rows/table/673/?user_field_names=true "HTTP/1.1 200 OK"
2026-01-08 10:42:10,199 - INFO - HTTP Request: GET https://graph.facebook.com/v19.0/846524264927906/message_templates?limit=100 "HTTP/1.1 200 OK"
2026-01-08 10:42:10,213 - INFO - HTTP Request: GET https://planilhaandrieli.jords.site/api/database/rows/table/677/?user_field_names=true&size=2000 "HTTP/1.1 400 Bad Request"
2026-01-08 10:42:10,932 - INFO - HTTP Request: GET https://planilhaandrieli.jords.site/api/database/rows/table/673/?user_field_names=true "HTTP/1.1 200 OK"
2026-01-08 10:42:11,368 - INFO - HTTP Request: GET https://graph.facebook.com/v19.0/846524264927906/message_templates?limit=100 "HTTP/1.1 200 OK"
2026-01-08 10:42:14,353 - INFO - HTTP Request: GET https://planilhaandrieli.jords.site/api/database/rows/table/677/?user_field_names=true&size=2000 "HTTP/1.1 400 Bad Request"
2026-01-08 10:42:14,370 - INFO - HTTP Request: GET https://planilhaandrieli.jords.site/api/database/rows/table/673/?user_field_names=true "HTTP/1.1 200 OK"
2026-01-08 10:42:17,265 - INFO - HTTP Request: GET https://planilhaandrieli.jords.site/api/database/rows/table/677/?user_field_names=true&size=2000 "HTTP/1.1 400 Bad Request"
2026-01-08 10:42:17,275 - INFO - HTTP Request: GET https://planilhaandrieli.jords.site/api/database/rows/table/673/?user_field_names=true "HTTP/1.1 200 OK"
2026-01-08 10:42:18,328 - INFO - HTTP Request: GET https://planilhaandrieli.jords.site/api/database/rows/table/677/?user_field_names=true&size=2000 "HTTP/1.1 400 Bad Request"
2026-01-08 10:42:18,343 - INFO - HTTP Request: GET https://planilhaandrieli.jords.site/api/database/rows/table/673/?user_field_names=true "HTTP/1.1 200 OK"
2026-01-08 10:42:24,052 - INFO - HTTP Request: GET https://planilhaandrieli.jords.site/api/database/rows/table/677/?user_field_names=true&size=2000 "HTTP/1.1 400 Bad Request"
2026-01-08 10:42:24,068 - INFO - HTTP Request: GET https://planilhaandrieli.jords.site/api/database/rows/table/673/?user_field_names=true "HTTP/1.1 200 OK"
2026-01-08 10:42:27,913 - INFO - HTTP Request: GET https://planilhaandrieli.jords.site/api/database/rows/table/677/?user_field_names=true&size=2000 "HTTP/1.1 400 Bad Request"
2026-01-08 10:42:27,932 - INFO - HTTP Request: GET https://planilhaandrieli.jords.site/api/database/rows/table/673/?user_field_names=true "HTTP/1.1 200 OK"
2026-01-08 10:42:28,020 - INFO - HTTP Request: GET https://planilhaandrieli.jords.site/api/database/rows/table/677/?user_field_names=true&size=2000 "HTTP/1.1 400 Bad Request"
2026-01-08 10:42:28,032 - INFO - HTTP Request: GET https://planilhaandrieli.jords.site/api/database/rows/table/673/?user_field_names=true "HTTP/1.1 200 OK"
2026-01-08 10:42:33,755 - INFO - HTTP Request: GET https://planilhaandrieli.jords.site/api/database/rows/table/677/?user_field_names=true&size=2000 "HTTP/1.1 400 Bad Request"
2026-01-08 10:42:33,763 - INFO - HTTP Request: GET https://planilhaandrieli.jords.site/api/database/rows/table/673/?user_field_names=true "HTTP/1.1 200 OK"
2026-01-08 10:42:37,947 - INFO - HTTP Request: GET https://planilhaandrieli.jords.site/api/database/rows/table/677/?user_field_names=true&size=2000 "HTTP/1.1 400 Bad Request"
2026-01-08 10:42:37,984 - INFO - HTTP Request: GET https://planilhaandrieli.jords.site/api/database/rows/table/673/?user_field_names=true "HTTP/1.1 200 OK"
2026-01-08 10:42:38,069 - INFO - HTTP Request: GET https://planilhaandrieli.jords.site/api/database/rows/table/677/?user_field_names=true&size=2000 "HTTP/1.1 400 Bad Request"
2026-01-08 10:42:38,113 - INFO - HTTP Request: GET https://planilhaandrieli.jords.site/api/database/rows/table/673/?user_field_names=true "HTTP/1.1 200 OK"
2026-01-08 10:42:44,053 - INFO - HTTP Request: GET https://planilhaandrieli.jords.site/api/database/rows/table/677/?user_field_names=true&size=2000 "HTTP/1.1 400 Bad Request"
2026-01-08 10:42:44,080 - INFO - HTTP Request: GET https://planilhaandrieli.jords.site/api/database/rows/table/673/?user_field_names=true "HTTP/1.1 200 OK"
2026-01-08 10:42:47,884 - INFO - HTTP Request: GET https://planilhaandrieli.jords.site/api/database/rows/table/677/?user_field_names=true&size=2000 "HTTP/1.1 400 Bad Request"
2026-01-08 10:42:47,912 - INFO - HTTP Request: GET https://planilhaandrieli.jords.site/api/database/rows/table/673/?user_field_names=true "HTTP/1.1 200 OK"
2026-01-08 10:42:48,014 - INFO - HTTP Request: GET https://planilhaandrieli.jords.site/api/database/rows/table/677/?user_field_names=true&size=2000 "HTTP/1.1 400 Bad Request"
2026-01-08 10:42:48,032 - INFO - HTTP Request: GET https://planilhaandrieli.jords.site/api/database/rows/table/673/?user_field_names=true "HTTP/1.1 200 OK"
2026-01-08 10:42:54,307 - INFO - HTTP Request: GET https://planilhaandrieli.jords.site/api/database/rows/table/677/?user_field_names=true&size=2000 "HTTP/1.1 400 Bad Request"
2026-01-08 10:42:54,321 - INFO - HTTP Request: GET https://planilhaandrieli.jords.site/api/database/rows/table/673/?user_field_names=true "HTTP/1.1 200 OK"
2026-01-08 10:42:59,722 - INFO - HTTP Request: GET https://planilhaandrieli.jords.site/api/database/rows/table/677/?user_field_names=true&size=2000 "HTTP/1.1 400 Bad Request"
2026-01-08 10:42:59,759 - INFO - HTTP Request: GET https://planilhaandrieli.jords.site/api/database/rows/table/673/?user_field_names=true "HTTP/1.1 200 OK"
2026-01-08 10:42:59,820 - INFO - HTTP Request: GET https://planilhaandrieli.jords.site/api/database/rows/table/677/?user_field_names=true&size=2000 "HTTP/1.1 400 Bad Request"
2026-01-08 10:42:59,829 - INFO - HTTP Request: GET https://planilhaandrieli.jords.site/api/database/rows/table/673/?user_field_names=true "HTTP/1.1 200 OK"
2026-01-08 10:43:04,988 - INFO - HTTP Request: GET https://planilhaandrieli.jords.site/api/database/rows/table/677/?user_field_names=true&size=2000 "HTTP/1.1 400 Bad Request"
2026-01-08 10:43:05,003 - INFO - HTTP Request: GET https://planilhaandrieli.jords.site/api/database/rows/table/673/?user_field_names=true "HTTP/1.1 200 OK"
2026-01-08 10:43:09,564 - INFO - HTTP Request: GET https://planilhaandrieli.jords.site/api/database/rows/table/677/?user_field_names=true&size=2000 "HTTP/1.1 400 Bad Request"
2026-01-08 10:43:09,587 - INFO - HTTP Request: GET https://planilhaandrieli.jords.site/api/database/rows/table/673/?user_field_names=true "HTTP/1.1 200 OK"
2026-01-08 10:43:09,682 - INFO - HTTP Request: GET https://planilhaandrieli.jords.site/api/database/rows/table/677/?user_field_names=true&size=2000 "HTTP/1.1 400 Bad Request"
2026-01-08 10:43:09,700 - INFO - HTTP Request: GET https://planilhaandrieli.jords.site/api/database/rows/table/673/?user_field_names=true "HTTP/1.1 200 OK"
2026-01-08 10:43:14,867 - INFO - HTTP Request: GET https://planilhaandrieli.jords.site/api/database/rows/table/677/?user_field_names=true&size=2000 "HTTP/1.1 400 Bad Request"
2026-01-08 10:43:14,884 - INFO - HTTP Request: GET https://planilhaandrieli.jords.site/api/database/rows/table/673/?user_field_names=true "HTTP/1.1 200 OK"
2026-01-08 10:43:21,189 - INFO - HTTP Request: GET https://planilhaandrieli.jords.site/api/database/rows/table/677/?user_field_names=true&size=2000 "HTTP/1.1 400 Bad Request"
2026-01-08 10:43:21,209 - INFO - HTTP Request: GET https://planilhaandrieli.jords.site/api/database/rows/table/673/?user_field_names=true "HTTP/1.1 200 OK"
2026-01-08 10:43:21,280 - INFO - HTTP Request: GET https://graph.facebook.com/v19.0/846524264927906/message_templates?limit=100 "HTTP/1.1 200 OK"
2026-01-08 10:43:21,298 - INFO - HTTP Request: GET https://planilhaandrieli.jords.site/api/database/rows/table/677/?user_field_names=true&size=2000 "HTTP/1.1 400 Bad Request"
2026-01-08 10:43:21,323 - INFO - HTTP Request: GET https://planilhaandrieli.jords.site/api/database/rows/table/673/?user_field_names=true "HTTP/1.1 200 OK"
2026-01-08 10:43:24,810 - INFO - HTTP Request: GET https://planilhaandrieli.jords.site/api/database/rows/table/677/?user_field_names=true&size=2000 "HTTP/1.1 400 Bad Request"
2026-01-08 10:43:24,828 - INFO - HTTP Request: GET https://planilhaandrieli.jords.site/api/database/rows/table/673/?user_field_names=true "HTTP/1.1 200 OK"
2026-01-08 10:43:30,047 - INFO - HTTP Request: GET https://planilhaandrieli.jords.site/api/database/rows/table/677/?user_field_names=true&size=2000 "HTTP/1.1 400 Bad Request"
2026-01-08 10:43:30,077 - INFO - HTTP Request: GET https://planilhaandrieli.jords.site/api/database/rows/table/673/?user_field_names=true "HTTP/1.1 200 OK"
2026-01-08 10:43:30,165 - INFO - HTTP Request: GET https://planilhaandrieli.jords.site/api/database/rows/table/673/?user_field_names=true "HTTP/1.1 200 OK"
2026-01-08 10:43:30,167 - INFO - HTTP Request: GET https://planilhaandrieli.jords.site/api/database/rows/table/677/?user_field_names=true&size=2000 "HTTP/1.1 400 Bad Request"
2026-01-08 10:43:35,064 - INFO - HTTP Request: GET https://planilhaandrieli.jords.site/api/database/rows/table/677/?user_field_names=true&size=2000 "HTTP/1.1 400 Bad Request"
2026-01-08 10:43:35,081 - INFO - HTTP Request: GET https://planilhaandrieli.jords.site/api/database/rows/table/673/?user_field_names=true "HTTP/1.1 200 OK"
2026-01-08 10:43:39,593 - INFO - HTTP Request: GET https://planilhaandrieli.jords.site/api/database/rows/table/677/?user_field_names=true&size=2000 "HTTP/1.1 400 Bad Request"
2026-01-08 10:43:39,608 - INFO - HTTP Request: GET https://planilhaandrieli.jords.site/api/database/rows/table/673/?user_field_names=true "HTTP/1.1 200 OK"
2026-01-08 10:43:39,702 - INFO - HTTP Request: GET https://planilhaandrieli.jords.site/api/database/rows/table/677/?user_field_names=true&size=2000 "HTTP/1.1 400 Bad Request"
2026-01-08 10:43:39,723 - INFO - HTTP Request: GET https://planilhaandrieli.jords.site/api/database/rows/table/673/?user_field_names=true "HTTP/1.1 200 OK"
2026-01-08 10:43:44,860 - INFO - HTTP Request: GET https://planilhaandrieli.jords.site/api/database/rows/table/673/?user_field_names=true "HTTP/1.1 200 OK"
2026-01-08 10:43:44,861 - INFO - HTTP Request: GET https://planilhaandrieli.jords.site/api/database/rows/table/677/?user_field_names=true&size=2000 "HTTP/1.1 400 Bad Request"
2026-01-08 10:43:49,718 - INFO - HTTP Request: GET https://planilhaandrieli.jords.site/api/database/rows/table/677/?user_field_names=true&size=2000 "HTTP/1.1 400 Bad Request"
2026-01-08 10:43:49,735 - INFO - HTTP Request: GET https://planilhaandrieli.jords.site/api/database/rows/table/673/?user_field_names=true "HTTP/1.1 200 OK"
2026-01-08 10:43:49,820 - INFO - HTTP Request: GET https://planilhaandrieli.jords.site/api/database/rows/table/677/?user_field_names=true&size=2000 "HTTP/1.1 400 Bad Request"
2026-01-08 10:43:49,838 - INFO - HTTP Request: GET https://planilhaandrieli.jords.site/api/database/rows/table/673/?user_field_names=true "HTTP/1.1 200 OK"
2026-01-08 10:43:59,743 - INFO - HTTP Request: GET https://planilhaandrieli.jords.site/api/database/rows/table/677/?user_field_names=true&size=2000 "HTTP/1.1 400 Bad Request"
2026-01-08 10:43:59,776 - INFO - HTTP Request: GET https://planilhaandrieli.jords.site/api/database/rows/table/673/?user_field_names=true "HTTP/1.1 200 OK"
2026-01-08 10:43:59,837 - INFO - HTTP Request: GET https://planilhaandrieli.jords.site/api/database/rows/table/677/?user_field_names=true&size=2000 "HTTP/1.1 400 Bad Request"
2026-01-08 10:43:59,855 - INFO - HTTP Request: GET https://planilhaandrieli.jords.site/api/database/rows/table/673/?user_field_names=true "HTTP/1.1 200 OK"
2026-01-08 10:44:10,568 - INFO - HTTP Request: GET https://planilhaandrieli.jords.site/api/database/rows/table/677/?user_field_names=true&size=2000 "HTTP/1.1 400 Bad Request"
2026-01-08 10:44:10,583 - INFO - HTTP Request: GET https://planilhaandrieli.jords.site/api/database/rows/table/673/?user_field_names=true "HTTP/1.1 200 OK"
2026-01-08 10:44:10,681 - INFO - HTTP Request: GET https://planilhaandrieli.jords.site/api/database/rows/table/673/?user_field_names=true "HTTP/1.1 200 OK"
2026-01-08 10:44:10,683 - INFO - HTTP Request: GET https://planilhaandrieli.jords.site/api/database/rows/table/677/?user_field_names=true&size=2000 "HTTP/1.1 400 Bad Request"
2026-01-08 10:44:10,700 - INFO - HTTP Request: GET https://planilhaandrieli.jords.site/api/database/rows/table/677/?user_field_names=true&size=2000 "HTTP/1.1 400 Bad Request"
2026-01-08 10:44:10,722 - INFO - HTTP Request: GET https://planilhaandrieli.jords.site/api/database/rows/table/673/?user_field_names=true "HTTP/1.1 200 OK"
2026-01-08 10:44:19,542 - INFO - HTTP Request: GET https://planilhaandrieli.jords.site/api/database/rows/table/677/?user_field_names=true&size=2000 "HTTP/1.1 400 Bad Request"
2026-01-08 10:44:19,570 - INFO - HTTP Request: GET https://planilhaandrieli.jords.site/api/database/rows/table/673/?user_field_names=true "HTTP/1.1 200 OK"
2026-01-08 10:44:19,622 - INFO - HTTP Request: GET https://planilhaandrieli.jords.site/api/database/rows/table/677/?user_field_names=true&size=2000 "HTTP/1.1 400 Bad Request"
2026-01-08 10:44:19,690 - INFO - HTTP Request: GET https://planilhaandrieli.jords.site/api/database/rows/table/673/?user_field_names=true "HTTP/1.1 200 OK"
2026-01-08 10:44:29,656 - INFO - HTTP Request: GET https://planilhaandrieli.jords.site/api/database/rows/table/677/?user_field_names=true&size=2000 "HTTP/1.1 400 Bad Request"
2026-01-08 10:44:29,674 - INFO - HTTP Request: GET https://planilhaandrieli.jords.site/api/database/rows/table/673/?user_field_names=true "HTTP/1.1 200 OK"
2026-01-08 10:44:29,783 - INFO - HTTP Request: GET https://planilhaandrieli.jords.site/api/database/rows/table/677/?user_field_names=true&size=2000 "HTTP/1.1 400 Bad Request"
2026-01-08 10:44:29,801 - INFO - HTTP Request: GET https://planilhaandrieli.jords.site/api/database/rows/table/673/?user_field_names=true "HTTP/1.1 200 OK"
2026-01-08 10:44:39,675 - INFO - HTTP Request: GET https://planilhaandrieli.jords.site/api/database/rows/table/677/?user_field_names=true&size=2000 "HTTP/1.1 400 Bad Request"
2026-01-08 10:44:39,754 - INFO - HTTP Request: GET https://planilhaandrieli.jords.site/api/database/rows/table/677/?user_field_names=true&size=2000 "HTTP/1.1 400 Bad Request"
2026-01-08 10:44:39,765 - INFO - HTTP Request: GET https://planilhaandrieli.jords.site/api/database/rows/table/673/?user_field_names=true "HTTP/1.1 200 OK"
2026-01-08 10:44:39,778 - INFO - HTTP Request: GET https://planilhaandrieli.jords.site/api/database/rows/table/673/?user_field_names=true "HTTP/1.1 200 OK"
2026-01-08 10:44:49,391 - INFO - HTTP Request: GET https://planilhaandrieli.jords.site/api/database/rows/table/677/?user_field_names=true&size=2000 "HTTP/1.1 400 Bad Request"
2026-01-08 10:44:49,422 - INFO - HTTP Request: GET https://planilhaandrieli.jords.site/api/database/rows/table/673/?user_field_names=true "HTTP/1.1 200 OK"
2026-01-08 10:44:49,493 - INFO - HTTP Request: GET https://planilhaandrieli.jords.site/api/database/rows/table/677/?user_field_names=true&size=2000 "HTTP/1.1 400 Bad Request"
2026-01-08 10:44:49,513 - INFO - HTTP Request: GET https://planilhaandrieli.jords.site/api/database/rows/table/673/?user_field_names=true "HTTP/1.1 200 OK"
2026-01-08 10:44:59,556 - INFO - HTTP Request: GET https://planilhaandrieli.jords.site/api/database/rows/table/677/?user_field_names=true&size=2000 "HTTP/1.1 400 Bad Request"
2026-01-08 10:44:59,575 - INFO - HTTP Request: GET https://planilhaandrieli.jords.site/api/database/rows/table/677/?user_field_names=true&size=2000 "HTTP/1.1 400 Bad Request"
2026-01-08 10:44:59,603 - INFO - HTTP Request: GET https://planilhaandrieli.jords.site/api/database/rows/table/673/?user_field_names=true "HTTP/1.1 200 OK"
2026-01-08 10:44:59,665 - INFO - HTTP Request: GET https://planilhaandrieli.jords.site/api/database/rows/table/673/?user_field_names=true "HTTP/1.1 200 OK"
2026-01-08 10:45:10,474 - INFO - HTTP Request: GET https://planilhaandrieli.jords.site/api/database/rows/table/677/?user_field_names=true&size=2000 "HTTP/1.1 400 Bad Request"
2026-01-08 10:45:10,503 - INFO - HTTP Request: GET https://planilhaandrieli.jords.site/api/database/rows/table/673/?user_field_names=true "HTTP/1.1 200 OK"
2026-01-08 10:45:10,761 - INFO - HTTP Request: GET https://planilhaandrieli.jords.site/api/database/rows/table/677/?user_field_names=true&size=2000 "HTTP/1.1 400 Bad Request"
2026-01-08 10:45:10,775 - INFO - HTTP Request: GET https://planilhaandrieli.jords.site/api/database/rows/table/673/?user_field_names=true "HTTP/1.1 200 OK"
2026-01-08 10:45:10,784 - INFO - HTTP Request: GET https://planilhaandrieli.jords.site/api/database/rows/table/677/?user_field_names=true&size=2000 "HTTP/1.1 400 Bad Request"
2026-01-08 10:45:10,815 - INFO - HTTP Request: GET https://planilhaandrieli.jords.site/api/database/rows/table/673/?user_field_names=true "HTTP/1.1 200 OK"
2026-01-08 10:45:17,774 - INFO - HTTP Request: GET https://planilhaandrieli.jords.site/api/database/rows/table/673/?user_field_names=true "HTTP/1.1 200 OK"
2026-01-08 10:45:17,776 - INFO - HTTP Request: GET https://planilhaandrieli.jords.site/api/database/rows/table/677/?user_field_names=true&size=2000 "HTTP/1.1 400 Bad Request"
2026-01-08 10:45:17,996 - INFO - HTTP Request: GET https://planilhaandrieli.jords.site/api/database/rows/table/677/?user_field_names=true&size=2000 "HTTP/1.1 400 Bad Request"
2026-01-08 10:45:18,013 - INFO - HTTP Request: GET https://planilhaandrieli.jords.site/api/database/rows/table/673/?user_field_names=true "HTTP/1.1 200 OK"
2026-01-08 10:45:25,360 - INFO - HTTP Request: GET https://planilhaandrieli.jords.site/api/database/rows/table/677/?user_field_names=true&size=2000 "HTTP/1.1 400 Bad Request"
2026-01-08 10:45:25,374 - INFO - HTTP Request: GET https://planilhaandrieli.jords.site/api/database/rows/table/673/?user_field_names=true "HTTP/1.1 200 OK"
2026-01-08 10:45:28,212 - INFO - HTTP Request: GET https://graph.facebook.com/v19.0/846524264927906/message_templates?limit=100 "HTTP/1.1 200 OK"
2026-01-08 10:45:31,281 - INFO - HTTP Request: GET https://planilhaandrieli.jords.site/api/database/rows/table/677/?user_field_names=true&size=2000 "HTTP/1.1 400 Bad Request"
2026-01-08 10:45:31,300 - INFO - HTTP Request: GET https://planilhaandrieli.jords.site/api/database/rows/table/673/?user_field_names=true "HTTP/1.1 200 OK"
2026-01-08 10:45:31,334 - INFO - HTTP Request: GET https://planilhaandrieli.jords.site/api/database/rows/table/677/?user_field_names=true&size=2000 "HTTP/1.1 400 Bad Request"
2026-01-08 10:45:31,376 - INFO - HTTP Request: GET https://graph.facebook.com/v19.0/846524264927906/message_templates?limit=100 "HTTP/1.1 200 OK"
2026-01-08 10:45:31,408 - INFO - HTTP Request: GET https://planilhaandrieli.jords.site/api/database/rows/table/673/?user_field_names=true "HTTP/1.1 200 OK"
2026-01-08 10:45:34,902 - INFO - HTTP Request: GET https://planilhaandrieli.jords.site/api/database/rows/table/677/?user_field_names=true&size=2000 "HTTP/1.1 400 Bad Request"
2026-01-08 10:45:34,946 - INFO - HTTP Request: GET https://planilhaandrieli.jords.site/api/database/rows/table/673/?user_field_names=true "HTTP/1.1 200 OK"
2026-01-08 10:45:39,935 - INFO - HTTP Request: GET https://planilhaandrieli.jords.site/api/database/rows/table/673/?user_field_names=true "HTTP/1.1 200 OK"
2026-01-08 10:45:39,936 - INFO - HTTP Request: GET https://planilhaandrieli.jords.site/api/database/rows/table/677/?user_field_names=true&size=2000 "HTTP/1.1 400 Bad Request"
2026-01-08 10:45:40,021 - INFO - HTTP Request: GET https://planilhaandrieli.jords.site/api/database/rows/table/677/?user_field_names=true&size=2000 "HTTP/1.1 400 Bad Request"
2026-01-08 10:45:40,034 - INFO - HTTP Request: GET https://planilhaandrieli.jords.site/api/database/rows/table/673/?user_field_names=true "HTTP/1.1 200 OK"
2026-01-08 10:45:44,839 - INFO - HTTP Request: GET https://planilhaandrieli.jords.site/api/database/rows/table/677/?user_field_names=true&size=2000 "HTTP/1.1 400 Bad Request"
2026-01-08 10:45:44,853 - INFO - HTTP Request: GET https://planilhaandrieli.jords.site/api/database/rows/table/673/?user_field_names=true "HTTP/1.1 200 OK"
2026-01-08 10:45:50,166 - INFO - HTTP Request: GET https://planilhaandrieli.jords.site/api/database/rows/table/677/?user_field_names=true&size=2000 "HTTP/1.1 400 Bad Request"
2026-01-08 10:45:50,178 - INFO - HTTP Request: GET https://planilhaandrieli.jords.site/api/database/rows/table/673/?user_field_names=true "HTTP/1.1 200 OK"
2026-01-08 10:45:50,287 - INFO - HTTP Request: GET https://planilhaandrieli.jords.site/api/database/rows/table/673/?user_field_names=true "HTTP/1.1 200 OK"
2026-01-08 10:45:50,292 - INFO - HTTP Request: GET https://planilhaandrieli.jords.site/api/database/rows/table/677/?user_field_names=true&size=2000 "HTTP/1.1 400 Bad Request"
2026-01-08 10:45:53,749 - INFO - HTTP Request: GET https://planilhaandrieli.jords.site/api/database/rows/table/677/?user_field_names=true&size=2000 "HTTP/1.1 400 Bad Request"
2026-01-08 10:45:53,783 - INFO - HTTP Request: GET https://planilhaandrieli.jords.site/api/database/rows/table/673/?user_field_names=true "HTTP/1.1 200 OK"
2026-01-08 10:45:57,252 - INFO - HTTP Request: GET https://planilhaandrieli.jords.site/api/database/rows/table/677/?user_field_names=true&size=2000 "HTTP/1.1 400 Bad Request"
2026-01-08 10:45:57,267 - INFO - HTTP Request: GET https://planilhaandrieli.jords.site/api/database/rows/table/673/?user_field_names=true "HTTP/1.1 200 OK"
2026-01-08 10:45:58,307 - INFO - HTTP Request: GET https://planilhaandrieli.jords.site/api/database/rows/table/677/?user_field_names=true&size=2000 "HTTP/1.1 400 Bad Request"
2026-01-08 10:45:58,327 - INFO - HTTP Request: GET https://planilhaandrieli.jords.site/api/database/rows/table/673/?user_field_names=true "HTTP/1.1 200 OK"
2026-01-08 10:46:04,833 - INFO - HTTP Request: GET https://planilhaandrieli.jords.site/api/database/rows/table/677/?user_field_names=true&size=2000 "HTTP/1.1 400 Bad Request"
2026-01-08 10:46:04,871 - INFO - HTTP Request: GET https://planilhaandrieli.jords.site/api/database/rows/table/673/?user_field_names=true "HTTP/1.1 200 OK"
2026-01-08 10:46:09,804 - INFO - HTTP Request: GET https://planilhaandrieli.jords.site/api/database/rows/table/677/?user_field_names=true&size=2000 "HTTP/1.1 400 Bad Request"
2026-01-08 10:46:09,828 - INFO - HTTP Request: GET https://planilhaandrieli.jords.site/api/database/rows/table/673/?user_field_names=true "HTTP/1.1 200 OK"
2026-01-08 10:46:09,954 - INFO - HTTP Request: GET https://planilhaandrieli.jords.site/api/database/rows/table/677/?user_field_names=true&size=2000 "HTTP/1.1 400 Bad Request"
2026-01-08 10:46:09,985 - INFO - HTTP Request: GET https://planilhaandrieli.jords.site/api/database/rows/table/673/?user_field_names=true "HTTP/1.1 200 OK"
2026-01-08 10:46:14,442 - INFO - HTTP Request: GET https://planilhaandrieli.jords.site/api/database/rows/table/673/?user_field_names=true "HTTP/1.1 200 OK"
2026-01-08 10:46:14,455 - INFO - HTTP Request: GET https://planilhaandrieli.jords.site/api/database/rows/table/677/?user_field_names=true&size=2000 "HTTP/1.1 400 Bad Request"
2026-01-08 10:46:19,634 - INFO - HTTP Request: GET https://planilhaandrieli.jords.site/api/database/rows/table/677/?user_field_names=true&size=2000 "HTTP/1.1 400 Bad Request"
2026-01-08 10:46:19,651 - INFO - HTTP Request: GET https://planilhaandrieli.jords.site/api/database/rows/table/673/?user_field_names=true "HTTP/1.1 200 OK"
2026-01-08 10:46:19,737 - INFO - HTTP Request: GET https://planilhaandrieli.jords.site/api/database/rows/table/677/?user_field_names=true&size=2000 "HTTP/1.1 400 Bad Request"
2026-01-08 10:46:19,745 - INFO - HTTP Request: GET https://planilhaandrieli.jords.site/api/database/rows/table/673/?user_field_names=true "HTTP/1.1 200 OK"
2026-01-08 10:46:24,669 - INFO - HTTP Request: GET https://planilhaandrieli.jords.site/api/database/rows/table/677/?user_field_names=true&size=2000 "HTTP/1.1 400 Bad Request"
2026-01-08 10:46:24,676 - INFO - HTTP Request: GET https://planilhaandrieli.jords.site/api/database/rows/table/673/?user_field_names=true "HTTP/1.1 200 OK"
2026-01-08 10:46:29,655 - INFO - HTTP Request: GET https://planilhaandrieli.jords.site/api/database/rows/table/677/?user_field_names=true&size=2000 "HTTP/1.1 400 Bad Request"
2026-01-08 10:46:29,677 - INFO - HTTP Request: GET https://planilhaandrieli.jords.site/api/database/rows/table/673/?user_field_names=true "HTTP/1.1 200 OK"
2026-01-08 10:46:29,759 - INFO - HTTP Request: GET https://planilhaandrieli.jords.site/api/database/rows/table/677/?user_field_names=true&size=2000 "HTTP/1.1 400 Bad Request"
2026-01-08 10:46:29,787 - INFO - HTTP Request: GET https://planilhaandrieli.jords.site/api/database/rows/table/673/?user_field_names=true "HTTP/1.1 200 OK"
2026-01-08 10:46:34,470 - INFO - HTTP Request: GET https://planilhaandrieli.jords.site/api/database/rows/table/677/?user_field_names=true&size=2000 "HTTP/1.1 400 Bad Request"
2026-01-08 10:46:34,589 - INFO - HTTP Request: GET https://planilhaandrieli.jords.site/api/database/rows/table/673/?user_field_names=true "HTTP/1.1 200 OK"
2026-01-08 10:46:37,476 - INFO - HTTP Request: GET https://planilhaandrieli.jords.site/api/database/rows/table/677/?user_field_names=true&size=2000 "HTTP/1.1 400 Bad Request"
2026-01-08 10:46:37,493 - INFO - HTTP Request: GET https://planilhaandrieli.jords.site/api/database/rows/table/673/?user_field_names=true "HTTP/1.1 200 OK"
2026-01-08 10:46:39,330 - INFO - HTTP Request: GET https://planilhaandrieli.jords.site/api/database/rows/table/677/?user_field_names=true&size=2000 "HTTP/1.1 400 Bad Request"
2026-01-08 10:46:39,348 - INFO - HTTP Request: GET https://planilhaandrieli.jords.site/api/database/rows/table/673/?user_field_names=true "HTTP/1.1 200 OK"
2026-01-08 10:46:44,905 - INFO - HTTP Request: GET https://planilhaandrieli.jords.site/api/database/rows/table/677/?user_field_names=true&size=2000 "HTTP/1.1 400 Bad Request"
2026-01-08 10:46:44,926 - INFO - HTTP Request: GET https://planilhaandrieli.jords.site/api/database/rows/table/673/?user_field_names=true "HTTP/1.1 200 OK"
2026-01-08 10:46:49,382 - INFO - HTTP Request: GET https://planilhaandrieli.jords.site/api/database/rows/table/677/?user_field_names=true&size=2000 "HTTP/1.1 400 Bad Request"
2026-01-08 10:46:49,396 - INFO - HTTP Request: GET https://planilhaandrieli.jords.site/api/database/rows/table/673/?user_field_names=true "HTTP/1.1 200 OK"
2026-01-08 10:46:49,480 - INFO - HTTP Request: GET https://planilhaandrieli.jords.site/api/database/rows/table/677/?user_field_names=true&size=2000 "HTTP/1.1 400 Bad Request"
2026-01-08 10:46:49,784 - INFO - HTTP Request: GET https://planilhaandrieli.jords.site/api/database/rows/table/673/?user_field_names=true "HTTP/1.1 200 OK"
2026-01-08 10:46:54,675 - INFO - HTTP Request: GET https://planilhaandrieli.jords.site/api/database/rows/table/677/?user_field_names=true&size=2000 "HTTP/1.1 400 Bad Request"
2026-01-08 10:46:54,695 - INFO - HTTP Request: GET https://planilhaandrieli.jords.site/api/database/rows/table/673/?user_field_names=true "HTTP/1.1 200 OK"
2026-01-08 10:46:59,422 - INFO - HTTP Request: GET https://planilhaandrieli.jords.site/api/database/rows/table/677/?user_field_names=true&size=2000 "HTTP/1.1 400 Bad Request"
2026-01-08 10:46:59,467 - INFO - HTTP Request: GET https://planilhaandrieli.jords.site/api/database/rows/table/673/?user_field_names=true "HTTP/1.1 200 OK"
2026-01-08 10:46:59,516 - INFO - HTTP Request: GET https://planilhaandrieli.jords.site/api/database/rows/table/677/?user_field_names=true&size=2000 "HTTP/1.1 400 Bad Request"
2026-01-08 10:46:59,531 - INFO - HTTP Request: GET https://planilhaandrieli.jords.site/api/database/rows/table/673/?user_field_names=true "HTTP/1.1 200 OK"
2026-01-08 10:47:04,943 - INFO - HTTP Request: GET https://planilhaandrieli.jords.site/api/database/rows/table/677/?user_field_names=true&size=2000 "HTTP/1.1 400 Bad Request"
2026-01-08 10:47:04,961 - INFO - HTTP Request: GET https://planilhaandrieli.jords.site/api/database/rows/table/673/?user_field_names=true "HTTP/1.1 200 OK"
2026-01-08 10:47:07,915 - INFO - HTTP Request: GET https://planilhaandrieli.jords.site/api/database/rows/table/677/?user_field_names=true&size=2000 "HTTP/1.1 400 Bad Request"
2026-01-08 10:47:07,916 - INFO - HTTP Request: GET https://planilhaandrieli.jords.site/api/database/rows/table/673/?user_field_names=true "HTTP/1.1 200 OK"
2026-01-08 10:47:08,378 - INFO - HTTP Request: GET https://planilhaandrieli.jords.site/api/database/rows/table/677/?user_field_names=true&size=2000 "HTTP/1.1 400 Bad Request"
2026-01-08 10:47:08,383 - INFO - HTTP Request: GET https://planilhaandrieli.jords.site/api/database/rows/table/673/?user_field_names=true "HTTP/1.1 200 OK"
2026-01-08 10:47:13,752 - INFO - HTTP Request: GET https://planilhaandrieli.jords.site/api/database/rows/table/677/?user_field_names=true&size=2000 "HTTP/1.1 400 Bad Request"
2026-01-08 10:47:13,783 - INFO - HTTP Request: GET https://planilhaandrieli.jords.site/api/database/rows/table/673/?user_field_names=true "HTTP/1.1 200 OK"
2026-01-08 10:47:17,914 - INFO - HTTP Request: GET https://planilhaandrieli.jords.site/api/database/rows/table/677/?user_field_names=true&size=2000 "HTTP/1.1 400 Bad Request"
2026-01-08 10:47:17,927 - INFO - HTTP Request: GET https://planilhaandrieli.jords.site/api/database/rows/table/673/?user_field_names=true "HTTP/1.1 200 OK"
2026-01-08 10:47:18,016 - INFO - HTTP Request: GET https://planilhaandrieli.jords.site/api/database/rows/table/677/?user_field_names=true&size=2000 "HTTP/1.1 400 Bad Request"
2026-01-08 10:47:18,025 - INFO - HTTP Request: GET https://planilhaandrieli.jords.site/api/database/rows/table/673/?user_field_names=true "HTTP/1.1 200 OK"
2026-01-08 10:47:24,045 - INFO - HTTP Request: GET https://planilhaandrieli.jords.site/api/database/rows/table/677/?user_field_names=true&size=2000 "HTTP/1.1 400 Bad Request"
2026-01-08 10:47:24,063 - INFO - HTTP Request: GET https://planilhaandrieli.jords.site/api/database/rows/table/673/?user_field_names=true "HTTP/1.1 200 OK"
2026-01-08 10:47:27,895 - INFO - HTTP Request: GET https://planilhaandrieli.jords.site/api/database/rows/table/677/?user_field_names=true&size=2000 "HTTP/1.1 400 Bad Request"
2026-01-08 10:47:27,915 - INFO - HTTP Request: GET https://planilhaandrieli.jords.site/api/database/rows/table/673/?user_field_names=true "HTTP/1.1 200 OK"
2026-01-08 10:47:28,005 - INFO - HTTP Request: GET https://planilhaandrieli.jords.site/api/database/rows/table/677/?user_field_names=true&size=2000 "HTTP/1.1 400 Bad Request"
2026-01-08 10:47:28,022 - INFO - HTTP Request: GET https://planilhaandrieli.jords.site/api/database/rows/table/673/?user_field_names=true "HTTP/1.1 200 OK"
2026-01-08 10:47:33,682 - INFO - HTTP Request: GET https://planilhaandrieli.jords.site/api/database/rows/table/677/?user_field_names=true&size=2000 "HTTP/1.1 400 Bad Request"
2026-01-08 10:47:33,697 - INFO - HTTP Request: GET https://planilhaandrieli.jords.site/api/database/rows/table/673/?user_field_names=true "HTTP/1.1 200 OK"
2026-01-08 10:47:37,900 - INFO - HTTP Request: GET https://planilhaandrieli.jords.site/api/database/rows/table/677/?user_field_names=true&size=2000 "HTTP/1.1 400 Bad Request"
2026-01-08 10:47:37,923 - INFO - HTTP Request: GET https://planilhaandrieli.jords.site/api/database/rows/table/673/?user_field_names=true "HTTP/1.1 200 OK"
2026-01-08 10:47:37,984 - INFO - HTTP Request: GET https://planilhaandrieli.jords.site/api/database/rows/table/677/?user_field_names=true&size=2000 "HTTP/1.1 400 Bad Request"
2026-01-08 10:47:38,005 - INFO - HTTP Request: GET https://planilhaandrieli.jords.site/api/database/rows/table/673/?user_field_names=true "HTTP/1.1 200 OK"
2026-01-08 10:47:47,894 - INFO - HTTP Request: GET https://planilhaandrieli.jords.site/api/database/rows/table/677/?user_field_names=true&size=2000 "HTTP/1.1 400 Bad Request"
2026-01-08 10:47:47,905 - INFO - HTTP Request: GET https://planilhaandrieli.jords.site/api/database/rows/table/673/?user_field_names=true "HTTP/1.1 200 OK"
2026-01-08 10:47:48,028 - INFO - HTTP Request: GET https://planilhaandrieli.jords.site/api/database/rows/table/677/?user_field_names=true&size=2000 "HTTP/1.1 400 Bad Request"
2026-01-08 10:47:48,039 - INFO - HTTP Request: GET https://planilhaandrieli.jords.site/api/database/rows/table/673/?user_field_names=true "HTTP/1.1 200 OK"
2026-01-08 10:47:57,914 - INFO - HTTP Request: GET https://planilhaandrieli.jords.site/api/database/rows/table/677/?user_field_names=true&size=2000 "HTTP/1.1 400 Bad Request"
2026-01-08 10:47:57,928 - INFO - HTTP Request: GET https://planilhaandrieli.jords.site/api/database/rows/table/673/?user_field_names=true "HTTP/1.1 200 OK"
2026-01-08 10:47:58,033 - INFO - HTTP Request: GET https://planilhaandrieli.jords.site/api/database/rows/table/677/?user_field_names=true&size=2000 "HTTP/1.1 400 Bad Request"
2026-01-08 10:47:58,053 - INFO - HTTP Request: GET https://planilhaandrieli.jords.site/api/database/rows/table/673/?user_field_names=true "HTTP/1.1 200 OK"
2026-01-08 10:48:07,310 - INFO - HTTP Request: GET https://planilhaandrieli.jords.site/api/database/rows/table/677/?user_field_names=true&size=2000 "HTTP/1.1 400 Bad Request"
2026-01-08 10:48:07,364 - INFO - HTTP Request: GET https://planilhaandrieli.jords.site/api/database/rows/table/673/?user_field_names=true "HTTP/1.1 200 OK"
2026-01-08 10:48:20,716 - INFO - HTTP Request: GET https://planilhaandrieli.jords.site/api/database/rows/table/677/?user_field_names=true&size=2000 "HTTP/1.1 400 Bad Request"
2026-01-08 10:48:20,735 - INFO - HTTP Request: GET https://planilhaandrieli.jords.site/api/database/rows/table/673/?user_field_names=true "HTTP/1.1 200 OK"
2026-01-08 10:48:24,169 - INFO - HTTP Request: GET https://planilhaandrieli.jords.site/api/database/rows/table/677/?user_field_names=true&size=2000 "HTTP/1.1 400 Bad Request"
2026-01-08 10:48:24,210 - INFO - HTTP Request: GET https://planilhaandrieli.jords.site/api/database/rows/table/673/?user_field_names=true "HTTP/1.1 200 OK"
2026-01-08 10:48:34,223 - INFO - HTTP Request: GET https://planilhaandrieli.jords.site/api/database/rows/table/673/?user_field_names=true "HTTP/1.1 200 OK"
2026-01-08 10:48:34,224 - INFO - HTTP Request: GET https://planilhaandrieli.jords.site/api/database/rows/table/677/?user_field_names=true&size=2000 "HTTP/1.1 400 Bad Request"
2026-01-08 10:48:43,755 - INFO - HTTP Request: GET https://planilhaandrieli.jords.site/api/database/rows/table/677/?user_field_names=true&size=2000 "HTTP/1.1 400 Bad Request"
2026-01-08 10:48:43,804 - INFO - HTTP Request: GET https://planilhaandrieli.jords.site/api/database/rows/table/673/?user_field_names=true "HTTP/1.1 200 OK"
2026-01-08 10:48:54,023 - INFO - HTTP Request: GET https://planilhaandrieli.jords.site/api/database/rows/table/677/?user_field_names=true&size=2000 "HTTP/1.1 400 Bad Request"
2026-01-08 10:48:54,059 - INFO - HTTP Request: GET https://planilhaandrieli.jords.site/api/database/rows/table/673/?user_field_names=true "HTTP/1.1 200 OK"
2026-01-08 10:49:03,721 - INFO - HTTP Request: GET https://planilhaandrieli.jords.site/api/database/rows/table/677/?user_field_names=true&size=2000 "HTTP/1.1 400 Bad Request"
2026-01-08 10:49:03,743 - INFO - HTTP Request: GET https://planilhaandrieli.jords.site/api/database/rows/table/673/?user_field_names=true "HTTP/1.1 200 OK"
2026-01-08 10:49:14,561 - INFO - HTTP Request: GET https://planilhaandrieli.jords.site/api/database/rows/table/673/?user_field_names=true "HTTP/1.1 200 OK"
2026-01-08 10:49:14,563 - INFO - HTTP Request: GET https://planilhaandrieli.jords.site/api/database/rows/table/677/?user_field_names=true&size=2000 "HTTP/1.1 400 Bad Request"
2026-01-08 10:49:23,720 - INFO - HTTP Request: GET https://planilhaandrieli.jords.site/api/database/rows/table/677/?user_field_names=true&size=2000 "HTTP/1.1 400 Bad Request"
2026-01-08 10:49:23,725 - INFO - HTTP Request: GET https://planilhaandrieli.jords.site/api/database/rows/table/673/?user_field_names=true "HTTP/1.1 200 OK"
2026-01-08 10:49:34,014 - INFO - HTTP Request: GET https://planilhaandrieli.jords.site/api/database/rows/table/677/?user_field_names=true&size=2000 "HTTP/1.1 400 Bad Request"
2026-01-08 10:49:34,038 - INFO - HTTP Request: GET https://planilhaandrieli.jords.site/api/database/rows/table/673/?user_field_names=true "HTTP/1.1 200 OK"
2026-01-08 10:49:43,691 - INFO - HTTP Request: GET https://planilhaandrieli.jords.site/api/database/rows/table/677/?user_field_names=true&size=2000 "HTTP/1.1 400 Bad Request"
2026-01-08 10:49:43,710 - INFO - HTTP Request: GET https://planilhaandrieli.jords.site/api/database/rows/table/673/?user_field_names=true "HTTP/1.1 200 OK"
2026-01-08 10:49:54,072 - INFO - HTTP Request: GET https://planilhaandrieli.jords.site/api/database/rows/table/677/?user_field_names=true&size=2000 "HTTP/1.1 400 Bad Request"
2026-01-08 10:49:54,084 - INFO - HTTP Request: GET https://planilhaandrieli.jords.site/api/database/rows/table/673/?user_field_names=true "HTTP/1.1 200 OK"
2026-01-08 10:50:03,701 - INFO - HTTP Request: GET https://planilhaandrieli.jords.site/api/database/rows/table/677/?user_field_names=true&size=2000 "HTTP/1.1 400 Bad Request"
2026-01-08 10:50:03,733 - INFO - HTTP Request: GET https://planilhaandrieli.jords.site/api/database/rows/table/673/?user_field_names=true "HTTP/1.1 200 OK"
2026-01-08 10:50:14,772 - INFO - HTTP Request: GET https://planilhaandrieli.jords.site/api/database/rows/table/677/?user_field_names=true&size=2000 "HTTP/1.1 400 Bad Request"
2026-01-08 10:50:14,831 - INFO - HTTP Request: GET https://planilhaandrieli.jords.site/api/database/rows/table/673/?user_field_names=true "HTTP/1.1 200 OK"
2026-01-08 10:50:23,702 - INFO - HTTP Request: GET https://planilhaandrieli.jords.site/api/database/rows/table/677/?user_field_names=true&size=2000 "HTTP/1.1 400 Bad Request"
2026-01-08 10:50:23,749 - INFO - HTTP Request: GET https://planilhaandrieli.jords.site/api/database/rows/table/673/?user_field_names=true "HTTP/1.1 200 OK"
2026-01-08 10:50:34,877 - INFO - HTTP Request: GET https://planilhaandrieli.jords.site/api/database/rows/table/677/?user_field_names=true&size=2000 "HTTP/1.1 400 Bad Request"
2026-01-08 10:50:34,889 - INFO - HTTP Request: GET https://planilhaandrieli.jords.site/api/database/rows/table/673/?user_field_names=true "HTTP/1.1 200 OK"
2026-01-08 10:50:44,653 - INFO - HTTP Request: GET https://planilhaandrieli.jords.site/api/database/rows/table/677/?user_field_names=true&size=2000 "HTTP/1.1 400 Bad Request"
2026-01-08 10:50:44,674 - INFO - HTTP Request: GET https://planilhaandrieli.jords.site/api/database/rows/table/673/?user_field_names=true "HTTP/1.1 200 OK"
2026-01-08 10:50:53,989 - INFO - HTTP Request: GET https://planilhaandrieli.jords.site/api/database/rows/table/677/?user_field_names=true&size=2000 "HTTP/1.1 400 Bad Request"
2026-01-08 10:50:54,000 - INFO - HTTP Request: GET https://planilhaandrieli.jords.site/api/database/rows/table/673/?user_field_names=true "HTTP/1.1 200 OK"
2026-01-08 10:51:03,712 - INFO - HTTP Request: GET https://planilhaandrieli.jords.site/api/database/rows/table/673/?user_field_names=true "HTTP/1.1 200 OK"
2026-01-08 10:51:03,718 - INFO - HTTP Request: GET https://planilhaandrieli.jords.site/api/database/rows/table/677/?user_field_names=true&size=2000 "HTTP/1.1 400 Bad Request"
2026-01-08 10:52:05,980 - INFO - HTTP Request: GET https://planilhaandrieli.jords.site/api/database/rows/table/677/?user_field_names=true&size=2000 "HTTP/1.1 400 Bad Request"
2026-01-08 10:52:05,998 - INFO - HTTP Request: GET https://planilhaandrieli.jords.site/api/database/rows/table/673/?user_field_names=true "HTTP/1.1 200 OK"
2026-01-08 10:53:07,089 - INFO - HTTP Request: GET https://planilhaandrieli.jords.site/api/database/rows/table/677/?user_field_names=true&size=2000 "HTTP/1.1 400 Bad Request"
2026-01-08 10:53:07,109 - INFO - HTTP Request: GET https://planilhaandrieli.jords.site/api/database/rows/table/673/?user_field_names=true "HTTP/1.1 200 OK"
2026-01-08 10:54:08,055 - INFO - HTTP Request: GET https://planilhaandrieli.jords.site/api/database/rows/table/677/?user_field_names=true&size=2000 "HTTP/1.1 400 Bad Request"
2026-01-08 10:54:08,067 - INFO - HTTP Request: GET https://planilhaandrieli.jords.site/api/database/rows/table/673/?user_field_names=true "HTTP/1.1 200 OK"
2026-01-08 10:55:07,546 - INFO - HTTP Request: GET https://planilhaandrieli.jords.site/api/database/rows/table/677/?user_field_names=true&size=2000 "HTTP/1.1 400 Bad Request"
2026-01-08 10:55:07,572 - INFO - HTTP Request: GET https://planilhaandrieli.jords.site/api/database/rows/table/673/?user_field_names=true "HTTP/1.1 200 OK"
2026-01-08 10:56:07,906 - INFO - HTTP Request: GET https://planilhaandrieli.jords.site/api/database/rows/table/677/?user_field_names=true&size=2000 "HTTP/1.1 400 Bad Request"
2026-01-08 10:56:07,943 - INFO - HTTP Request: GET https://planilhaandrieli.jords.site/api/database/rows/table/673/?user_field_names=true "HTTP/1.1 200 OK"
2026-01-08 10:57:07,585 - INFO - HTTP Request: GET https://planilhaandrieli.jords.site/api/database/rows/table/677/?user_field_names=true&size=2000 "HTTP/1.1 400 Bad Request"
2026-01-08 10:57:07,656 - INFO - HTTP Request: GET https://planilhaandrieli.jords.site/api/database/rows/table/673/?user_field_names=true "HTTP/1.1 200 OK"
2026-01-08 10:58:07,843 - INFO - HTTP Request: GET https://planilhaandrieli.jords.site/api/database/rows/table/677/?user_field_names=true&size=2000 "HTTP/1.1 400 Bad Request"
2026-01-08 10:58:07,865 - INFO - HTTP Request: GET https://planilhaandrieli.jords.site/api/database/rows/table/673/?user_field_names=true "HTTP/1.1 200 OK"
2026-01-08 10:59:07,507 - INFO - HTTP Request: GET https://planilhaandrieli.jords.site/api/database/rows/table/677/?user_field_names=true&size=2000 "HTTP/1.1 400 Bad Request"
2026-01-08 10:59:07,559 - INFO - HTTP Request: GET https://planilhaandrieli.jords.site/api/database/rows/table/673/?user_field_names=true "HTTP/1.1 200 OK"
2026-01-08 11:00:08,163 - INFO - HTTP Request: GET https://planilhaandrieli.jords.site/api/database/rows/table/677/?user_field_names=true&size=2000 "HTTP/1.1 400 Bad Request"
2026-01-08 11:00:08,184 - INFO - HTTP Request: GET https://planilhaandrieli.jords.site/api/database/rows/table/673/?user_field_names=true "HTTP/1.1 200 OK"
2026-01-08 11:11:20,473 - INFO - HTTP Request: GET https://planilhaandrieli.jords.site/api/database/rows/table/678/?user_field_names=true&filter__field_Email__equal=aryarajunity%40gmail.com "HTTP/1.1 200 OK"
2026-01-08 11:11:21,541 - INFO - HTTP Request: GET https://planilhaandrieli.jords.site/api/database/rows/table/678/?user_field_names=true&filter__field_Email__equal=aryarajunity%40gmail.com "HTTP/1.1 200 OK"
2026-01-08 11:11:24,681 - INFO - HTTP Request: GET https://planilhaandrieli.jords.site/api/database/rows/table/677/?user_field_names=true&size=2000 "HTTP/1.1 400 Bad Request"
2026-01-08 11:11:24,761 - INFO - HTTP Request: GET https://planilhaandrieli.jords.site/api/database/rows/table/673/?user_field_names=true "HTTP/1.1 200 OK"
2026-01-08 11:11:24,769 - INFO - HTTP Request: GET https://planilhaandrieli.jords.site/api/database/rows/table/677/?user_field_names=true&size=2000 "HTTP/1.1 400 Bad Request"
2026-01-08 11:11:24,771 - INFO - HTTP Request: GET https://planilhaandrieli.jords.site/api/database/rows/table/673/?user_field_names=true "HTTP/1.1 200 OK"
2026-01-08 11:11:33,277 - INFO - HTTP Request: GET https://planilhaandrieli.jords.site/api/database/rows/table/677/?user_field_names=true&size=2000 "HTTP/1.1 400 Bad Request"
2026-01-08 11:11:33,298 - INFO - HTTP Request: GET https://planilhaandrieli.jords.site/api/database/rows/table/673/?user_field_names=true "HTTP/1.1 200 OK"
2026-01-08 11:11:43,010 - INFO - HTTP Request: GET https://planilhaandrieli.jords.site/api/database/rows/table/677/?user_field_names=true&size=2000 "HTTP/1.1 400 Bad Request"
2026-01-08 11:11:43,024 - INFO - HTTP Request: GET https://planilhaandrieli.jords.site/api/database/rows/table/673/?user_field_names=true "HTTP/1.1 200 OK"
2026-01-08 11:11:52,704 - INFO - HTTP Request: GET https://planilhaandrieli.jords.site/api/database/rows/table/677/?user_field_names=true&size=2000 "HTTP/1.1 400 Bad Request"
2026-01-08 11:11:52,715 - INFO - HTTP Request: GET https://planilhaandrieli.jords.site/api/database/rows/table/673/?user_field_names=true "HTTP/1.1 200 OK"
2026-01-08 11:12:03,053 - INFO - HTTP Request: GET https://planilhaandrieli.jords.site/api/database/rows/table/677/?user_field_names=true&size=2000 "HTTP/1.1 400 Bad Request"
2026-01-08 11:12:03,071 - INFO - HTTP Request: GET https://planilhaandrieli.jords.site/api/database/rows/table/673/?user_field_names=true "HTTP/1.1 200 OK"
2026-01-08 11:12:12,926 - INFO - HTTP Request: GET https://planilhaandrieli.jords.site/api/database/rows/table/677/?user_field_names=true&size=2000 "HTTP/1.1 400 Bad Request"
2026-01-08 11:12:12,938 - INFO - HTTP Request: GET https://planilhaandrieli.jords.site/api/database/rows/table/673/?user_field_names=true "HTTP/1.1 200 OK"
2026-01-08 11:12:23,248 - INFO - HTTP Request: GET https://planilhaandrieli.jords.site/api/database/rows/table/677/?user_field_names=true&size=2000 "HTTP/1.1 400 Bad Request"
2026-01-08 11:12:23,515 - INFO - HTTP Request: GET https://planilhaandrieli.jords.site/api/database/rows/table/673/?user_field_names=true "HTTP/1.1 200 OK"
2026-01-08 11:12:32,931 - INFO - HTTP Request: GET https://planilhaandrieli.jords.site/api/database/rows/table/677/?user_field_names=true&size=2000 "HTTP/1.1 400 Bad Request"
2026-01-08 11:12:32,951 - INFO - HTTP Request: GET https://planilhaandrieli.jords.site/api/database/rows/table/673/?user_field_names=true "HTTP/1.1 200 OK"
2026-01-08 11:12:43,447 - INFO - HTTP Request: GET https://planilhaandrieli.jords.site/api/database/rows/table/677/?user_field_names=true&size=2000 "HTTP/1.1 400 Bad Request"
2026-01-08 11:12:43,465 - INFO - HTTP Request: GET https://planilhaandrieli.jords.site/api/database/rows/table/673/?user_field_names=true "HTTP/1.1 200 OK"
2026-01-08 11:12:53,022 - INFO - HTTP Request: GET https://planilhaandrieli.jords.site/api/database/rows/table/677/?user_field_names=true&size=2000 "HTTP/1.1 400 Bad Request"
2026-01-08 11:12:53,040 - INFO - HTTP Request: GET https://planilhaandrieli.jords.site/api/database/rows/table/673/?user_field_names=true "HTTP/1.1 200 OK"
2026-01-08 11:13:03,314 - INFO - HTTP Request: GET https://planilhaandrieli.jords.site/api/database/rows/table/677/?user_field_names=true&size=2000 "HTTP/1.1 400 Bad Request"
2026-01-08 11:13:03,358 - INFO - HTTP Request: GET https://planilhaandrieli.jords.site/api/database/rows/table/673/?user_field_names=true "HTTP/1.1 200 OK"
2026-01-08 11:13:17,331 - INFO - HTTP Request: GET https://planilhaandrieli.jords.site/api/database/rows/table/678/?user_field_names=true&filter__field_Email__equal=aryarajunity%40gmail.com "HTTP/1.1 200 OK"
2026-01-08 11:13:18,092 - INFO - HTTP Request: GET https://planilhaandrieli.jords.site/api/database/rows/table/678/?user_field_names=true&filter__field_Email__equal=aryarajunity%40gmail.com "HTTP/1.1 200 OK"
2026-01-08 11:13:19,796 - INFO - HTTP Request: GET https://planilhaandrieli.jords.site/api/database/rows/table/673/?user_field_names=true "HTTP/1.1 200 OK"
2026-01-08 11:13:19,870 - INFO - HTTP Request: GET https://planilhaandrieli.jords.site/api/database/rows/table/673/?user_field_names=true "HTTP/1.1 200 OK"
2026-01-08 11:13:19,871 - INFO - HTTP Request: GET https://planilhaandrieli.jords.site/api/database/rows/table/677/?user_field_names=true&size=2000 "HTTP/1.1 400 Bad Request"
2026-01-08 11:13:19,872 - INFO - HTTP Request: GET https://planilhaandrieli.jords.site/api/database/rows/table/677/?user_field_names=true&size=2000 "HTTP/1.1 400 Bad Request"
2026-01-08 11:13:29,155 - INFO - HTTP Request: GET https://planilhaandrieli.jords.site/api/database/rows/table/677/?user_field_names=true&size=2000 "HTTP/1.1 400 Bad Request"
2026-01-08 11:13:29,165 - INFO - HTTP Request: GET https://planilhaandrieli.jords.site/api/database/rows/table/673/?user_field_names=true "HTTP/1.1 200 OK"
2026-01-08 11:13:39,478 - INFO - HTTP Request: GET https://planilhaandrieli.jords.site/api/database/rows/table/677/?user_field_names=true&size=2000 "HTTP/1.1 400 Bad Request"
2026-01-08 11:13:39,499 - INFO - HTTP Request: GET https://planilhaandrieli.jords.site/api/database/rows/table/673/?user_field_names=true "HTTP/1.1 200 OK"
2026-01-08 11:13:49,304 - INFO - HTTP Request: GET https://planilhaandrieli.jords.site/api/database/rows/table/677/?user_field_names=true&size=2000 "HTTP/1.1 400 Bad Request"
2026-01-08 11:13:49,367 - INFO - HTTP Request: GET https://planilhaandrieli.jords.site/api/database/rows/table/673/?user_field_names=true "HTTP/1.1 200 OK"
2026-01-08 11:13:59,362 - INFO - HTTP Request: GET https://planilhaandrieli.jords.site/api/database/rows/table/677/?user_field_names=true&size=2000 "HTTP/1.1 400 Bad Request"
2026-01-08 11:13:59,373 - INFO - HTTP Request: GET https://planilhaandrieli.jords.site/api/database/rows/table/673/?user_field_names=true "HTTP/1.1 200 OK"
2026-01-08 11:14:04,214 - INFO - HTTP Request: GET https://planilhaandrieli.jords.site/api/database/rows/table/677/?user_field_names=true&size=2000 "HTTP/1.1 400 Bad Request"
2026-01-08 11:14:04,476 - INFO - HTTP Request: GET https://planilhaandrieli.jords.site/api/database/rows/table/673/?user_field_names=true "HTTP/1.1 200 OK"
2026-01-08 11:14:09,195 - INFO - HTTP Request: GET https://planilhaandrieli.jords.site/api/database/rows/table/677/?user_field_names=true&size=2000 "HTTP/1.1 400 Bad Request"
2026-01-08 11:14:09,269 - INFO - HTTP Request: GET https://planilhaandrieli.jords.site/api/database/rows/table/673/?user_field_names=true "HTTP/1.1 200 OK"
2026-01-08 11:14:19,530 - INFO - HTTP Request: GET https://planilhaandrieli.jords.site/api/database/rows/table/677/?user_field_names=true&size=2000 "HTTP/1.1 400 Bad Request"
2026-01-08 11:14:19,543 - INFO - HTTP Request: GET https://planilhaandrieli.jords.site/api/database/rows/table/673/?user_field_names=true "HTTP/1.1 200 OK"
2026-01-08 11:14:29,469 - INFO - HTTP Request: GET https://planilhaandrieli.jords.site/api/database/rows/table/677/?user_field_names=true&size=2000 "HTTP/1.1 400 Bad Request"
2026-01-08 11:14:29,499 - INFO - HTTP Request: GET https://planilhaandrieli.jords.site/api/database/rows/table/673/?user_field_names=true "HTTP/1.1 200 OK"
2026-01-08 11:14:39,945 - INFO - HTTP Request: GET https://planilhaandrieli.jords.site/api/database/rows/table/677/?user_field_names=true&size=2000 "HTTP/1.1 400 Bad Request"
2026-01-08 11:14:39,959 - INFO - HTTP Request: GET https://planilhaandrieli.jords.site/api/database/rows/table/673/?user_field_names=true "HTTP/1.1 200 OK"
2026-01-08 11:14:49,482 - INFO - HTTP Request: GET https://planilhaandrieli.jords.site/api/database/rows/table/677/?user_field_names=true&size=2000 "HTTP/1.1 400 Bad Request"
2026-01-08 11:14:49,497 - INFO - HTTP Request: GET https://planilhaandrieli.jords.site/api/database/rows/table/673/?user_field_names=true "HTTP/1.1 200 OK"
2026-01-08 11:14:59,934 - INFO - HTTP Request: GET https://planilhaandrieli.jords.site/api/database/rows/table/673/?user_field_names=true "HTTP/1.1 200 OK"
2026-01-08 11:14:59,946 - INFO - HTTP Request: GET https://planilhaandrieli.jords.site/api/database/rows/table/677/?user_field_names=true&size=2000 "HTTP/1.1 400 Bad Request"
2026-01-08 11:15:05,818 - INFO - HTTP Request: GET https://planilhaandrieli.jords.site/api/database/rows/table/677/?user_field_names=true&size=2000 "HTTP/1.1 400 Bad Request"
2026-01-08 11:15:05,871 - INFO - HTTP Request: GET https://planilhaandrieli.jords.site/api/database/rows/table/673/?user_field_names=true "HTTP/1.1 200 OK"
2026-01-08 11:15:09,646 - INFO - HTTP Request: GET https://planilhaandrieli.jords.site/api/database/rows/table/677/?user_field_names=true&size=2000 "HTTP/1.1 400 Bad Request"
2026-01-08 11:15:09,663 - INFO - HTTP Request: GET https://planilhaandrieli.jords.site/api/database/rows/table/673/?user_field_names=true "HTTP/1.1 200 OK"
2026-01-08 11:15:19,885 - INFO - HTTP Request: GET https://planilhaandrieli.jords.site/api/database/rows/table/677/?user_field_names=true&size=2000 "HTTP/1.1 400 Bad Request"
2026-01-08 11:15:19,909 - INFO - HTTP Request: GET https://planilhaandrieli.jords.site/api/database/rows/table/673/?user_field_names=true "HTTP/1.1 200 OK"
2026-01-08 11:15:29,707 - INFO - HTTP Request: GET https://planilhaandrieli.jords.site/api/database/rows/table/677/?user_field_names=true&size=2000 "HTTP/1.1 400 Bad Request"
2026-01-08 11:15:29,720 - INFO - HTTP Request: GET https://planilhaandrieli.jords.site/api/database/rows/table/673/?user_field_names=true "HTTP/1.1 200 OK"
2026-01-08 11:15:39,510 - INFO - HTTP Request: GET https://planilhaandrieli.jords.site/api/database/rows/table/677/?user_field_names=true&size=2000 "HTTP/1.1 400 Bad Request"
2026-01-08 11:15:39,567 - INFO - HTTP Request: GET https://planilhaandrieli.jords.site/api/database/rows/table/673/?user_field_names=true "HTTP/1.1 200 OK"
2026-01-08 11:15:49,046 - INFO - HTTP Request: GET https://planilhaandrieli.jords.site/api/database/rows/table/677/?user_field_names=true&size=2000 "HTTP/1.1 400 Bad Request"
2026-01-08 11:15:49,061 - INFO - HTTP Request: GET https://planilhaandrieli.jords.site/api/database/rows/table/673/?user_field_names=true "HTTP/1.1 200 OK"
2026-01-08 11:16:00,485 - INFO - HTTP Request: GET https://planilhaandrieli.jords.site/api/database/rows/table/677/?user_field_names=true&size=2000 "HTTP/1.1 400 Bad Request"
2026-01-08 11:16:00,504 - INFO - HTTP Request: GET https://planilhaandrieli.jords.site/api/database/rows/table/673/?user_field_names=true "HTTP/1.1 200 OK"
2026-01-08 11:16:06,211 - INFO - HTTP Request: GET https://planilhaandrieli.jords.site/api/database/rows/table/677/?user_field_names=true&size=2000 "HTTP/1.1 400 Bad Request"
2026-01-08 11:16:06,287 - INFO - HTTP Request: GET https://planilhaandrieli.jords.site/api/database/rows/table/673/?user_field_names=true "HTTP/1.1 200 OK"
2026-01-08 11:16:09,137 - INFO - HTTP Request: GET https://planilhaandrieli.jords.site/api/database/rows/table/677/?user_field_names=true&size=2000 "HTTP/1.1 400 Bad Request"
2026-01-08 11:16:09,159 - INFO - HTTP Request: GET https://planilhaandrieli.jords.site/api/database/rows/table/673/?user_field_names=true "HTTP/1.1 200 OK"
2026-01-08 11:16:19,349 - INFO - HTTP Request: GET https://planilhaandrieli.jords.site/api/database/rows/table/677/?user_field_names=true&size=2000 "HTTP/1.1 400 Bad Request"
2026-01-08 11:16:19,372 - INFO - HTTP Request: GET https://planilhaandrieli.jords.site/api/database/rows/table/673/?user_field_names=true "HTTP/1.1 200 OK"
2026-01-08 11:16:29,148 - INFO - HTTP Request: GET https://planilhaandrieli.jords.site/api/database/rows/table/677/?user_field_names=true&size=2000 "HTTP/1.1 400 Bad Request"
2026-01-08 11:16:29,169 - INFO - HTTP Request: GET https://planilhaandrieli.jords.site/api/database/rows/table/673/?user_field_names=true "HTTP/1.1 200 OK"
2026-01-08 11:16:40,171 - INFO - HTTP Request: GET https://planilhaandrieli.jords.site/api/database/rows/table/673/?user_field_names=true "HTTP/1.1 200 OK"
2026-01-08 11:16:40,176 - INFO - HTTP Request: GET https://planilhaandrieli.jords.site/api/database/rows/table/677/?user_field_names=true&size=2000 "HTTP/1.1 400 Bad Request"
2026-01-08 11:16:40,302 - INFO - HTTP Request: GET https://planilhaandrieli.jords.site/api/database/rows/table/673/?user_field_names=true "HTTP/1.1 200 OK"
2026-01-08 11:16:40,306 - INFO - HTTP Request: GET https://planilhaandrieli.jords.site/api/database/rows/table/677/?user_field_names=true&size=2000 "HTTP/1.1 400 Bad Request"
2026-01-08 11:16:43,844 - INFO - HTTP Request: GET https://planilhaandrieli.jords.site/api/database/rows/table/677/?user_field_names=true&size=2000 "HTTP/1.1 400 Bad Request"
2026-01-08 11:16:43,874 - INFO - HTTP Request: GET https://planilhaandrieli.jords.site/api/database/rows/table/673/?user_field_names=true "HTTP/1.1 200 OK"
2026-01-08 11:16:50,354 - INFO - HTTP Request: GET https://planilhaandrieli.jords.site/api/database/rows/table/677/?user_field_names=true&size=2000 "HTTP/1.1 400 Bad Request"
2026-01-08 11:16:50,371 - INFO - HTTP Request: GET https://planilhaandrieli.jords.site/api/database/rows/table/673/?user_field_names=true "HTTP/1.1 200 OK"
2026-01-08 11:16:53,248 - INFO - HTTP Request: GET https://planilhaandrieli.jords.site/api/database/rows/table/677/?user_field_names=true&size=2000 "HTTP/1.1 400 Bad Request"
2026-01-08 11:16:53,268 - INFO - HTTP Request: GET https://planilhaandrieli.jords.site/api/database/rows/table/673/?user_field_names=true "HTTP/1.1 200 OK"
2026-01-08 11:16:58,944 - INFO - HTTP Request: GET https://planilhaandrieli.jords.site/api/database/rows/table/677/?user_field_names=true&size=2000 "HTTP/1.1 400 Bad Request"
2026-01-08 11:16:58,966 - INFO - HTTP Request: GET https://planilhaandrieli.jords.site/api/database/rows/table/673/?user_field_names=true "HTTP/1.1 200 OK"
2026-01-08 11:17:02,747 - INFO - HTTP Request: GET https://planilhaandrieli.jords.site/api/database/rows/table/677/?user_field_names=true&size=2000 "HTTP/1.1 400 Bad Request"
2026-01-08 11:17:02,765 - INFO - HTTP Request: GET https://planilhaandrieli.jords.site/api/database/rows/table/673/?user_field_names=true "HTTP/1.1 200 OK"
2026-01-08 11:17:09,266 - INFO - HTTP Request: GET https://planilhaandrieli.jords.site/api/database/rows/table/677/?user_field_names=true&size=2000 "HTTP/1.1 400 Bad Request"
2026-01-08 11:17:09,292 - INFO - HTTP Request: GET https://planilhaandrieli.jords.site/api/database/rows/table/673/?user_field_names=true "HTTP/1.1 200 OK"
2026-01-08 11:17:13,042 - INFO - HTTP Request: GET https://planilhaandrieli.jords.site/api/database/rows/table/677/?user_field_names=true&size=2000 "HTTP/1.1 400 Bad Request"
2026-01-08 11:17:13,066 - INFO - HTTP Request: GET https://planilhaandrieli.jords.site/api/database/rows/table/673/?user_field_names=true "HTTP/1.1 200 OK"
2026-01-08 11:17:18,934 - INFO - HTTP Request: GET https://planilhaandrieli.jords.site/api/database/rows/table/677/?user_field_names=true&size=2000 "HTTP/1.1 400 Bad Request"
2026-01-08 11:17:18,955 - INFO - HTTP Request: GET https://planilhaandrieli.jords.site/api/database/rows/table/673/?user_field_names=true "HTTP/1.1 200 OK"
2026-01-08 11:17:22,740 - INFO - HTTP Request: GET https://planilhaandrieli.jords.site/api/database/rows/table/677/?user_field_names=true&size=2000 "HTTP/1.1 400 Bad Request"
2026-01-08 11:17:22,774 - INFO - HTTP Request: GET https://planilhaandrieli.jords.site/api/database/rows/table/673/?user_field_names=true "HTTP/1.1 200 OK"
2026-01-08 11:17:29,208 - INFO - HTTP Request: GET https://planilhaandrieli.jords.site/api/database/rows/table/677/?user_field_names=true&size=2000 "HTTP/1.1 400 Bad Request"
2026-01-08 11:17:29,236 - INFO - HTTP Request: GET https://planilhaandrieli.jords.site/api/database/rows/table/673/?user_field_names=true "HTTP/1.1 200 OK"
2026-01-08 11:17:33,099 - INFO - HTTP Request: GET https://planilhaandrieli.jords.site/api/database/rows/table/677/?user_field_names=true&size=2000 "HTTP/1.1 400 Bad Request"
2026-01-08 11:17:33,113 - INFO - HTTP Request: GET https://planilhaandrieli.jords.site/api/database/rows/table/673/?user_field_names=true "HTTP/1.1 200 OK"
2026-01-08 11:17:38,320 - INFO - HTTP Request: GET https://planilhaandrieli.jords.site/api/database/rows/table/677/?user_field_names=true&size=2000 "HTTP/1.1 400 Bad Request"
2026-01-08 11:17:38,330 - INFO - HTTP Request: GET https://planilhaandrieli.jords.site/api/database/rows/table/673/?user_field_names=true "HTTP/1.1 200 OK"
2026-01-08 11:17:38,903 - INFO - HTTP Request: GET https://planilhaandrieli.jords.site/api/database/rows/table/677/?user_field_names=true&size=2000 "HTTP/1.1 400 Bad Request"
2026-01-08 11:17:38,904 - INFO - HTTP Request: GET https://planilhaandrieli.jords.site/api/database/rows/table/673/?user_field_names=true "HTTP/1.1 200 OK"
2026-01-08 11:17:39,312 - INFO - HTTP Request: GET https://planilhaandrieli.jords.site/api/database/rows/table/677/?user_field_names=true&size=2000 "HTTP/1.1 400 Bad Request"
2026-01-08 11:17:39,325 - INFO - HTTP Request: GET https://planilhaandrieli.jords.site/api/database/rows/table/673/?user_field_names=true "HTTP/1.1 200 OK"
2026-01-08 11:17:48,574 - INFO - HTTP Request: GET https://planilhaandrieli.jords.site/api/database/rows/table/673/?user_field_names=true "HTTP/1.1 200 OK"
2026-01-08 11:17:48,576 - INFO - HTTP Request: GET https://planilhaandrieli.jords.site/api/database/rows/table/677/?user_field_names=true&size=2000 "HTTP/1.1 400 Bad Request"
2026-01-08 11:17:49,449 - INFO - HTTP Request: GET https://planilhaandrieli.jords.site/api/database/rows/table/677/?user_field_names=true&size=2000 "HTTP/1.1 400 Bad Request"
2026-01-08 11:17:49,475 - INFO - HTTP Request: GET https://planilhaandrieli.jords.site/api/database/rows/table/673/?user_field_names=true "HTTP/1.1 200 OK"
2026-01-08 11:17:49,544 - INFO - HTTP Request: GET https://planilhaandrieli.jords.site/api/database/rows/table/677/?user_field_names=true&size=2000 "HTTP/1.1 400 Bad Request"
2026-01-08 11:17:49,577 - INFO - HTTP Request: GET https://planilhaandrieli.jords.site/api/database/rows/table/673/?user_field_names=true "HTTP/1.1 200 OK"
2026-01-08 11:17:50,904 - INFO - HTTP Request: GET https://planilhaandrieli.jords.site/api/database/rows/table/677/?user_field_names=true&size=2000 "HTTP/1.1 400 Bad Request"
2026-01-08 11:17:50,906 - INFO - HTTP Request: GET https://planilhaandrieli.jords.site/api/database/rows/table/673/?user_field_names=true "HTTP/1.1 200 OK"
2026-01-08 11:17:59,659 - INFO - HTTP Request: GET https://planilhaandrieli.jords.site/api/database/rows/table/677/?user_field_names=true&size=2000 "HTTP/1.1 400 Bad Request"
2026-01-08 11:17:59,669 - INFO - HTTP Request: GET https://planilhaandrieli.jords.site/api/database/rows/table/673/?user_field_names=true "HTTP/1.1 200 OK"
2026-01-08 11:17:59,755 - INFO - HTTP Request: GET https://planilhaandrieli.jords.site/api/database/rows/table/677/?user_field_names=true&size=2000 "HTTP/1.1 400 Bad Request"
2026-01-08 11:17:59,768 - INFO - HTTP Request: GET https://planilhaandrieli.jords.site/api/database/rows/table/673/?user_field_names=true "HTTP/1.1 200 OK"
2026-01-08 11:18:07,094 - INFO - HTTP Request: GET https://planilhaandrieli.jords.site/api/database/rows/table/677/?user_field_names=true&size=2000 "HTTP/1.1 400 Bad Request"
2026-01-08 11:18:07,122 - INFO - HTTP Request: GET https://planilhaandrieli.jords.site/api/database/rows/table/673/?user_field_names=true "HTTP/1.1 200 OK"
2026-01-08 11:18:10,383 - INFO - HTTP Request: GET https://planilhaandrieli.jords.site/api/database/rows/table/677/?user_field_names=true&size=2000 "HTTP/1.1 400 Bad Request"
2026-01-08 11:18:10,397 - INFO - HTTP Request: GET https://planilhaandrieli.jords.site/api/database/rows/table/673/?user_field_names=true "HTTP/1.1 200 OK"
2026-01-08 11:18:10,501 - INFO - HTTP Request: GET https://planilhaandrieli.jords.site/api/database/rows/table/677/?user_field_names=true&size=2000 "HTTP/1.1 400 Bad Request"
2026-01-08 11:18:10,520 - INFO - HTTP Request: GET https://planilhaandrieli.jords.site/api/database/rows/table/673/?user_field_names=true "HTTP/1.1 200 OK"
2026-01-08 11:18:20,549 - INFO - HTTP Request: GET https://planilhaandrieli.jords.site/api/database/rows/table/677/?user_field_names=true&size=2000 "HTTP/1.1 400 Bad Request"
2026-01-08 11:18:20,561 - INFO - HTTP Request: GET https://planilhaandrieli.jords.site/api/database/rows/table/673/?user_field_names=true "HTTP/1.1 200 OK"
2026-01-08 11:18:20,701 - INFO - HTTP Request: GET https://planilhaandrieli.jords.site/api/database/rows/table/677/?user_field_names=true&size=2000 "HTTP/1.1 400 Bad Request"
2026-01-08 11:18:20,726 - INFO - HTTP Request: GET https://planilhaandrieli.jords.site/api/database/rows/table/673/?user_field_names=true "HTTP/1.1 200 OK"
2026-01-08 11:18:30,559 - INFO - HTTP Request: GET https://planilhaandrieli.jords.site/api/database/rows/table/677/?user_field_names=true&size=2000 "HTTP/1.1 400 Bad Request"
2026-01-08 11:18:30,594 - INFO - HTTP Request: GET https://planilhaandrieli.jords.site/api/database/rows/table/673/?user_field_names=true "HTTP/1.1 200 OK"
2026-01-08 11:18:30,655 - INFO - HTTP Request: GET https://planilhaandrieli.jords.site/api/database/rows/table/677/?user_field_names=true&size=2000 "HTTP/1.1 400 Bad Request"
2026-01-08 11:18:30,673 - INFO - HTTP Request: GET https://planilhaandrieli.jords.site/api/database/rows/table/673/?user_field_names=true "HTTP/1.1 200 OK"
2026-01-08 11:18:40,650 - INFO - HTTP Request: GET https://planilhaandrieli.jords.site/api/database/rows/table/677/?user_field_names=true&size=2000 "HTTP/1.1 400 Bad Request"
2026-01-08 11:18:40,669 - INFO - HTTP Request: GET https://planilhaandrieli.jords.site/api/database/rows/table/673/?user_field_names=true "HTTP/1.1 200 OK"
2026-01-08 11:18:40,670 - INFO - HTTP Request: GET https://planilhaandrieli.jords.site/api/database/rows/table/677/?user_field_names=true&size=2000 "HTTP/1.1 400 Bad Request"
2026-01-08 11:18:40,682 - INFO - HTTP Request: GET https://planilhaandrieli.jords.site/api/database/rows/table/673/?user_field_names=true "HTTP/1.1 200 OK"
2026-01-08 11:18:50,836 - INFO - HTTP Request: GET https://planilhaandrieli.jords.site/api/database/rows/table/677/?user_field_names=true&size=2000 "HTTP/1.1 400 Bad Request"
2026-01-08 11:18:50,854 - INFO - HTTP Request: GET https://planilhaandrieli.jords.site/api/database/rows/table/673/?user_field_names=true "HTTP/1.1 200 OK"
2026-01-08 11:18:50,954 - INFO - HTTP Request: GET https://planilhaandrieli.jords.site/api/database/rows/table/677/?user_field_names=true&size=2000 "HTTP/1.1 400 Bad Request"
2026-01-08 11:18:50,996 - INFO - HTTP Request: GET https://planilhaandrieli.jords.site/api/database/rows/table/673/?user_field_names=true "HTTP/1.1 200 OK"
2026-01-08 11:19:00,575 - INFO - HTTP Request: GET https://planilhaandrieli.jords.site/api/database/rows/table/677/?user_field_names=true&size=2000 "HTTP/1.1 400 Bad Request"
2026-01-08 11:19:00,595 - INFO - HTTP Request: GET https://planilhaandrieli.jords.site/api/database/rows/table/673/?user_field_names=true "HTTP/1.1 200 OK"
2026-01-08 11:19:00,676 - INFO - HTTP Request: GET https://planilhaandrieli.jords.site/api/database/rows/table/677/?user_field_names=true&size=2000 "HTTP/1.1 400 Bad Request"
2026-01-08 11:19:00,694 - INFO - HTTP Request: GET https://planilhaandrieli.jords.site/api/database/rows/table/673/?user_field_names=true "HTTP/1.1 200 OK"
2026-01-08 11:19:07,891 - INFO - HTTP Request: GET https://planilhaandrieli.jords.site/api/database/rows/table/677/?user_field_names=true&size=2000 "HTTP/1.1 400 Bad Request"
2026-01-08 11:19:07,898 - INFO - HTTP Request: GET https://planilhaandrieli.jords.site/api/database/rows/table/673/?user_field_names=true "HTTP/1.1 200 OK"
2026-01-08 11:19:10,590 - INFO - HTTP Request: GET https://planilhaandrieli.jords.site/api/database/rows/table/677/?user_field_names=true&size=2000 "HTTP/1.1 400 Bad Request"
2026-01-08 11:19:10,618 - INFO - HTTP Request: GET https://planilhaandrieli.jords.site/api/database/rows/table/673/?user_field_names=true "HTTP/1.1 200 OK"
2026-01-08 11:19:10,704 - INFO - HTTP Request: GET https://planilhaandrieli.jords.site/api/database/rows/table/677/?user_field_names=true&size=2000 "HTTP/1.1 400 Bad Request"
2026-01-08 11:19:10,731 - INFO - HTTP Request: GET https://planilhaandrieli.jords.site/api/database/rows/table/673/?user_field_names=true "HTTP/1.1 200 OK"
2026-01-08 11:19:21,022 - INFO - HTTP Request: GET https://planilhaandrieli.jords.site/api/database/rows/table/677/?user_field_names=true&size=2000 "HTTP/1.1 400 Bad Request"
2026-01-08 11:19:21,032 - INFO - HTTP Request: GET https://planilhaandrieli.jords.site/api/database/rows/table/673/?user_field_names=true "HTTP/1.1 200 OK"
2026-01-08 11:19:21,124 - INFO - HTTP Request: GET https://planilhaandrieli.jords.site/api/database/rows/table/673/?user_field_names=true "HTTP/1.1 200 OK"
2026-01-08 11:19:21,126 - INFO - HTTP Request: GET https://planilhaandrieli.jords.site/api/database/rows/table/677/?user_field_names=true&size=2000 "HTTP/1.1 400 Bad Request"
2026-01-08 11:19:33,034 - INFO - HTTP Request: GET https://planilhaandrieli.jords.site/api/database/rows/table/677/?user_field_names=true&size=2000 "HTTP/1.1 400 Bad Request"
2026-01-08 11:19:33,056 - INFO - HTTP Request: GET https://planilhaandrieli.jords.site/api/database/rows/table/673/?user_field_names=true "HTTP/1.1 200 OK"
2026-01-08 11:19:33,138 - INFO - HTTP Request: GET https://planilhaandrieli.jords.site/api/database/rows/table/677/?user_field_names=true&size=2000 "HTTP/1.1 400 Bad Request"
2026-01-08 11:19:33,157 - INFO - HTTP Request: GET https://planilhaandrieli.jords.site/api/database/rows/table/673/?user_field_names=true "HTTP/1.1 200 OK"
2026-01-08 11:19:42,065 - INFO - HTTP Request: GET https://planilhaandrieli.jords.site/api/database/rows/table/677/?user_field_names=true&size=2000 "HTTP/1.1 400 Bad Request"
2026-01-08 11:19:42,081 - INFO - HTTP Request: GET https://planilhaandrieli.jords.site/api/database/rows/table/673/?user_field_names=true "HTTP/1.1 200 OK"
2026-01-08 11:19:42,195 - INFO - HTTP Request: GET https://planilhaandrieli.jords.site/api/database/rows/table/677/?user_field_names=true&size=2000 "HTTP/1.1 400 Bad Request"
2026-01-08 11:19:42,212 - INFO - HTTP Request: GET https://planilhaandrieli.jords.site/api/database/rows/table/673/?user_field_names=true "HTTP/1.1 200 OK"
2026-01-08 11:19:50,681 - INFO - HTTP Request: GET https://planilhaandrieli.jords.site/api/database/rows/table/677/?user_field_names=true&size=2000 "HTTP/1.1 400 Bad Request"
2026-01-08 11:19:50,718 - INFO - HTTP Request: GET https://planilhaandrieli.jords.site/api/database/rows/table/673/?user_field_names=true "HTTP/1.1 200 OK"
2026-01-08 11:19:50,801 - INFO - HTTP Request: GET https://planilhaandrieli.jords.site/api/database/rows/table/673/?user_field_names=true "HTTP/1.1 200 OK"
2026-01-08 11:19:50,806 - INFO - HTTP Request: GET https://planilhaandrieli.jords.site/api/database/rows/table/677/?user_field_names=true&size=2000 "HTTP/1.1 400 Bad Request"
2026-01-08 11:19:59,576 - INFO - HTTP Request: GET https://planilhaandrieli.jords.site/api/database/rows/table/677/?user_field_names=true&size=2000 "HTTP/1.1 400 Bad Request"
2026-01-08 11:19:59,590 - INFO - HTTP Request: GET https://planilhaandrieli.jords.site/api/database/rows/table/673/?user_field_names=true "HTTP/1.1 200 OK"
2026-01-08 11:19:59,674 - INFO - HTTP Request: GET https://planilhaandrieli.jords.site/api/database/rows/table/677/?user_field_names=true&size=2000 "HTTP/1.1 400 Bad Request"
2026-01-08 11:19:59,706 - INFO - HTTP Request: GET https://planilhaandrieli.jords.site/api/database/rows/table/673/?user_field_names=true "HTTP/1.1 200 OK"
2026-01-08 11:20:06,862 - INFO - HTTP Request: GET https://planilhaandrieli.jords.site/api/database/rows/table/677/?user_field_names=true&size=2000 "HTTP/1.1 400 Bad Request"
2026-01-08 11:20:06,875 - INFO - HTTP Request: GET https://planilhaandrieli.jords.site/api/database/rows/table/673/?user_field_names=true "HTTP/1.1 200 OK"
2026-01-08 11:20:09,636 - INFO - HTTP Request: GET https://planilhaandrieli.jords.site/api/database/rows/table/677/?user_field_names=true&size=2000 "HTTP/1.1 400 Bad Request"
2026-01-08 11:20:09,650 - INFO - HTTP Request: GET https://planilhaandrieli.jords.site/api/database/rows/table/673/?user_field_names=true "HTTP/1.1 200 OK"
2026-01-08 11:20:09,708 - INFO - HTTP Request: GET https://planilhaandrieli.jords.site/api/database/rows/table/673/?user_field_names=true "HTTP/1.1 200 OK"
2026-01-08 11:20:09,742 - INFO - HTTP Request: GET https://planilhaandrieli.jords.site/api/database/rows/table/677/?user_field_names=true&size=2000 "HTTP/1.1 400 Bad Request"
2026-01-08 11:20:19,320 - INFO - HTTP Request: GET https://planilhaandrieli.jords.site/api/database/rows/table/677/?user_field_names=true&size=2000 "HTTP/1.1 400 Bad Request"
2026-01-08 11:20:19,336 - INFO - HTTP Request: GET https://planilhaandrieli.jords.site/api/database/rows/table/673/?user_field_names=true "HTTP/1.1 200 OK"
2026-01-08 11:20:19,460 - INFO - HTTP Request: GET https://planilhaandrieli.jords.site/api/database/rows/table/677/?user_field_names=true&size=2000 "HTTP/1.1 400 Bad Request"
2026-01-08 11:20:19,480 - INFO - HTTP Request: GET https://planilhaandrieli.jords.site/api/database/rows/table/673/?user_field_names=true "HTTP/1.1 200 OK"
2026-01-08 11:20:32,645 - INFO - HTTP Request: GET https://planilhaandrieli.jords.site/api/database/rows/table/677/?user_field_names=true&size=2000 "HTTP/1.1 400 Bad Request"
2026-01-08 11:20:32,671 - INFO - HTTP Request: GET https://planilhaandrieli.jords.site/api/database/rows/table/677/?user_field_names=true&size=2000 "HTTP/1.1 400 Bad Request"
2026-01-08 11:20:32,677 - INFO - HTTP Request: GET https://planilhaandrieli.jords.site/api/database/rows/table/673/?user_field_names=true "HTTP/1.1 200 OK"
2026-01-08 11:20:32,677 - INFO - HTTP Request: GET https://planilhaandrieli.jords.site/api/database/rows/table/673/?user_field_names=true "HTTP/1.1 200 OK"
2026-01-08 11:20:39,415 - INFO - HTTP Request: GET https://planilhaandrieli.jords.site/api/database/rows/table/677/?user_field_names=true&size=2000 "HTTP/1.1 400 Bad Request"
2026-01-08 11:20:39,452 - INFO - HTTP Request: GET https://planilhaandrieli.jords.site/api/database/rows/table/673/?user_field_names=true "HTTP/1.1 200 OK"
2026-01-08 11:20:39,514 - INFO - HTTP Request: GET https://planilhaandrieli.jords.site/api/database/rows/table/677/?user_field_names=true&size=2000 "HTTP/1.1 400 Bad Request"
2026-01-08 11:20:39,543 - INFO - HTTP Request: GET https://planilhaandrieli.jords.site/api/database/rows/table/673/?user_field_names=true "HTTP/1.1 200 OK"
2026-01-08 11:20:49,105 - INFO - HTTP Request: GET https://planilhaandrieli.jords.site/api/database/rows/table/677/?user_field_names=true&size=2000 "HTTP/1.1 400 Bad Request"
2026-01-08 11:20:49,145 - INFO - HTTP Request: GET https://planilhaandrieli.jords.site/api/database/rows/table/673/?user_field_names=true "HTTP/1.1 200 OK"
2026-01-08 11:20:49,218 - INFO - HTTP Request: GET https://planilhaandrieli.jords.site/api/database/rows/table/677/?user_field_names=true&size=2000 "HTTP/1.1 400 Bad Request"
2026-01-08 11:20:49,234 - INFO - HTTP Request: GET https://planilhaandrieli.jords.site/api/database/rows/table/673/?user_field_names=true "HTTP/1.1 200 OK"
2026-01-08 11:20:59,852 - INFO - HTTP Request: GET https://planilhaandrieli.jords.site/api/database/rows/table/677/?user_field_names=true&size=2000 "HTTP/1.1 400 Bad Request"
2026-01-08 11:20:59,856 - INFO - HTTP Request: GET https://planilhaandrieli.jords.site/api/database/rows/table/673/?user_field_names=true "HTTP/1.1 200 OK"
2026-01-08 11:20:59,868 - INFO - HTTP Request: GET https://planilhaandrieli.jords.site/api/database/rows/table/673/?user_field_names=true "HTTP/1.1 200 OK"
2026-01-08 11:20:59,883 - INFO - HTTP Request: GET https://planilhaandrieli.jords.site/api/database/rows/table/677/?user_field_names=true&size=2000 "HTTP/1.1 400 Bad Request"
2026-01-08 11:21:07,036 - INFO - HTTP Request: GET https://planilhaandrieli.jords.site/api/database/rows/table/673/?user_field_names=true "HTTP/1.1 200 OK"
2026-01-08 11:21:07,037 - INFO - HTTP Request: GET https://planilhaandrieli.jords.site/api/database/rows/table/677/?user_field_names=true&size=2000 "HTTP/1.1 400 Bad Request"
2026-01-08 11:21:10,945 - INFO - HTTP Request: GET https://planilhaandrieli.jords.site/api/database/rows/table/677/?user_field_names=true&size=2000 "HTTP/1.1 400 Bad Request"
2026-01-08 11:21:10,957 - INFO - HTTP Request: GET https://planilhaandrieli.jords.site/api/database/rows/table/677/?user_field_names=true&size=2000 "HTTP/1.1 400 Bad Request"
2026-01-08 11:21:10,964 - INFO - HTTP Request: GET https://planilhaandrieli.jords.site/api/database/rows/table/673/?user_field_names=true "HTTP/1.1 200 OK"
2026-01-08 11:21:11,054 - INFO - HTTP Request: GET https://planilhaandrieli.jords.site/api/database/rows/table/673/?user_field_names=true "HTTP/1.1 200 OK"
2026-01-08 11:21:11,071 - INFO - HTTP Request: GET https://planilhaandrieli.jords.site/api/database/rows/table/677/?user_field_names=true&size=2000 "HTTP/1.1 400 Bad Request"
2026-01-08 11:21:11,078 - INFO - HTTP Request: GET https://planilhaandrieli.jords.site/api/database/rows/table/673/?user_field_names=true "HTTP/1.1 200 OK"
2026-01-08 11:21:11,080 - INFO - HTTP Request: GET https://planilhaandrieli.jords.site/api/database/rows/table/673/?user_field_names=true "HTTP/1.1 200 OK"
2026-01-08 11:21:11,092 - INFO - HTTP Request: GET https://planilhaandrieli.jords.site/api/database/rows/table/677/?user_field_names=true&size=2000 "HTTP/1.1 400 Bad Request"
2026-01-08 11:21:14,726 - INFO - HTTP Request: GET https://planilhaandrieli.jords.site/api/database/rows/table/677/?user_field_names=true&size=2000 "HTTP/1.1 400 Bad Request"
2026-01-08 11:21:14,746 - INFO - HTTP Request: GET https://planilhaandrieli.jords.site/api/database/rows/table/673/?user_field_names=true "HTTP/1.1 200 OK"
2026-01-08 11:21:14,851 - INFO - HTTP Request: GET https://planilhaandrieli.jords.site/api/database/rows/table/677/?user_field_names=true&size=2000 "HTTP/1.1 400 Bad Request"
2026-01-08 11:21:14,873 - INFO - HTTP Request: GET https://planilhaandrieli.jords.site/api/database/rows/table/673/?user_field_names=true "HTTP/1.1 200 OK"
2026-01-08 11:21:20,397 - INFO - HTTP Request: GET https://planilhaandrieli.jords.site/api/database/rows/table/677/?user_field_names=true&size=2000 "HTTP/1.1 400 Bad Request"
2026-01-08 11:21:20,425 - INFO - HTTP Request: GET https://planilhaandrieli.jords.site/api/database/rows/table/673/?user_field_names=true "HTTP/1.1 200 OK"
2026-01-08 11:21:20,492 - INFO - HTTP Request: GET https://planilhaandrieli.jords.site/api/database/rows/table/677/?user_field_names=true&size=2000 "HTTP/1.1 400 Bad Request"
2026-01-08 11:21:20,514 - INFO - HTTP Request: GET https://planilhaandrieli.jords.site/api/database/rows/table/673/?user_field_names=true "HTTP/1.1 200 OK"
2026-01-08 11:21:23,909 - INFO - HTTP Request: GET https://planilhaandrieli.jords.site/api/database/rows/table/677/?user_field_names=true&size=2000 "HTTP/1.1 400 Bad Request"
2026-01-08 11:21:23,923 - INFO - HTTP Request: GET https://planilhaandrieli.jords.site/api/database/rows/table/673/?user_field_names=true "HTTP/1.1 200 OK"
2026-01-08 11:21:30,558 - INFO - HTTP Request: GET https://planilhaandrieli.jords.site/api/database/rows/table/673/?user_field_names=true "HTTP/1.1 200 OK"
2026-01-08 11:21:30,569 - INFO - HTTP Request: GET https://planilhaandrieli.jords.site/api/database/rows/table/673/?user_field_names=true "HTTP/1.1 200 OK"
2026-01-08 11:21:30,571 - INFO - HTTP Request: GET https://planilhaandrieli.jords.site/api/database/rows/table/677/?user_field_names=true&size=2000 "HTTP/1.1 400 Bad Request"
2026-01-08 11:21:30,591 - INFO - HTTP Request: GET https://planilhaandrieli.jords.site/api/database/rows/table/677/?user_field_names=true&size=2000 "HTTP/1.1 400 Bad Request"
2026-01-08 11:21:33,914 - INFO - HTTP Request: GET https://planilhaandrieli.jords.site/api/database/rows/table/673/?user_field_names=true "HTTP/1.1 200 OK"
2026-01-08 11:21:33,917 - INFO - HTTP Request: GET https://planilhaandrieli.jords.site/api/database/rows/table/677/?user_field_names=true&size=2000 "HTTP/1.1 400 Bad Request"
2026-01-08 11:21:40,350 - INFO - HTTP Request: GET https://planilhaandrieli.jords.site/api/database/rows/table/677/?user_field_names=true&size=2000 "HTTP/1.1 400 Bad Request"
2026-01-08 11:21:40,370 - INFO - HTTP Request: GET https://planilhaandrieli.jords.site/api/database/rows/table/673/?user_field_names=true "HTTP/1.1 200 OK"
2026-01-08 11:21:40,508 - INFO - HTTP Request: GET https://planilhaandrieli.jords.site/api/database/rows/table/677/?user_field_names=true&size=2000 "HTTP/1.1 400 Bad Request"
2026-01-08 11:21:40,553 - INFO - HTTP Request: GET https://planilhaandrieli.jords.site/api/database/rows/table/673/?user_field_names=true "HTTP/1.1 200 OK"
2026-01-08 11:21:43,955 - INFO - HTTP Request: GET https://planilhaandrieli.jords.site/api/database/rows/table/677/?user_field_names=true&size=2000 "HTTP/1.1 400 Bad Request"
2026-01-08 11:21:43,972 - INFO - HTTP Request: GET https://planilhaandrieli.jords.site/api/database/rows/table/673/?user_field_names=true "HTTP/1.1 200 OK"
2026-01-08 11:21:50,651 - INFO - HTTP Request: GET https://planilhaandrieli.jords.site/api/database/rows/table/677/?user_field_names=true&size=2000 "HTTP/1.1 400 Bad Request"
2026-01-08 11:21:50,670 - INFO - HTTP Request: GET https://planilhaandrieli.jords.site/api/database/rows/table/673/?user_field_names=true "HTTP/1.1 200 OK"
2026-01-08 11:21:50,675 - INFO - HTTP Request: GET https://planilhaandrieli.jords.site/api/database/rows/table/673/?user_field_names=true "HTTP/1.1 200 OK"
2026-01-08 11:21:50,676 - INFO - HTTP Request: GET https://planilhaandrieli.jords.site/api/database/rows/table/677/?user_field_names=true&size=2000 "HTTP/1.1 400 Bad Request"
2026-01-08 11:21:54,002 - INFO - HTTP Request: GET https://planilhaandrieli.jords.site/api/database/rows/table/677/?user_field_names=true&size=2000 "HTTP/1.1 400 Bad Request"
2026-01-08 11:21:54,012 - INFO - HTTP Request: GET https://planilhaandrieli.jords.site/api/database/rows/table/673/?user_field_names=true "HTTP/1.1 200 OK"
2026-01-08 11:21:59,552 - INFO - HTTP Request: GET https://planilhaandrieli.jords.site/api/database/rows/table/677/?user_field_names=true&size=2000 "HTTP/1.1 400 Bad Request"
2026-01-08 11:21:59,646 - INFO - HTTP Request: GET https://planilhaandrieli.jords.site/api/database/rows/table/673/?user_field_names=true "HTTP/1.1 200 OK"
2026-01-08 11:21:59,677 - INFO - HTTP Request: GET https://planilhaandrieli.jords.site/api/database/rows/table/677/?user_field_names=true&size=2000 "HTTP/1.1 400 Bad Request"
2026-01-08 11:21:59,746 - INFO - HTTP Request: GET https://planilhaandrieli.jords.site/api/database/rows/table/673/?user_field_names=true "HTTP/1.1 200 OK"
2026-01-08 11:22:03,305 - INFO - HTTP Request: GET https://planilhaandrieli.jords.site/api/database/rows/table/677/?user_field_names=true&size=2000 "HTTP/1.1 400 Bad Request"
2026-01-08 11:22:03,323 - INFO - HTTP Request: GET https://planilhaandrieli.jords.site/api/database/rows/table/673/?user_field_names=true "HTTP/1.1 200 OK"
2026-01-08 11:22:06,833 - INFO - HTTP Request: GET https://planilhaandrieli.jords.site/api/database/rows/table/677/?user_field_names=true&size=2000 "HTTP/1.1 400 Bad Request"
2026-01-08 11:22:06,845 - INFO - HTTP Request: GET https://planilhaandrieli.jords.site/api/database/rows/table/673/?user_field_names=true "HTTP/1.1 200 OK"
2026-01-08 11:22:09,407 - INFO - HTTP Request: GET https://planilhaandrieli.jords.site/api/database/rows/table/677/?user_field_names=true&size=2000 "HTTP/1.1 400 Bad Request"
2026-01-08 11:22:09,429 - INFO - HTTP Request: GET https://planilhaandrieli.jords.site/api/database/rows/table/673/?user_field_names=true "HTTP/1.1 200 OK"
2026-01-08 11:22:09,537 - INFO - HTTP Request: GET https://planilhaandrieli.jords.site/api/database/rows/table/677/?user_field_names=true&size=2000 "HTTP/1.1 400 Bad Request"
2026-01-08 11:22:09,550 - INFO - HTTP Request: GET https://planilhaandrieli.jords.site/api/database/rows/table/673/?user_field_names=true "HTTP/1.1 200 OK"
2026-01-08 11:22:13,355 - INFO - HTTP Request: GET https://planilhaandrieli.jords.site/api/database/rows/table/677/?user_field_names=true&size=2000 "HTTP/1.1 400 Bad Request"
2026-01-08 11:22:13,383 - INFO - HTTP Request: GET https://planilhaandrieli.jords.site/api/database/rows/table/673/?user_field_names=true "HTTP/1.1 200 OK"
2026-01-08 11:22:19,212 - INFO - HTTP Request: GET https://planilhaandrieli.jords.site/api/database/rows/table/677/?user_field_names=true&size=2000 "HTTP/1.1 400 Bad Request"
2026-01-08 11:22:19,215 - INFO - HTTP Request: GET https://planilhaandrieli.jords.site/api/database/rows/table/677/?user_field_names=true&size=2000 "HTTP/1.1 400 Bad Request"
2026-01-08 11:22:19,299 - INFO - HTTP Request: GET https://planilhaandrieli.jords.site/api/database/rows/table/673/?user_field_names=true "HTTP/1.1 200 OK"
2026-01-08 11:22:19,305 - INFO - HTTP Request: GET https://planilhaandrieli.jords.site/api/database/rows/table/673/?user_field_names=true "HTTP/1.1 200 OK"
2026-01-08 11:22:23,223 - INFO - HTTP Request: GET https://planilhaandrieli.jords.site/api/database/rows/table/677/?user_field_names=true&size=2000 "HTTP/1.1 400 Bad Request"
2026-01-08 11:22:23,243 - INFO - HTTP Request: GET https://planilhaandrieli.jords.site/api/database/rows/table/673/?user_field_names=true "HTTP/1.1 200 OK"
2026-01-08 11:22:29,106 - INFO - HTTP Request: GET https://planilhaandrieli.jords.site/api/database/rows/table/677/?user_field_names=true&size=2000 "HTTP/1.1 400 Bad Request"
2026-01-08 11:22:29,120 - INFO - HTTP Request: GET https://planilhaandrieli.jords.site/api/database/rows/table/673/?user_field_names=true "HTTP/1.1 200 OK"
2026-01-08 11:22:29,222 - INFO - HTTP Request: GET https://planilhaandrieli.jords.site/api/database/rows/table/677/?user_field_names=true&size=2000 "HTTP/1.1 400 Bad Request"
2026-01-08 11:22:29,493 - INFO - HTTP Request: GET https://planilhaandrieli.jords.site/api/database/rows/table/673/?user_field_names=true "HTTP/1.1 200 OK"
2026-01-08 11:22:33,251 - INFO - HTTP Request: GET https://planilhaandrieli.jords.site/api/database/rows/table/677/?user_field_names=true&size=2000 "HTTP/1.1 400 Bad Request"
2026-01-08 11:22:33,280 - INFO - HTTP Request: GET https://planilhaandrieli.jords.site/api/database/rows/table/673/?user_field_names=true "HTTP/1.1 200 OK"
2026-01-08 11:22:39,095 - INFO - HTTP Request: GET https://planilhaandrieli.jords.site/api/database/rows/table/677/?user_field_names=true&size=2000 "HTTP/1.1 400 Bad Request"
2026-01-08 11:22:39,109 - INFO - HTTP Request: GET https://planilhaandrieli.jords.site/api/database/rows/table/673/?user_field_names=true "HTTP/1.1 200 OK"
2026-01-08 11:22:39,197 - INFO - HTTP Request: GET https://planilhaandrieli.jords.site/api/database/rows/table/677/?user_field_names=true&size=2000 "HTTP/1.1 400 Bad Request"
2026-01-08 11:22:39,215 - INFO - HTTP Request: GET https://planilhaandrieli.jords.site/api/database/rows/table/673/?user_field_names=true "HTTP/1.1 200 OK"
2026-01-08 11:22:43,231 - INFO - HTTP Request: GET https://planilhaandrieli.jords.site/api/database/rows/table/677/?user_field_names=true&size=2000 "HTTP/1.1 400 Bad Request"
2026-01-08 11:22:43,242 - INFO - HTTP Request: GET https://planilhaandrieli.jords.site/api/database/rows/table/673/?user_field_names=true "HTTP/1.1 200 OK"
2026-01-08 11:22:44,747 - INFO - HTTP Request: GET https://planilhaandrieli.jords.site/api/database/rows/table/673/?user_field_names=true "HTTP/1.1 200 OK"
2026-01-08 11:22:44,748 - INFO - HTTP Request: GET https://planilhaandrieli.jords.site/api/database/rows/table/677/?user_field_names=true&size=2000 "HTTP/1.1 400 Bad Request"
2026-01-08 11:22:44,819 - INFO - HTTP Request: GET https://planilhaandrieli.jords.site/api/database/rows/table/677/?user_field_names=true&size=2000 "HTTP/1.1 400 Bad Request"
2026-01-08 11:22:44,866 - INFO - HTTP Request: GET https://planilhaandrieli.jords.site/api/database/rows/table/673/?user_field_names=true "HTTP/1.1 200 OK"
2026-01-08 11:22:49,595 - INFO - HTTP Request: GET https://planilhaandrieli.jords.site/api/database/rows/table/677/?user_field_names=true&size=2000 "HTTP/1.1 400 Bad Request"
2026-01-08 11:22:49,646 - INFO - HTTP Request: GET https://planilhaandrieli.jords.site/api/database/rows/table/677/?user_field_names=true&size=2000 "HTTP/1.1 400 Bad Request"
2026-01-08 11:22:49,649 - INFO - HTTP Request: GET https://planilhaandrieli.jords.site/api/database/rows/table/673/?user_field_names=true "HTTP/1.1 200 OK"
2026-01-08 11:22:49,658 - INFO - HTTP Request: GET https://planilhaandrieli.jords.site/api/database/rows/table/673/?user_field_names=true "HTTP/1.1 200 OK"
2026-01-08 11:22:54,700 - INFO - HTTP Request: GET https://planilhaandrieli.jords.site/api/database/rows/table/677/?user_field_names=true&size=2000 "HTTP/1.1 400 Bad Request"
2026-01-08 11:22:54,742 - INFO - HTTP Request: GET https://planilhaandrieli.jords.site/api/database/rows/table/673/?user_field_names=true "HTTP/1.1 200 OK"
2026-01-08 11:22:54,939 - INFO - HTTP Request: GET https://planilhaandrieli.jords.site/api/database/rows/table/677/?user_field_names=true&size=2000 "HTTP/1.1 400 Bad Request"
2026-01-08 11:22:54,950 - INFO - HTTP Request: GET https://planilhaandrieli.jords.site/api/database/rows/table/673/?user_field_names=true "HTTP/1.1 200 OK"
2026-01-08 11:22:59,419 - INFO - HTTP Request: GET https://planilhaandrieli.jords.site/api/database/rows/table/677/?user_field_names=true&size=2000 "HTTP/1.1 400 Bad Request"
2026-01-08 11:22:59,439 - INFO - HTTP Request: GET https://planilhaandrieli.jords.site/api/database/rows/table/673/?user_field_names=true "HTTP/1.1 200 OK"
2026-01-08 11:22:59,535 - INFO - HTTP Request: GET https://planilhaandrieli.jords.site/api/database/rows/table/677/?user_field_names=true&size=2000 "HTTP/1.1 400 Bad Request"
2026-01-08 11:22:59,547 - INFO - HTTP Request: GET https://planilhaandrieli.jords.site/api/database/rows/table/673/?user_field_names=true "HTTP/1.1 200 OK"
2026-01-08 11:23:05,256 - INFO - HTTP Request: GET https://planilhaandrieli.jords.site/api/database/rows/table/677/?user_field_names=true&size=2000 "HTTP/1.1 400 Bad Request"
2026-01-08 11:23:05,262 - INFO - HTTP Request: GET https://planilhaandrieli.jords.site/api/database/rows/table/673/?user_field_names=true "HTTP/1.1 200 OK"
2026-01-08 11:23:05,281 - INFO - HTTP Request: GET https://planilhaandrieli.jords.site/api/database/rows/table/673/?user_field_names=true "HTTP/1.1 200 OK"
2026-01-08 11:23:05,282 - INFO - HTTP Request: GET https://planilhaandrieli.jords.site/api/database/rows/table/677/?user_field_names=true&size=2000 "HTTP/1.1 400 Bad Request"
2026-01-08 11:23:07,790 - INFO - HTTP Request: GET https://planilhaandrieli.jords.site/api/database/rows/table/677/?user_field_names=true&size=2000 "HTTP/1.1 400 Bad Request"
2026-01-08 11:23:07,816 - INFO - HTTP Request: GET https://planilhaandrieli.jords.site/api/database/rows/table/673/?user_field_names=true "HTTP/1.1 200 OK"
2026-01-08 11:23:10,479 - INFO - HTTP Request: GET https://planilhaandrieli.jords.site/api/database/rows/table/677/?user_field_names=true&size=2000 "HTTP/1.1 400 Bad Request"
2026-01-08 11:23:10,497 - INFO - HTTP Request: GET https://planilhaandrieli.jords.site/api/database/rows/table/673/?user_field_names=true "HTTP/1.1 200 OK"
2026-01-08 11:23:10,583 - INFO - HTTP Request: GET https://planilhaandrieli.jords.site/api/database/rows/table/677/?user_field_names=true&size=2000 "HTTP/1.1 400 Bad Request"
2026-01-08 11:23:10,589 - INFO - HTTP Request: GET https://planilhaandrieli.jords.site/api/database/rows/table/673/?user_field_names=true "HTTP/1.1 200 OK"
2026-01-08 11:23:15,020 - INFO - HTTP Request: GET https://planilhaandrieli.jords.site/api/database/rows/table/677/?user_field_names=true&size=2000 "HTTP/1.1 400 Bad Request"
2026-01-08 11:23:15,043 - INFO - HTTP Request: GET https://planilhaandrieli.jords.site/api/database/rows/table/673/?user_field_names=true "HTTP/1.1 200 OK"
2026-01-08 11:23:15,139 - INFO - HTTP Request: GET https://planilhaandrieli.jords.site/api/database/rows/table/677/?user_field_names=true&size=2000 "HTTP/1.1 400 Bad Request"
2026-01-08 11:23:15,156 - INFO - HTTP Request: GET https://planilhaandrieli.jords.site/api/database/rows/table/673/?user_field_names=true "HTTP/1.1 200 OK"
2026-01-08 11:23:20,714 - INFO - HTTP Request: GET https://planilhaandrieli.jords.site/api/database/rows/table/677/?user_field_names=true&size=2000 "HTTP/1.1 400 Bad Request"
2026-01-08 11:23:20,757 - INFO - HTTP Request: GET https://planilhaandrieli.jords.site/api/database/rows/table/673/?user_field_names=true "HTTP/1.1 200 OK"
2026-01-08 11:23:20,775 - INFO - HTTP Request: GET https://planilhaandrieli.jords.site/api/database/rows/table/677/?user_field_names=true&size=2000 "HTTP/1.1 400 Bad Request"
2026-01-08 11:23:20,822 - INFO - HTTP Request: GET https://planilhaandrieli.jords.site/api/database/rows/table/673/?user_field_names=true "HTTP/1.1 200 OK"
2026-01-08 11:23:25,097 - INFO - HTTP Request: GET https://planilhaandrieli.jords.site/api/database/rows/table/677/?user_field_names=true&size=2000 "HTTP/1.1 400 Bad Request"
2026-01-08 11:23:25,153 - INFO - HTTP Request: GET https://planilhaandrieli.jords.site/api/database/rows/table/673/?user_field_names=true "HTTP/1.1 200 OK"
2026-01-08 11:23:25,245 - INFO - HTTP Request: GET https://planilhaandrieli.jords.site/api/database/rows/table/673/?user_field_names=true "HTTP/1.1 200 OK"
2026-01-08 11:23:25,247 - INFO - HTTP Request: GET https://planilhaandrieli.jords.site/api/database/rows/table/677/?user_field_names=true&size=2000 "HTTP/1.1 400 Bad Request"
2026-01-08 11:23:30,516 - INFO - HTTP Request: GET https://planilhaandrieli.jords.site/api/database/rows/table/677/?user_field_names=true&size=2000 "HTTP/1.1 400 Bad Request"
2026-01-08 11:23:30,524 - INFO - HTTP Request: GET https://planilhaandrieli.jords.site/api/database/rows/table/673/?user_field_names=true "HTTP/1.1 200 OK"
2026-01-08 11:23:30,626 - INFO - HTTP Request: GET https://planilhaandrieli.jords.site/api/database/rows/table/677/?user_field_names=true&size=2000 "HTTP/1.1 400 Bad Request"
2026-01-08 11:23:30,645 - INFO - HTTP Request: GET https://planilhaandrieli.jords.site/api/database/rows/table/673/?user_field_names=true "HTTP/1.1 200 OK"
2026-01-08 11:23:35,445 - INFO - HTTP Request: GET https://planilhaandrieli.jords.site/api/database/rows/table/677/?user_field_names=true&size=2000 "HTTP/1.1 400 Bad Request"
2026-01-08 11:23:35,482 - INFO - HTTP Request: GET https://planilhaandrieli.jords.site/api/database/rows/table/677/?user_field_names=true&size=2000 "HTTP/1.1 400 Bad Request"
2026-01-08 11:23:35,509 - INFO - HTTP Request: GET https://planilhaandrieli.jords.site/api/database/rows/table/673/?user_field_names=true "HTTP/1.1 200 OK"
2026-01-08 11:23:35,527 - INFO - HTTP Request: GET https://planilhaandrieli.jords.site/api/database/rows/table/673/?user_field_names=true "HTTP/1.1 200 OK"
2026-01-08 11:23:40,707 - INFO - HTTP Request: GET https://planilhaandrieli.jords.site/api/database/rows/table/677/?user_field_names=true&size=2000 "HTTP/1.1 400 Bad Request"
2026-01-08 11:23:40,725 - INFO - HTTP Request: GET https://planilhaandrieli.jords.site/api/database/rows/table/673/?user_field_names=true "HTTP/1.1 200 OK"
2026-01-08 11:23:40,818 - INFO - HTTP Request: GET https://planilhaandrieli.jords.site/api/database/rows/table/677/?user_field_names=true&size=2000 "HTTP/1.1 400 Bad Request"
2026-01-08 11:23:40,842 - INFO - HTTP Request: GET https://planilhaandrieli.jords.site/api/database/rows/table/673/?user_field_names=true "HTTP/1.1 200 OK"
2026-01-08 11:23:45,223 - INFO - HTTP Request: GET https://planilhaandrieli.jords.site/api/database/rows/table/677/?user_field_names=true&size=2000 "HTTP/1.1 400 Bad Request"
2026-01-08 11:23:45,250 - INFO - HTTP Request: GET https://planilhaandrieli.jords.site/api/database/rows/table/673/?user_field_names=true "HTTP/1.1 200 OK"
2026-01-08 11:23:45,327 - INFO - HTTP Request: GET https://planilhaandrieli.jords.site/api/database/rows/table/677/?user_field_names=true&size=2000 "HTTP/1.1 400 Bad Request"
2026-01-08 11:23:45,352 - INFO - HTTP Request: GET https://planilhaandrieli.jords.site/api/database/rows/table/673/?user_field_names=true "HTTP/1.1 200 OK"
2026-01-08 11:23:50,755 - INFO - HTTP Request: GET https://planilhaandrieli.jords.site/api/database/rows/table/673/?user_field_names=true "HTTP/1.1 200 OK"
2026-01-08 11:23:50,774 - INFO - HTTP Request: GET https://planilhaandrieli.jords.site/api/database/rows/table/677/?user_field_names=true&size=2000 "HTTP/1.1 400 Bad Request"
2026-01-08 11:23:50,779 - INFO - HTTP Request: GET https://planilhaandrieli.jords.site/api/database/rows/table/677/?user_field_names=true&size=2000 "HTTP/1.1 400 Bad Request"
2026-01-08 11:23:50,783 - INFO - HTTP Request: GET https://planilhaandrieli.jords.site/api/database/rows/table/673/?user_field_names=true "HTTP/1.1 200 OK"
2026-01-08 11:23:55,270 - INFO - HTTP Request: GET https://planilhaandrieli.jords.site/api/database/rows/table/677/?user_field_names=true&size=2000 "HTTP/1.1 400 Bad Request"
2026-01-08 11:23:55,298 - INFO - HTTP Request: GET https://planilhaandrieli.jords.site/api/database/rows/table/673/?user_field_names=true "HTTP/1.1 200 OK"
2026-01-08 11:23:55,405 - INFO - HTTP Request: GET https://planilhaandrieli.jords.site/api/database/rows/table/677/?user_field_names=true&size=2000 "HTTP/1.1 400 Bad Request"
2026-01-08 11:23:55,440 - INFO - HTTP Request: GET https://planilhaandrieli.jords.site/api/database/rows/table/673/?user_field_names=true "HTTP/1.1 200 OK"
2026-01-08 11:24:00,821 - INFO - HTTP Request: GET https://planilhaandrieli.jords.site/api/database/rows/table/673/?user_field_names=true "HTTP/1.1 200 OK"
2026-01-08 11:24:00,823 - INFO - HTTP Request: GET https://planilhaandrieli.jords.site/api/database/rows/table/677/?user_field_names=true&size=2000 "HTTP/1.1 400 Bad Request"
2026-01-08 11:24:00,913 - INFO - HTTP Request: GET https://planilhaandrieli.jords.site/api/database/rows/table/677/?user_field_names=true&size=2000 "HTTP/1.1 400 Bad Request"
2026-01-08 11:24:00,930 - INFO - HTTP Request: GET https://planilhaandrieli.jords.site/api/database/rows/table/673/?user_field_names=true "HTTP/1.1 200 OK"
2026-01-08 11:24:04,518 - INFO - HTTP Request: GET https://planilhaandrieli.jords.site/api/database/rows/table/677/?user_field_names=true&size=2000 "HTTP/1.1 400 Bad Request"
2026-01-08 11:24:04,557 - INFO - HTTP Request: GET https://planilhaandrieli.jords.site/api/database/rows/table/673/?user_field_names=true "HTTP/1.1 200 OK"
2026-01-08 11:24:04,771 - INFO - HTTP Request: GET https://planilhaandrieli.jords.site/api/database/rows/table/677/?user_field_names=true&size=2000 "HTTP/1.1 400 Bad Request"
2026-01-08 11:24:04,778 - INFO - HTTP Request: GET https://planilhaandrieli.jords.site/api/database/rows/table/673/?user_field_names=true "HTTP/1.1 200 OK"
2026-01-08 11:24:07,004 - INFO - HTTP Request: GET https://planilhaandrieli.jords.site/api/database/rows/table/677/?user_field_names=true&size=2000 "HTTP/1.1 400 Bad Request"
2026-01-08 11:24:07,019 - INFO - HTTP Request: GET https://planilhaandrieli.jords.site/api/database/rows/table/673/?user_field_names=true "HTTP/1.1 200 OK"
2026-01-08 11:24:09,968 - INFO - HTTP Request: GET https://planilhaandrieli.jords.site/api/database/rows/table/677/?user_field_names=true&size=2000 "HTTP/1.1 400 Bad Request"
2026-01-08 11:24:09,978 - INFO - HTTP Request: GET https://planilhaandrieli.jords.site/api/database/rows/table/673/?user_field_names=true "HTTP/1.1 200 OK"
2026-01-08 11:24:10,100 - INFO - HTTP Request: GET https://planilhaandrieli.jords.site/api/database/rows/table/673/?user_field_names=true "HTTP/1.1 200 OK"
2026-01-08 11:24:10,101 - INFO - HTTP Request: GET https://planilhaandrieli.jords.site/api/database/rows/table/677/?user_field_names=true&size=2000 "HTTP/1.1 400 Bad Request"
2026-01-08 11:24:14,127 - INFO - HTTP Request: GET https://planilhaandrieli.jords.site/api/database/rows/table/673/?user_field_names=true "HTTP/1.1 200 OK"
2026-01-08 11:24:14,129 - INFO - HTTP Request: GET https://planilhaandrieli.jords.site/api/database/rows/table/677/?user_field_names=true&size=2000 "HTTP/1.1 400 Bad Request"
2026-01-08 11:24:14,516 - INFO - HTTP Request: GET https://planilhaandrieli.jords.site/api/database/rows/table/677/?user_field_names=true&size=2000 "HTTP/1.1 400 Bad Request"
2026-01-08 11:24:14,541 - INFO - HTTP Request: GET https://planilhaandrieli.jords.site/api/database/rows/table/673/?user_field_names=true "HTTP/1.1 200 OK"
2026-01-08 11:24:19,731 - INFO - HTTP Request: GET https://planilhaandrieli.jords.site/api/database/rows/table/677/?user_field_names=true&size=2000 "HTTP/1.1 400 Bad Request"
2026-01-08 11:24:19,807 - INFO - HTTP Request: GET https://planilhaandrieli.jords.site/api/database/rows/table/673/?user_field_names=true "HTTP/1.1 200 OK"
2026-01-08 11:24:19,881 - INFO - HTTP Request: GET https://planilhaandrieli.jords.site/api/database/rows/table/677/?user_field_names=true&size=2000 "HTTP/1.1 400 Bad Request"
2026-01-08 11:24:19,883 - INFO - HTTP Request: GET https://planilhaandrieli.jords.site/api/database/rows/table/673/?user_field_names=true "HTTP/1.1 200 OK"
2026-01-08 11:24:23,471 - INFO - HTTP Request: GET https://planilhaandrieli.jords.site/api/database/rows/table/677/?user_field_names=true&size=2000 "HTTP/1.1 400 Bad Request"
2026-01-08 11:24:23,483 - INFO - HTTP Request: GET https://planilhaandrieli.jords.site/api/database/rows/table/673/?user_field_names=true "HTTP/1.1 200 OK"
2026-01-08 11:24:24,559 - INFO - HTTP Request: GET https://planilhaandrieli.jords.site/api/database/rows/table/677/?user_field_names=true&size=2000 "HTTP/1.1 400 Bad Request"
2026-01-08 11:24:24,569 - INFO - HTTP Request: GET https://planilhaandrieli.jords.site/api/database/rows/table/673/?user_field_names=true "HTTP/1.1 200 OK"
2026-01-08 11:24:29,728 - INFO - HTTP Request: GET https://planilhaandrieli.jords.site/api/database/rows/table/677/?user_field_names=true&size=2000 "HTTP/1.1 400 Bad Request"
2026-01-08 11:24:29,739 - INFO - HTTP Request: GET https://planilhaandrieli.jords.site/api/database/rows/table/673/?user_field_names=true "HTTP/1.1 200 OK"
2026-01-08 11:24:29,837 - INFO - HTTP Request: GET https://planilhaandrieli.jords.site/api/database/rows/table/677/?user_field_names=true&size=2000 "HTTP/1.1 400 Bad Request"
2026-01-08 11:24:29,854 - INFO - HTTP Request: GET https://planilhaandrieli.jords.site/api/database/rows/table/673/?user_field_names=true "HTTP/1.1 200 OK"
2026-01-08 11:24:33,455 - INFO - HTTP Request: GET https://planilhaandrieli.jords.site/api/database/rows/table/677/?user_field_names=true&size=2000 "HTTP/1.1 400 Bad Request"
2026-01-08 11:24:33,473 - INFO - HTTP Request: GET https://planilhaandrieli.jords.site/api/database/rows/table/673/?user_field_names=true "HTTP/1.1 200 OK"
2026-01-08 11:24:34,567 - INFO - HTTP Request: GET https://planilhaandrieli.jords.site/api/database/rows/table/677/?user_field_names=true&size=2000 "HTTP/1.1 400 Bad Request"
2026-01-08 11:24:34,583 - INFO - HTTP Request: GET https://planilhaandrieli.jords.site/api/database/rows/table/673/?user_field_names=true "HTTP/1.1 200 OK"
2026-01-08 11:24:39,625 - INFO - HTTP Request: GET https://planilhaandrieli.jords.site/api/database/rows/table/677/?user_field_names=true&size=2000 "HTTP/1.1 400 Bad Request"
2026-01-08 11:24:39,643 - INFO - HTTP Request: GET https://planilhaandrieli.jords.site/api/database/rows/table/673/?user_field_names=true "HTTP/1.1 200 OK"
2026-01-08 11:24:39,747 - INFO - HTTP Request: GET https://planilhaandrieli.jords.site/api/database/rows/table/677/?user_field_names=true&size=2000 "HTTP/1.1 400 Bad Request"
2026-01-08 11:24:39,758 - INFO - HTTP Request: GET https://planilhaandrieli.jords.site/api/database/rows/table/673/?user_field_names=true "HTTP/1.1 200 OK"
2026-01-08 11:24:50,152 - INFO - HTTP Request: GET https://planilhaandrieli.jords.site/api/database/rows/table/677/?user_field_names=true&size=2000 "HTTP/1.1 400 Bad Request"
2026-01-08 11:24:50,155 - INFO - HTTP Request: GET https://planilhaandrieli.jords.site/api/database/rows/table/677/?user_field_names=true&size=2000 "HTTP/1.1 400 Bad Request"
2026-01-08 11:24:50,158 - INFO - HTTP Request: GET https://planilhaandrieli.jords.site/api/database/rows/table/673/?user_field_names=true "HTTP/1.1 200 OK"
2026-01-08 11:24:50,247 - INFO - HTTP Request: GET https://planilhaandrieli.jords.site/api/database/rows/table/677/?user_field_names=true&size=2000 "HTTP/1.1 400 Bad Request"
2026-01-08 11:24:50,259 - INFO - HTTP Request: GET https://planilhaandrieli.jords.site/api/database/rows/table/677/?user_field_names=true&size=2000 "HTTP/1.1 400 Bad Request"
2026-01-08 11:24:50,262 - INFO - HTTP Request: GET https://planilhaandrieli.jords.site/api/database/rows/table/673/?user_field_names=true "HTTP/1.1 200 OK"
2026-01-08 11:24:50,273 - INFO - HTTP Request: GET https://planilhaandrieli.jords.site/api/database/rows/table/673/?user_field_names=true "HTTP/1.1 200 OK"
2026-01-08 11:24:50,349 - INFO - HTTP Request: GET https://planilhaandrieli.jords.site/api/database/rows/table/673/?user_field_names=true "HTTP/1.1 200 OK"
2026-01-08 11:24:53,385 - INFO - HTTP Request: GET https://planilhaandrieli.jords.site/api/database/rows/table/677/?user_field_names=true&size=2000 "HTTP/1.1 400 Bad Request"
2026-01-08 11:24:53,400 - INFO - HTTP Request: GET https://planilhaandrieli.jords.site/api/database/rows/table/673/?user_field_names=true "HTTP/1.1 200 OK"
2026-01-08 11:24:54,467 - INFO - HTTP Request: GET https://planilhaandrieli.jords.site/api/database/rows/table/677/?user_field_names=true&size=2000 "HTTP/1.1 400 Bad Request"
2026-01-08 11:24:54,485 - INFO - HTTP Request: GET https://planilhaandrieli.jords.site/api/database/rows/table/673/?user_field_names=true "HTTP/1.1 200 OK"
2026-01-08 11:24:59,697 - INFO - HTTP Request: GET https://planilhaandrieli.jords.site/api/database/rows/table/677/?user_field_names=true&size=2000 "HTTP/1.1 400 Bad Request"
2026-01-08 11:24:59,786 - INFO - HTTP Request: GET https://planilhaandrieli.jords.site/api/database/rows/table/673/?user_field_names=true "HTTP/1.1 200 OK"
2026-01-08 11:24:59,866 - INFO - HTTP Request: GET https://planilhaandrieli.jords.site/api/database/rows/table/677/?user_field_names=true&size=2000 "HTTP/1.1 400 Bad Request"
2026-01-08 11:24:59,912 - INFO - HTTP Request: GET https://planilhaandrieli.jords.site/api/database/rows/table/673/?user_field_names=true "HTTP/1.1 200 OK"
2026-01-08 11:25:04,030 - INFO - HTTP Request: GET https://planilhaandrieli.jords.site/api/database/rows/table/677/?user_field_names=true&size=2000 "HTTP/1.1 400 Bad Request"
2026-01-08 11:25:04,238 - INFO - HTTP Request: GET https://planilhaandrieli.jords.site/api/database/rows/table/673/?user_field_names=true "HTTP/1.1 200 OK"
2026-01-08 11:25:04,660 - INFO - HTTP Request: GET https://planilhaandrieli.jords.site/api/database/rows/table/673/?user_field_names=true "HTTP/1.1 200 OK"
2026-01-08 11:25:04,660 - INFO - HTTP Request: GET https://planilhaandrieli.jords.site/api/database/rows/table/677/?user_field_names=true&size=2000 "HTTP/1.1 400 Bad Request"
2026-01-08 11:25:07,137 - INFO - HTTP Request: GET https://planilhaandrieli.jords.site/api/database/rows/table/677/?user_field_names=true&size=2000 "HTTP/1.1 400 Bad Request"
2026-01-08 11:25:07,161 - INFO - HTTP Request: GET https://planilhaandrieli.jords.site/api/database/rows/table/673/?user_field_names=true "HTTP/1.1 200 OK"
2026-01-08 11:25:09,448 - INFO - HTTP Request: GET https://planilhaandrieli.jords.site/api/database/rows/table/677/?user_field_names=true&size=2000 "HTTP/1.1 400 Bad Request"
2026-01-08 11:25:09,460 - INFO - HTTP Request: GET https://planilhaandrieli.jords.site/api/database/rows/table/673/?user_field_names=true "HTTP/1.1 200 OK"
2026-01-08 11:25:09,557 - INFO - HTTP Request: GET https://planilhaandrieli.jords.site/api/database/rows/table/677/?user_field_names=true&size=2000 "HTTP/1.1 400 Bad Request"
2026-01-08 11:25:09,573 - INFO - HTTP Request: GET https://planilhaandrieli.jords.site/api/database/rows/table/673/?user_field_names=true "HTTP/1.1 200 OK"
2026-01-08 11:25:13,378 - INFO - HTTP Request: GET https://planilhaandrieli.jords.site/api/database/rows/table/677/?user_field_names=true&size=2000 "HTTP/1.1 400 Bad Request"
2026-01-08 11:25:13,396 - INFO - HTTP Request: GET https://planilhaandrieli.jords.site/api/database/rows/table/673/?user_field_names=true "HTTP/1.1 200 OK"
2026-01-08 11:25:14,487 - INFO - HTTP Request: GET https://planilhaandrieli.jords.site/api/database/rows/table/677/?user_field_names=true&size=2000 "HTTP/1.1 400 Bad Request"
2026-01-08 11:25:14,516 - INFO - HTTP Request: GET https://planilhaandrieli.jords.site/api/database/rows/table/673/?user_field_names=true "HTTP/1.1 200 OK"
2026-01-08 11:25:19,664 - INFO - HTTP Request: GET https://planilhaandrieli.jords.site/api/database/rows/table/677/?user_field_names=true&size=2000 "HTTP/1.1 400 Bad Request"
2026-01-08 11:25:19,713 - INFO - HTTP Request: GET https://planilhaandrieli.jords.site/api/database/rows/table/673/?user_field_names=true "HTTP/1.1 200 OK"
2026-01-08 11:25:19,778 - INFO - HTTP Request: GET https://planilhaandrieli.jords.site/api/database/rows/table/677/?user_field_names=true&size=2000 "HTTP/1.1 400 Bad Request"
2026-01-08 11:25:19,788 - INFO - HTTP Request: GET https://planilhaandrieli.jords.site/api/database/rows/table/673/?user_field_names=true "HTTP/1.1 200 OK"
2026-01-08 11:25:23,472 - INFO - HTTP Request: GET https://planilhaandrieli.jords.site/api/database/rows/table/677/?user_field_names=true&size=2000 "HTTP/1.1 400 Bad Request"
2026-01-08 11:25:24,101 - INFO - HTTP Request: GET https://planilhaandrieli.jords.site/api/database/rows/table/673/?user_field_names=true "HTTP/1.1 200 OK"
2026-01-08 11:25:24,503 - INFO - HTTP Request: GET https://planilhaandrieli.jords.site/api/database/rows/table/677/?user_field_names=true&size=2000 "HTTP/1.1 400 Bad Request"
2026-01-08 11:25:24,544 - INFO - HTTP Request: GET https://planilhaandrieli.jords.site/api/database/rows/table/673/?user_field_names=true "HTTP/1.1 200 OK"
2026-01-08 11:25:29,474 - INFO - HTTP Request: GET https://planilhaandrieli.jords.site/api/database/rows/table/677/?user_field_names=true&size=2000 "HTTP/1.1 400 Bad Request"
2026-01-08 11:25:29,493 - INFO - HTTP Request: GET https://planilhaandrieli.jords.site/api/database/rows/table/673/?user_field_names=true "HTTP/1.1 200 OK"
2026-01-08 11:25:29,578 - INFO - HTTP Request: GET https://planilhaandrieli.jords.site/api/database/rows/table/677/?user_field_names=true&size=2000 "HTTP/1.1 400 Bad Request"
2026-01-08 11:25:29,593 - INFO - HTTP Request: GET https://planilhaandrieli.jords.site/api/database/rows/table/673/?user_field_names=true "HTTP/1.1 200 OK"
2026-01-08 11:25:33,313 - INFO - HTTP Request: GET https://planilhaandrieli.jords.site/api/database/rows/table/677/?user_field_names=true&size=2000 "HTTP/1.1 400 Bad Request"
2026-01-08 11:25:33,329 - INFO - HTTP Request: GET https://planilhaandrieli.jords.site/api/database/rows/table/673/?user_field_names=true "HTTP/1.1 200 OK"
2026-01-08 11:25:34,483 - INFO - HTTP Request: GET https://planilhaandrieli.jords.site/api/database/rows/table/677/?user_field_names=true&size=2000 "HTTP/1.1 400 Bad Request"
2026-01-08 11:25:34,504 - INFO - HTTP Request: GET https://planilhaandrieli.jords.site/api/database/rows/table/673/?user_field_names=true "HTTP/1.1 200 OK"
2026-01-08 11:25:39,686 - INFO - HTTP Request: GET https://planilhaandrieli.jords.site/api/database/rows/table/677/?user_field_names=true&size=2000 "HTTP/1.1 400 Bad Request"
2026-01-08 11:25:39,756 - INFO - HTTP Request: GET https://planilhaandrieli.jords.site/api/database/rows/table/673/?user_field_names=true "HTTP/1.1 200 OK"
2026-01-08 11:25:39,763 - INFO - HTTP Request: GET https://planilhaandrieli.jords.site/api/database/rows/table/673/?user_field_names=true "HTTP/1.1 200 OK"
2026-01-08 11:25:39,780 - INFO - HTTP Request: GET https://planilhaandrieli.jords.site/api/database/rows/table/677/?user_field_names=true&size=2000 "HTTP/1.1 400 Bad Request"
2026-01-08 11:25:43,373 - INFO - HTTP Request: GET https://planilhaandrieli.jords.site/api/database/rows/table/677/?user_field_names=true&size=2000 "HTTP/1.1 400 Bad Request"
2026-01-08 11:25:43,375 - INFO - HTTP Request: GET https://planilhaandrieli.jords.site/api/database/rows/table/673/?user_field_names=true "HTTP/1.1 200 OK"
2026-01-08 11:25:44,558 - INFO - HTTP Request: GET https://planilhaandrieli.jords.site/api/database/rows/table/677/?user_field_names=true&size=2000 "HTTP/1.1 400 Bad Request"
2026-01-08 11:25:44,582 - INFO - HTTP Request: GET https://planilhaandrieli.jords.site/api/database/rows/table/673/?user_field_names=true "HTTP/1.1 200 OK"
2026-01-08 11:25:49,451 - INFO - HTTP Request: GET https://planilhaandrieli.jords.site/api/database/rows/table/677/?user_field_names=true&size=2000 "HTTP/1.1 400 Bad Request"
2026-01-08 11:25:49,482 - INFO - HTTP Request: GET https://planilhaandrieli.jords.site/api/database/rows/table/673/?user_field_names=true "HTTP/1.1 200 OK"
2026-01-08 11:25:49,585 - INFO - HTTP Request: GET https://planilhaandrieli.jords.site/api/database/rows/table/677/?user_field_names=true&size=2000 "HTTP/1.1 400 Bad Request"
2026-01-08 11:25:49,603 - INFO - HTTP Request: GET https://planilhaandrieli.jords.site/api/database/rows/table/673/?user_field_names=true "HTTP/1.1 200 OK"
2026-01-08 11:25:53,397 - INFO - HTTP Request: GET https://planilhaandrieli.jords.site/api/database/rows/table/673/?user_field_names=true "HTTP/1.1 200 OK"
2026-01-08 11:25:53,401 - INFO - HTTP Request: GET https://planilhaandrieli.jords.site/api/database/rows/table/677/?user_field_names=true&size=2000 "HTTP/1.1 400 Bad Request"
2026-01-08 11:25:55,140 - INFO - HTTP Request: GET https://planilhaandrieli.jords.site/api/database/rows/table/673/?user_field_names=true "HTTP/1.1 200 OK"
2026-01-08 11:25:55,143 - INFO - HTTP Request: GET https://planilhaandrieli.jords.site/api/database/rows/table/677/?user_field_names=true&size=2000 "HTTP/1.1 400 Bad Request"
2026-01-08 11:26:01,351 - INFO - HTTP Request: GET https://planilhaandrieli.jords.site/api/database/rows/table/677/?user_field_names=true&size=2000 "HTTP/1.1 400 Bad Request"
2026-01-08 11:26:01,368 - INFO - HTTP Request: GET https://planilhaandrieli.jords.site/api/database/rows/table/673/?user_field_names=true "HTTP/1.1 200 OK"
2026-01-08 11:26:01,390 - INFO - HTTP Request: GET https://planilhaandrieli.jords.site/api/database/rows/table/677/?user_field_names=true&size=2000 "HTTP/1.1 400 Bad Request"
2026-01-08 11:26:01,392 - INFO - HTTP Request: GET https://planilhaandrieli.jords.site/api/database/rows/table/673/?user_field_names=true "HTTP/1.1 200 OK"
2026-01-08 11:26:03,324 - INFO - HTTP Request: GET https://planilhaandrieli.jords.site/api/database/rows/table/677/?user_field_names=true&size=2000 "HTTP/1.1 400 Bad Request"
2026-01-08 11:26:03,335 - INFO - HTTP Request: GET https://planilhaandrieli.jords.site/api/database/rows/table/673/?user_field_names=true "HTTP/1.1 200 OK"
2026-01-08 11:26:04,533 - INFO - HTTP Request: GET https://planilhaandrieli.jords.site/api/database/rows/table/673/?user_field_names=true "HTTP/1.1 200 OK"
2026-01-08 11:26:04,534 - INFO - HTTP Request: GET https://planilhaandrieli.jords.site/api/database/rows/table/677/?user_field_names=true&size=2000 "HTTP/1.1 400 Bad Request"
2026-01-08 11:26:07,337 - INFO - HTTP Request: GET https://planilhaandrieli.jords.site/api/database/rows/table/677/?user_field_names=true&size=2000 "HTTP/1.1 400 Bad Request"
2026-01-08 11:26:07,381 - INFO - HTTP Request: GET https://planilhaandrieli.jords.site/api/database/rows/table/673/?user_field_names=true "HTTP/1.1 200 OK"
2026-01-08 11:26:09,484 - INFO - HTTP Request: GET https://planilhaandrieli.jords.site/api/database/rows/table/677/?user_field_names=true&size=2000 "HTTP/1.1 400 Bad Request"
2026-01-08 11:26:09,502 - INFO - HTTP Request: GET https://planilhaandrieli.jords.site/api/database/rows/table/673/?user_field_names=true "HTTP/1.1 200 OK"
2026-01-08 11:26:09,585 - INFO - HTTP Request: GET https://planilhaandrieli.jords.site/api/database/rows/table/677/?user_field_names=true&size=2000 "HTTP/1.1 400 Bad Request"
2026-01-08 11:26:09,615 - INFO - HTTP Request: GET https://planilhaandrieli.jords.site/api/database/rows/table/673/?user_field_names=true "HTTP/1.1 200 OK"
2026-01-08 11:26:13,355 - INFO - HTTP Request: GET https://planilhaandrieli.jords.site/api/database/rows/table/677/?user_field_names=true&size=2000 "HTTP/1.1 400 Bad Request"
2026-01-08 11:26:13,380 - INFO - HTTP Request: GET https://planilhaandrieli.jords.site/api/database/rows/table/673/?user_field_names=true "HTTP/1.1 200 OK"
2026-01-08 11:26:14,357 - INFO - HTTP Request: GET https://planilhaandrieli.jords.site/api/database/rows/table/677/?user_field_names=true&size=2000 "HTTP/1.1 400 Bad Request"
2026-01-08 11:26:14,381 - INFO - HTTP Request: GET https://planilhaandrieli.jords.site/api/database/rows/table/673/?user_field_names=true "HTTP/1.1 200 OK"
2026-01-08 11:26:19,294 - INFO - HTTP Request: GET https://planilhaandrieli.jords.site/api/database/rows/table/677/?user_field_names=true&size=2000 "HTTP/1.1 400 Bad Request"
2026-01-08 11:26:19,320 - INFO - HTTP Request: GET https://planilhaandrieli.jords.site/api/database/rows/table/673/?user_field_names=true "HTTP/1.1 200 OK"
2026-01-08 11:26:19,424 - INFO - HTTP Request: GET https://planilhaandrieli.jords.site/api/database/rows/table/677/?user_field_names=true&size=2000 "HTTP/1.1 400 Bad Request"
2026-01-08 11:26:19,457 - INFO - HTTP Request: GET https://planilhaandrieli.jords.site/api/database/rows/table/673/?user_field_names=true "HTTP/1.1 200 OK"
2026-01-08 11:26:23,313 - INFO - HTTP Request: GET https://planilhaandrieli.jords.site/api/database/rows/table/677/?user_field_names=true&size=2000 "HTTP/1.1 400 Bad Request"
2026-01-08 11:26:23,337 - INFO - HTTP Request: GET https://planilhaandrieli.jords.site/api/database/rows/table/673/?user_field_names=true "HTTP/1.1 200 OK"
2026-01-08 11:26:24,437 - INFO - HTTP Request: GET https://planilhaandrieli.jords.site/api/database/rows/table/677/?user_field_names=true&size=2000 "HTTP/1.1 400 Bad Request"
2026-01-08 11:26:24,452 - INFO - HTTP Request: GET https://planilhaandrieli.jords.site/api/database/rows/table/673/?user_field_names=true "HTTP/1.1 200 OK"
2026-01-08 11:26:29,306 - INFO - HTTP Request: GET https://planilhaandrieli.jords.site/api/database/rows/table/677/?user_field_names=true&size=2000 "HTTP/1.1 400 Bad Request"
2026-01-08 11:26:29,355 - INFO - HTTP Request: GET https://planilhaandrieli.jords.site/api/database/rows/table/677/?user_field_names=true&size=2000 "HTTP/1.1 400 Bad Request"
2026-01-08 11:26:29,365 - INFO - HTTP Request: GET https://planilhaandrieli.jords.site/api/database/rows/table/673/?user_field_names=true "HTTP/1.1 200 OK"
2026-01-08 11:26:29,380 - INFO - HTTP Request: GET https://planilhaandrieli.jords.site/api/database/rows/table/673/?user_field_names=true "HTTP/1.1 200 OK"
2026-01-08 11:26:33,464 - INFO - HTTP Request: GET https://planilhaandrieli.jords.site/api/database/rows/table/677/?user_field_names=true&size=2000 "HTTP/1.1 400 Bad Request"
2026-01-08 11:26:33,477 - INFO - HTTP Request: GET https://planilhaandrieli.jords.site/api/database/rows/table/673/?user_field_names=true "HTTP/1.1 200 OK"
2026-01-08 11:26:35,408 - INFO - HTTP Request: GET https://planilhaandrieli.jords.site/api/database/rows/table/677/?user_field_names=true&size=2000 "HTTP/1.1 400 Bad Request"
2026-01-08 11:26:35,469 - INFO - HTTP Request: GET https://planilhaandrieli.jords.site/api/database/rows/table/673/?user_field_names=true "HTTP/1.1 200 OK"
2026-01-08 11:26:41,300 - INFO - HTTP Request: GET https://planilhaandrieli.jords.site/api/database/rows/table/677/?user_field_names=true&size=2000 "HTTP/1.1 400 Bad Request"
2026-01-08 11:26:41,325 - INFO - HTTP Request: GET https://planilhaandrieli.jords.site/api/database/rows/table/673/?user_field_names=true "HTTP/1.1 200 OK"
2026-01-08 11:26:41,414 - INFO - HTTP Request: GET https://planilhaandrieli.jords.site/api/database/rows/table/677/?user_field_names=true&size=2000 "HTTP/1.1 400 Bad Request"
2026-01-08 11:26:41,433 - INFO - HTTP Request: GET https://planilhaandrieli.jords.site/api/database/rows/table/673/?user_field_names=true "HTTP/1.1 200 OK"
2026-01-08 11:26:43,365 - INFO - HTTP Request: GET https://planilhaandrieli.jords.site/api/database/rows/table/677/?user_field_names=true&size=2000 "HTTP/1.1 400 Bad Request"
2026-01-08 11:26:43,382 - INFO - HTTP Request: GET https://planilhaandrieli.jords.site/api/database/rows/table/673/?user_field_names=true "HTTP/1.1 200 OK"
2026-01-08 11:26:44,276 - INFO - HTTP Request: GET https://planilhaandrieli.jords.site/api/database/rows/table/677/?user_field_names=true&size=2000 "HTTP/1.1 400 Bad Request"
2026-01-08 11:26:44,294 - INFO - HTTP Request: GET https://planilhaandrieli.jords.site/api/database/rows/table/673/?user_field_names=true "HTTP/1.1 200 OK"
2026-01-08 11:26:49,069 - INFO - HTTP Request: GET https://planilhaandrieli.jords.site/api/database/rows/table/677/?user_field_names=true&size=2000 "HTTP/1.1 400 Bad Request"
2026-01-08 11:26:49,089 - INFO - HTTP Request: GET https://planilhaandrieli.jords.site/api/database/rows/table/673/?user_field_names=true "HTTP/1.1 200 OK"
2026-01-08 11:26:49,179 - INFO - HTTP Request: GET https://planilhaandrieli.jords.site/api/database/rows/table/677/?user_field_names=true&size=2000 "HTTP/1.1 400 Bad Request"
2026-01-08 11:26:49,195 - INFO - HTTP Request: GET https://planilhaandrieli.jords.site/api/database/rows/table/673/?user_field_names=true "HTTP/1.1 200 OK"
2026-01-08 11:26:53,475 - INFO - HTTP Request: GET https://planilhaandrieli.jords.site/api/database/rows/table/677/?user_field_names=true&size=2000 "HTTP/1.1 400 Bad Request"
2026-01-08 11:26:53,492 - INFO - HTTP Request: GET https://planilhaandrieli.jords.site/api/database/rows/table/673/?user_field_names=true "HTTP/1.1 200 OK"
2026-01-08 11:26:54,458 - INFO - HTTP Request: GET https://planilhaandrieli.jords.site/api/database/rows/table/677/?user_field_names=true&size=2000 "HTTP/1.1 400 Bad Request"
2026-01-08 11:26:54,482 - INFO - HTTP Request: GET https://planilhaandrieli.jords.site/api/database/rows/table/673/?user_field_names=true "HTTP/1.1 200 OK"
2026-01-08 11:26:59,348 - INFO - HTTP Request: GET https://planilhaandrieli.jords.site/api/database/rows/table/677/?user_field_names=true&size=2000 "HTTP/1.1 400 Bad Request"
2026-01-08 11:26:59,396 - INFO - HTTP Request: GET https://planilhaandrieli.jords.site/api/database/rows/table/673/?user_field_names=true "HTTP/1.1 200 OK"
2026-01-08 11:26:59,397 - INFO - HTTP Request: GET https://planilhaandrieli.jords.site/api/database/rows/table/677/?user_field_names=true&size=2000 "HTTP/1.1 400 Bad Request"
2026-01-08 11:26:59,411 - INFO - HTTP Request: GET https://planilhaandrieli.jords.site/api/database/rows/table/673/?user_field_names=true "HTTP/1.1 200 OK"
2026-01-08 11:27:03,324 - INFO - HTTP Request: GET https://planilhaandrieli.jords.site/api/database/rows/table/677/?user_field_names=true&size=2000 "HTTP/1.1 400 Bad Request"
2026-01-08 11:27:03,341 - INFO - HTTP Request: GET https://planilhaandrieli.jords.site/api/database/rows/table/673/?user_field_names=true "HTTP/1.1 200 OK"
2026-01-08 11:27:04,442 - INFO - HTTP Request: GET https://planilhaandrieli.jords.site/api/database/rows/table/677/?user_field_names=true&size=2000 "HTTP/1.1 400 Bad Request"
2026-01-08 11:27:04,466 - INFO - HTTP Request: GET https://planilhaandrieli.jords.site/api/database/rows/table/673/?user_field_names=true "HTTP/1.1 200 OK"
2026-01-08 11:27:06,944 - INFO - HTTP Request: GET https://planilhaandrieli.jords.site/api/database/rows/table/677/?user_field_names=true&size=2000 "HTTP/1.1 400 Bad Request"
2026-01-08 11:27:06,971 - INFO - HTTP Request: GET https://planilhaandrieli.jords.site/api/database/rows/table/673/?user_field_names=true "HTTP/1.1 200 OK"
2026-01-08 11:27:09,435 - INFO - HTTP Request: GET https://planilhaandrieli.jords.site/api/database/rows/table/677/?user_field_names=true&size=2000 "HTTP/1.1 400 Bad Request"
2026-01-08 11:27:09,481 - INFO - HTTP Request: GET https://planilhaandrieli.jords.site/api/database/rows/table/673/?user_field_names=true "HTTP/1.1 200 OK"
2026-01-08 11:27:09,560 - INFO - HTTP Request: GET https://planilhaandrieli.jords.site/api/database/rows/table/677/?user_field_names=true&size=2000 "HTTP/1.1 400 Bad Request"
2026-01-08 11:27:09,590 - INFO - HTTP Request: GET https://planilhaandrieli.jords.site/api/database/rows/table/673/?user_field_names=true "HTTP/1.1 200 OK"
2026-01-08 11:27:13,303 - INFO - HTTP Request: GET https://planilhaandrieli.jords.site/api/database/rows/table/677/?user_field_names=true&size=2000 "HTTP/1.1 400 Bad Request"
2026-01-08 11:27:13,313 - INFO - HTTP Request: GET https://planilhaandrieli.jords.site/api/database/rows/table/673/?user_field_names=true "HTTP/1.1 200 OK"
2026-01-08 11:27:14,499 - INFO - HTTP Request: GET https://planilhaandrieli.jords.site/api/database/rows/table/677/?user_field_names=true&size=2000 "HTTP/1.1 400 Bad Request"
2026-01-08 11:27:14,512 - INFO - HTTP Request: GET https://planilhaandrieli.jords.site/api/database/rows/table/673/?user_field_names=true "HTTP/1.1 200 OK"
2026-01-08 11:27:19,543 - INFO - HTTP Request: GET https://planilhaandrieli.jords.site/api/database/rows/table/677/?user_field_names=true&size=2000 "HTTP/1.1 400 Bad Request"
2026-01-08 11:27:19,556 - INFO - HTTP Request: GET https://planilhaandrieli.jords.site/api/database/rows/table/673/?user_field_names=true "HTTP/1.1 200 OK"
2026-01-08 11:27:19,647 - INFO - HTTP Request: GET https://planilhaandrieli.jords.site/api/database/rows/table/677/?user_field_names=true&size=2000 "HTTP/1.1 400 Bad Request"
2026-01-08 11:27:19,671 - INFO - HTTP Request: GET https://planilhaandrieli.jords.site/api/database/rows/table/673/?user_field_names=true "HTTP/1.1 200 OK"
2026-01-08 11:27:23,470 - INFO - HTTP Request: GET https://planilhaandrieli.jords.site/api/database/rows/table/677/?user_field_names=true&size=2000 "HTTP/1.1 400 Bad Request"
2026-01-08 11:27:23,477 - INFO - HTTP Request: GET https://planilhaandrieli.jords.site/api/database/rows/table/673/?user_field_names=true "HTTP/1.1 200 OK"
2026-01-08 11:27:24,604 - INFO - HTTP Request: GET https://planilhaandrieli.jords.site/api/database/rows/table/677/?user_field_names=true&size=2000 "HTTP/1.1 400 Bad Request"
2026-01-08 11:27:24,626 - INFO - HTTP Request: GET https://planilhaandrieli.jords.site/api/database/rows/table/673/?user_field_names=true "HTTP/1.1 200 OK"
2026-01-08 11:27:29,498 - INFO - HTTP Request: GET https://planilhaandrieli.jords.site/api/database/rows/table/677/?user_field_names=true&size=2000 "HTTP/1.1 400 Bad Request"
2026-01-08 11:27:29,565 - INFO - HTTP Request: GET https://planilhaandrieli.jords.site/api/database/rows/table/673/?user_field_names=true "HTTP/1.1 200 OK"
2026-01-08 11:27:29,583 - INFO - HTTP Request: GET https://planilhaandrieli.jords.site/api/database/rows/table/673/?user_field_names=true "HTTP/1.1 200 OK"
2026-01-08 11:27:29,586 - INFO - HTTP Request: GET https://planilhaandrieli.jords.site/api/database/rows/table/677/?user_field_names=true&size=2000 "HTTP/1.1 400 Bad Request"
2026-01-08 11:27:33,422 - INFO - HTTP Request: GET https://planilhaandrieli.jords.site/api/database/rows/table/677/?user_field_names=true&size=2000 "HTTP/1.1 400 Bad Request"
2026-01-08 11:27:33,447 - INFO - HTTP Request: GET https://planilhaandrieli.jords.site/api/database/rows/table/673/?user_field_names=true "HTTP/1.1 200 OK"
2026-01-08 11:27:34,380 - INFO - HTTP Request: GET https://planilhaandrieli.jords.site/api/database/rows/table/677/?user_field_names=true&size=2000 "HTTP/1.1 400 Bad Request"
2026-01-08 11:27:34,395 - INFO - HTTP Request: GET https://planilhaandrieli.jords.site/api/database/rows/table/673/?user_field_names=true "HTTP/1.1 200 OK"
2026-01-08 11:27:39,387 - INFO - HTTP Request: GET https://planilhaandrieli.jords.site/api/database/rows/table/677/?user_field_names=true&size=2000 "HTTP/1.1 400 Bad Request"
2026-01-08 11:27:39,408 - INFO - HTTP Request: GET https://planilhaandrieli.jords.site/api/database/rows/table/673/?user_field_names=true "HTTP/1.1 200 OK"
2026-01-08 11:27:39,506 - INFO - HTTP Request: GET https://planilhaandrieli.jords.site/api/database/rows/table/677/?user_field_names=true&size=2000 "HTTP/1.1 400 Bad Request"
2026-01-08 11:27:39,572 - INFO - HTTP Request: GET https://planilhaandrieli.jords.site/api/database/rows/table/673/?user_field_names=true "HTTP/1.1 200 OK"
2026-01-08 11:27:43,365 - INFO - HTTP Request: GET https://planilhaandrieli.jords.site/api/database/rows/table/673/?user_field_names=true "HTTP/1.1 200 OK"
2026-01-08 11:27:44,012 - INFO - HTTP Request: GET https://planilhaandrieli.jords.site/api/database/rows/table/677/?user_field_names=true&size=2000 "HTTP/1.1 400 Bad Request"
2026-01-08 11:27:44,437 - INFO - HTTP Request: GET https://planilhaandrieli.jords.site/api/database/rows/table/677/?user_field_names=true&size=2000 "HTTP/1.1 400 Bad Request"
2026-01-08 11:27:44,462 - INFO - HTTP Request: GET https://planilhaandrieli.jords.site/api/database/rows/table/673/?user_field_names=true "HTTP/1.1 200 OK"
2026-01-08 11:27:53,276 - INFO - HTTP Request: GET https://planilhaandrieli.jords.site/api/database/rows/table/673/?user_field_names=true "HTTP/1.1 200 OK"
2026-01-08 11:27:53,277 - INFO - HTTP Request: GET https://planilhaandrieli.jords.site/api/database/rows/table/673/?user_field_names=true "HTTP/1.1 200 OK"
2026-01-08 11:27:53,278 - INFO - HTTP Request: GET https://planilhaandrieli.jords.site/api/database/rows/table/677/?user_field_names=true&size=2000 "HTTP/1.1 400 Bad Request"
2026-01-08 11:27:53,278 - INFO - HTTP Request: GET https://planilhaandrieli.jords.site/api/database/rows/table/677/?user_field_names=true&size=2000 "HTTP/1.1 400 Bad Request"
2026-01-08 11:27:53,474 - INFO - HTTP Request: GET https://planilhaandrieli.jords.site/api/database/rows/table/677/?user_field_names=true&size=2000 "HTTP/1.1 400 Bad Request"
2026-01-08 11:27:53,496 - INFO - HTTP Request: GET https://planilhaandrieli.jords.site/api/database/rows/table/673/?user_field_names=true "HTTP/1.1 200 OK"
2026-01-08 11:27:54,882 - INFO - HTTP Request: GET https://planilhaandrieli.jords.site/api/database/rows/table/677/?user_field_names=true&size=2000 "HTTP/1.1 400 Bad Request"
2026-01-08 11:27:54,908 - INFO - HTTP Request: GET https://planilhaandrieli.jords.site/api/database/rows/table/673/?user_field_names=true "HTTP/1.1 200 OK"
2026-01-08 11:27:59,800 - INFO - HTTP Request: GET https://planilhaandrieli.jords.site/api/database/rows/table/677/?user_field_names=true&size=2000 "HTTP/1.1 400 Bad Request"
2026-01-08 11:27:59,854 - INFO - HTTP Request: GET https://planilhaandrieli.jords.site/api/database/rows/table/673/?user_field_names=true "HTTP/1.1 200 OK"
2026-01-08 11:27:59,873 - INFO - HTTP Request: GET https://planilhaandrieli.jords.site/api/database/rows/table/677/?user_field_names=true&size=2000 "HTTP/1.1 400 Bad Request"
2026-01-08 11:27:59,888 - INFO - HTTP Request: GET https://planilhaandrieli.jords.site/api/database/rows/table/673/?user_field_names=true "HTTP/1.1 200 OK"
2026-01-08 11:28:03,351 - INFO - HTTP Request: GET https://planilhaandrieli.jords.site/api/database/rows/table/677/?user_field_names=true&size=2000 "HTTP/1.1 400 Bad Request"
2026-01-08 11:28:03,374 - INFO - HTTP Request: GET https://planilhaandrieli.jords.site/api/database/rows/table/673/?user_field_names=true "HTTP/1.1 200 OK"
2026-01-08 11:28:04,507 - INFO - HTTP Request: GET https://planilhaandrieli.jords.site/api/database/rows/table/677/?user_field_names=true&size=2000 "HTTP/1.1 400 Bad Request"
2026-01-08 11:28:04,522 - INFO - HTTP Request: GET https://planilhaandrieli.jords.site/api/database/rows/table/673/?user_field_names=true "HTTP/1.1 200 OK"
2026-01-08 11:28:07,169 - INFO - HTTP Request: GET https://planilhaandrieli.jords.site/api/database/rows/table/677/?user_field_names=true&size=2000 "HTTP/1.1 400 Bad Request"
2026-01-08 11:28:07,186 - INFO - HTTP Request: GET https://planilhaandrieli.jords.site/api/database/rows/table/673/?user_field_names=true "HTTP/1.1 200 OK"
2026-01-08 11:28:09,599 - INFO - HTTP Request: GET https://planilhaandrieli.jords.site/api/database/rows/table/673/?user_field_names=true "HTTP/1.1 200 OK"
2026-01-08 11:28:09,766 - INFO - HTTP Request: GET https://planilhaandrieli.jords.site/api/database/rows/table/677/?user_field_names=true&size=2000 "HTTP/1.1 400 Bad Request"
2026-01-08 11:28:09,853 - INFO - HTTP Request: GET https://planilhaandrieli.jords.site/api/database/rows/table/673/?user_field_names=true "HTTP/1.1 200 OK"
2026-01-08 11:28:10,055 - INFO - HTTP Request: GET https://planilhaandrieli.jords.site/api/database/rows/table/677/?user_field_names=true&size=2000 "HTTP/1.1 400 Bad Request"
2026-01-08 11:28:13,464 - INFO - HTTP Request: GET https://planilhaandrieli.jords.site/api/database/rows/table/677/?user_field_names=true&size=2000 "HTTP/1.1 400 Bad Request"
2026-01-08 11:28:13,497 - INFO - HTTP Request: GET https://planilhaandrieli.jords.site/api/database/rows/table/673/?user_field_names=true "HTTP/1.1 200 OK"
2026-01-08 11:28:14,386 - INFO - HTTP Request: GET https://planilhaandrieli.jords.site/api/database/rows/table/677/?user_field_names=true&size=2000 "HTTP/1.1 400 Bad Request"
2026-01-08 11:28:14,399 - INFO - HTTP Request: GET https://planilhaandrieli.jords.site/api/database/rows/table/673/?user_field_names=true "HTTP/1.1 200 OK"
2026-01-08 11:28:19,865 - INFO - HTTP Request: GET https://planilhaandrieli.jords.site/api/database/rows/table/677/?user_field_names=true&size=2000 "HTTP/1.1 400 Bad Request"
2026-01-08 11:28:19,885 - INFO - HTTP Request: GET https://planilhaandrieli.jords.site/api/database/rows/table/673/?user_field_names=true "HTTP/1.1 200 OK"
2026-01-08 11:28:19,983 - INFO - HTTP Request: GET https://planilhaandrieli.jords.site/api/database/rows/table/677/?user_field_names=true&size=2000 "HTTP/1.1 400 Bad Request"
2026-01-08 11:28:20,002 - INFO - HTTP Request: GET https://planilhaandrieli.jords.site/api/database/rows/table/673/?user_field_names=true "HTTP/1.1 200 OK"
2026-01-08 11:28:23,315 - INFO - HTTP Request: GET https://planilhaandrieli.jords.site/api/database/rows/table/677/?user_field_names=true&size=2000 "HTTP/1.1 400 Bad Request"
2026-01-08 11:28:23,334 - INFO - HTTP Request: GET https://planilhaandrieli.jords.site/api/database/rows/table/673/?user_field_names=true "HTTP/1.1 200 OK"
2026-01-08 11:28:24,497 - INFO - HTTP Request: GET https://planilhaandrieli.jords.site/api/database/rows/table/677/?user_field_names=true&size=2000 "HTTP/1.1 400 Bad Request"
2026-01-08 11:28:24,506 - INFO - HTTP Request: GET https://planilhaandrieli.jords.site/api/database/rows/table/673/?user_field_names=true "HTTP/1.1 200 OK"
2026-01-08 11:28:29,754 - INFO - HTTP Request: GET https://planilhaandrieli.jords.site/api/database/rows/table/677/?user_field_names=true&size=2000 "HTTP/1.1 400 Bad Request"
2026-01-08 11:28:29,756 - INFO - HTTP Request: GET https://planilhaandrieli.jords.site/api/database/rows/table/677/?user_field_names=true&size=2000 "HTTP/1.1 400 Bad Request"
2026-01-08 11:28:29,766 - INFO - HTTP Request: GET https://planilhaandrieli.jords.site/api/database/rows/table/673/?user_field_names=true "HTTP/1.1 200 OK"
2026-01-08 11:28:29,780 - INFO - HTTP Request: GET https://planilhaandrieli.jords.site/api/database/rows/table/673/?user_field_names=true "HTTP/1.1 200 OK"
2026-01-08 11:28:33,374 - INFO - HTTP Request: GET https://planilhaandrieli.jords.site/api/database/rows/table/677/?user_field_names=true&size=2000 "HTTP/1.1 400 Bad Request"
2026-01-08 11:28:33,387 - INFO - HTTP Request: GET https://planilhaandrieli.jords.site/api/database/rows/table/673/?user_field_names=true "HTTP/1.1 200 OK"
2026-01-08 11:28:34,389 - INFO - HTTP Request: GET https://planilhaandrieli.jords.site/api/database/rows/table/677/?user_field_names=true&size=2000 "HTTP/1.1 400 Bad Request"
2026-01-08 11:28:34,410 - INFO - HTTP Request: GET https://planilhaandrieli.jords.site/api/database/rows/table/673/?user_field_names=true "HTTP/1.1 200 OK"
2026-01-08 11:28:39,436 - INFO - HTTP Request: GET https://planilhaandrieli.jords.site/api/database/rows/table/677/?user_field_names=true&size=2000 "HTTP/1.1 400 Bad Request"
2026-01-08 11:28:39,475 - INFO - HTTP Request: GET https://planilhaandrieli.jords.site/api/database/rows/table/673/?user_field_names=true "HTTP/1.1 200 OK"
2026-01-08 11:28:39,548 - INFO - HTTP Request: GET https://planilhaandrieli.jords.site/api/database/rows/table/677/?user_field_names=true&size=2000 "HTTP/1.1 400 Bad Request"
2026-01-08 11:28:39,583 - INFO - HTTP Request: GET https://planilhaandrieli.jords.site/api/database/rows/table/673/?user_field_names=true "HTTP/1.1 200 OK"
2026-01-08 11:28:44,090 - INFO - HTTP Request: GET https://planilhaandrieli.jords.site/api/database/rows/table/677/?user_field_names=true&size=2000 "HTTP/1.1 400 Bad Request"
2026-01-08 11:28:44,091 - INFO - HTTP Request: GET https://planilhaandrieli.jords.site/api/database/rows/table/673/?user_field_names=true "HTTP/1.1 200 OK"
2026-01-08 11:28:44,484 - INFO - HTTP Request: GET https://planilhaandrieli.jords.site/api/database/rows/table/677/?user_field_names=true&size=2000 "HTTP/1.1 400 Bad Request"
2026-01-08 11:28:44,496 - INFO - HTTP Request: GET https://planilhaandrieli.jords.site/api/database/rows/table/673/?user_field_names=true "HTTP/1.1 200 OK"
2026-01-08 11:28:49,458 - INFO - HTTP Request: GET https://planilhaandrieli.jords.site/api/database/rows/table/677/?user_field_names=true&size=2000 "HTTP/1.1 400 Bad Request"
2026-01-08 11:28:49,500 - INFO - HTTP Request: GET https://planilhaandrieli.jords.site/api/database/rows/table/673/?user_field_names=true "HTTP/1.1 200 OK"
2026-01-08 11:28:49,574 - INFO - HTTP Request: GET https://planilhaandrieli.jords.site/api/database/rows/table/677/?user_field_names=true&size=2000 "HTTP/1.1 400 Bad Request"
2026-01-08 11:28:49,580 - INFO - HTTP Request: GET https://planilhaandrieli.jords.site/api/database/rows/table/673/?user_field_names=true "HTTP/1.1 200 OK"
2026-01-08 11:28:53,337 - INFO - HTTP Request: GET https://planilhaandrieli.jords.site/api/database/rows/table/677/?user_field_names=true&size=2000 "HTTP/1.1 400 Bad Request"
2026-01-08 11:28:53,354 - INFO - HTTP Request: GET https://planilhaandrieli.jords.site/api/database/rows/table/673/?user_field_names=true "HTTP/1.1 200 OK"
2026-01-08 11:28:54,422 - INFO - HTTP Request: GET https://planilhaandrieli.jords.site/api/database/rows/table/677/?user_field_names=true&size=2000 "HTTP/1.1 400 Bad Request"
2026-01-08 11:28:54,437 - INFO - HTTP Request: GET https://planilhaandrieli.jords.site/api/database/rows/table/673/?user_field_names=true "HTTP/1.1 200 OK"
2026-01-08 11:28:59,742 - INFO - HTTP Request: GET https://planilhaandrieli.jords.site/api/database/rows/table/677/?user_field_names=true&size=2000 "HTTP/1.1 400 Bad Request"
2026-01-08 11:28:59,746 - INFO - HTTP Request: GET https://planilhaandrieli.jords.site/api/database/rows/table/677/?user_field_names=true&size=2000 "HTTP/1.1 400 Bad Request"
2026-01-08 11:28:59,788 - INFO - HTTP Request: GET https://planilhaandrieli.jords.site/api/database/rows/table/673/?user_field_names=true "HTTP/1.1 200 OK"
2026-01-08 11:28:59,790 - INFO - HTTP Request: GET https://planilhaandrieli.jords.site/api/database/rows/table/673/?user_field_names=true "HTTP/1.1 200 OK"
2026-01-08 11:29:04,973 - INFO - HTTP Request: GET https://planilhaandrieli.jords.site/api/database/rows/table/673/?user_field_names=true "HTTP/1.1 200 OK"
2026-01-08 11:29:04,977 - INFO - HTTP Request: GET https://planilhaandrieli.jords.site/api/database/rows/table/677/?user_field_names=true&size=2000 "HTTP/1.1 400 Bad Request"
2026-01-08 11:29:05,403 - INFO - HTTP Request: GET https://planilhaandrieli.jords.site/api/database/rows/table/677/?user_field_names=true&size=2000 "HTTP/1.1 400 Bad Request"
2026-01-08 11:29:05,423 - INFO - HTTP Request: GET https://planilhaandrieli.jords.site/api/database/rows/table/673/?user_field_names=true "HTTP/1.1 200 OK"
2026-01-08 11:29:09,612 - INFO - HTTP Request: GET https://planilhaandrieli.jords.site/api/database/rows/table/677/?user_field_names=true&size=2000 "HTTP/1.1 400 Bad Request"
2026-01-08 11:29:09,615 - INFO - HTTP Request: GET https://planilhaandrieli.jords.site/api/database/rows/table/673/?user_field_names=true "HTTP/1.1 200 OK"
2026-01-08 11:29:11,661 - INFO - HTTP Request: GET https://planilhaandrieli.jords.site/api/database/rows/table/677/?user_field_names=true&size=2000 "HTTP/1.1 400 Bad Request"
2026-01-08 11:29:11,692 - INFO - HTTP Request: GET https://planilhaandrieli.jords.site/api/database/rows/table/673/?user_field_names=true "HTTP/1.1 200 OK"
2026-01-08 11:29:11,765 - INFO - HTTP Request: GET https://planilhaandrieli.jords.site/api/database/rows/table/677/?user_field_names=true&size=2000 "HTTP/1.1 400 Bad Request"
2026-01-08 11:29:11,781 - INFO - HTTP Request: GET https://planilhaandrieli.jords.site/api/database/rows/table/673/?user_field_names=true "HTTP/1.1 200 OK"
2026-01-08 11:29:15,805 - INFO - HTTP Request: GET https://planilhaandrieli.jords.site/api/database/rows/table/677/?user_field_names=true&size=2000 "HTTP/1.1 400 Bad Request"
2026-01-08 11:29:15,819 - INFO - HTTP Request: GET https://planilhaandrieli.jords.site/api/database/rows/table/673/?user_field_names=true "HTTP/1.1 200 OK"
2026-01-08 11:29:15,884 - INFO - HTTP Request: GET https://planilhaandrieli.jords.site/api/database/rows/table/673/?user_field_names=true "HTTP/1.1 200 OK"
2026-01-08 11:29:15,895 - INFO - HTTP Request: GET https://planilhaandrieli.jords.site/api/database/rows/table/677/?user_field_names=true&size=2000 "HTTP/1.1 400 Bad Request"
2026-01-08 11:29:30,676 - INFO - HTTP Request: GET https://planilhaandrieli.jords.site/api/database/rows/table/677/?user_field_names=true&size=2000 "HTTP/1.1 400 Bad Request"
2026-01-08 11:29:30,954 - INFO - HTTP Request: GET https://planilhaandrieli.jords.site/api/database/rows/table/677/?user_field_names=true&size=2000 "HTTP/1.1 400 Bad Request"
2026-01-08 11:29:30,979 - INFO - HTTP Request: GET https://planilhaandrieli.jords.site/api/database/rows/table/677/?user_field_names=true&size=2000 "HTTP/1.1 400 Bad Request"
2026-01-08 11:29:31,058 - INFO - HTTP Request: GET https://planilhaandrieli.jords.site/api/database/rows/table/677/?user_field_names=true&size=2000 "HTTP/1.1 400 Bad Request"
2026-01-08 11:29:31,067 - INFO - HTTP Request: GET https://planilhaandrieli.jords.site/api/database/rows/table/673/?user_field_names=true "HTTP/1.1 200 OK"
2026-01-08 11:29:31,072 - INFO - HTTP Request: GET https://planilhaandrieli.jords.site/api/database/rows/table/673/?user_field_names=true "HTTP/1.1 200 OK"
2026-01-08 11:29:31,173 - INFO - HTTP Request: GET https://planilhaandrieli.jords.site/api/database/rows/table/677/?user_field_names=true&size=2000 "HTTP/1.1 400 Bad Request"
2026-01-08 11:29:31,264 - INFO - HTTP Request: GET https://planilhaandrieli.jords.site/api/database/rows/table/677/?user_field_names=true&size=2000 "HTTP/1.1 400 Bad Request"
2026-01-08 11:29:31,274 - INFO - HTTP Request: GET https://planilhaandrieli.jords.site/api/database/rows/table/673/?user_field_names=true "HTTP/1.1 200 OK"
2026-01-08 11:29:31,347 - INFO - HTTP Request: GET https://planilhaandrieli.jords.site/api/database/rows/table/673/?user_field_names=true "HTTP/1.1 200 OK"
2026-01-08 11:29:31,364 - INFO - HTTP Request: GET https://planilhaandrieli.jords.site/api/database/rows/table/673/?user_field_names=true "HTTP/1.1 200 OK"
2026-01-08 11:29:31,595 - INFO - HTTP Request: GET https://planilhaandrieli.jords.site/api/database/rows/table/673/?user_field_names=true "HTTP/1.1 200 OK"
2026-01-08 11:29:33,374 - INFO - HTTP Request: GET https://planilhaandrieli.jords.site/api/database/rows/table/677/?user_field_names=true&size=2000 "HTTP/1.1 400 Bad Request"
2026-01-08 11:29:33,384 - INFO - HTTP Request: GET https://planilhaandrieli.jords.site/api/database/rows/table/673/?user_field_names=true "HTTP/1.1 200 OK"
2026-01-08 11:29:34,367 - INFO - HTTP Request: GET https://planilhaandrieli.jords.site/api/database/rows/table/677/?user_field_names=true&size=2000 "HTTP/1.1 400 Bad Request"
2026-01-08 11:29:34,383 - INFO - HTTP Request: GET https://planilhaandrieli.jords.site/api/database/rows/table/673/?user_field_names=true "HTTP/1.1 200 OK"
2026-01-08 11:29:39,094 - INFO - HTTP Request: GET https://planilhaandrieli.jords.site/api/database/rows/table/677/?user_field_names=true&size=2000 "HTTP/1.1 400 Bad Request"
2026-01-08 11:29:39,121 - INFO - HTTP Request: GET https://planilhaandrieli.jords.site/api/database/rows/table/673/?user_field_names=true "HTTP/1.1 200 OK"
2026-01-08 11:29:39,224 - INFO - HTTP Request: GET https://planilhaandrieli.jords.site/api/database/rows/table/677/?user_field_names=true&size=2000 "HTTP/1.1 400 Bad Request"
2026-01-08 11:29:39,246 - INFO - HTTP Request: GET https://planilhaandrieli.jords.site/api/database/rows/table/673/?user_field_names=true "HTTP/1.1 200 OK"
2026-01-08 11:29:43,222 - INFO - HTTP Request: GET https://planilhaandrieli.jords.site/api/database/rows/table/677/?user_field_names=true&size=2000 "HTTP/1.1 400 Bad Request"
2026-01-08 11:29:43,236 - INFO - HTTP Request: GET https://planilhaandrieli.jords.site/api/database/rows/table/673/?user_field_names=true "HTTP/1.1 200 OK"
2026-01-08 11:29:44,282 - INFO - HTTP Request: GET https://planilhaandrieli.jords.site/api/database/rows/table/677/?user_field_names=true&size=2000 "HTTP/1.1 400 Bad Request"
2026-01-08 11:29:44,300 - INFO - HTTP Request: GET https://planilhaandrieli.jords.site/api/database/rows/table/673/?user_field_names=true "HTTP/1.1 200 OK"
2026-01-08 11:29:49,125 - INFO - HTTP Request: GET https://planilhaandrieli.jords.site/api/database/rows/table/677/?user_field_names=true&size=2000 "HTTP/1.1 400 Bad Request"
2026-01-08 11:29:49,138 - INFO - HTTP Request: GET https://planilhaandrieli.jords.site/api/database/rows/table/673/?user_field_names=true "HTTP/1.1 200 OK"
2026-01-08 11:29:49,215 - INFO - HTTP Request: GET https://planilhaandrieli.jords.site/api/database/rows/table/677/?user_field_names=true&size=2000 "HTTP/1.1 400 Bad Request"
2026-01-08 11:29:49,238 - INFO - HTTP Request: GET https://planilhaandrieli.jords.site/api/database/rows/table/673/?user_field_names=true "HTTP/1.1 200 OK"
2026-01-08 11:29:54,281 - INFO - HTTP Request: GET https://planilhaandrieli.jords.site/api/database/rows/table/673/?user_field_names=true "HTTP/1.1 200 OK"
2026-01-08 11:29:54,360 - INFO - HTTP Request: GET https://planilhaandrieli.jords.site/api/database/rows/table/677/?user_field_names=true&size=2000 "HTTP/1.1 400 Bad Request"
2026-01-08 11:29:54,376 - INFO - HTTP Request: GET https://planilhaandrieli.jords.site/api/database/rows/table/677/?user_field_names=true&size=2000 "HTTP/1.1 400 Bad Request"
2026-01-08 11:29:54,421 - INFO - HTTP Request: GET https://planilhaandrieli.jords.site/api/database/rows/table/673/?user_field_names=true "HTTP/1.1 200 OK"
2026-01-08 11:29:59,189 - INFO - HTTP Request: GET https://planilhaandrieli.jords.site/api/database/rows/table/677/?user_field_names=true&size=2000 "HTTP/1.1 400 Bad Request"
2026-01-08 11:29:59,287 - INFO - HTTP Request: GET https://planilhaandrieli.jords.site/api/database/rows/table/673/?user_field_names=true "HTTP/1.1 200 OK"
2026-01-08 11:29:59,288 - INFO - HTTP Request: GET https://planilhaandrieli.jords.site/api/database/rows/table/677/?user_field_names=true&size=2000 "HTTP/1.1 400 Bad Request"
2026-01-08 11:29:59,299 - INFO - HTTP Request: GET https://planilhaandrieli.jords.site/api/database/rows/table/673/?user_field_names=true "HTTP/1.1 200 OK"
2026-01-08 11:30:03,237 - INFO - HTTP Request: GET https://planilhaandrieli.jords.site/api/database/rows/table/677/?user_field_names=true&size=2000 "HTTP/1.1 400 Bad Request"
2026-01-08 11:30:03,259 - INFO - HTTP Request: GET https://planilhaandrieli.jords.site/api/database/rows/table/673/?user_field_names=true "HTTP/1.1 200 OK"
2026-01-08 11:30:04,280 - INFO - HTTP Request: GET https://planilhaandrieli.jords.site/api/database/rows/table/677/?user_field_names=true&size=2000 "HTTP/1.1 400 Bad Request"
2026-01-08 11:30:04,288 - INFO - HTTP Request: GET https://planilhaandrieli.jords.site/api/database/rows/table/673/?user_field_names=true "HTTP/1.1 200 OK"
2026-01-08 11:30:07,040 - INFO - HTTP Request: GET https://planilhaandrieli.jords.site/api/database/rows/table/677/?user_field_names=true&size=2000 "HTTP/1.1 400 Bad Request"
2026-01-08 11:30:07,071 - INFO - HTTP Request: GET https://planilhaandrieli.jords.site/api/database/rows/table/673/?user_field_names=true "HTTP/1.1 200 OK"
2026-01-08 11:30:09,094 - INFO - HTTP Request: GET https://planilhaandrieli.jords.site/api/database/rows/table/677/?user_field_names=true&size=2000 "HTTP/1.1 400 Bad Request"
2026-01-08 11:30:09,107 - INFO - HTTP Request: GET https://planilhaandrieli.jords.site/api/database/rows/table/673/?user_field_names=true "HTTP/1.1 200 OK"
2026-01-08 11:30:09,186 - INFO - HTTP Request: GET https://planilhaandrieli.jords.site/api/database/rows/table/677/?user_field_names=true&size=2000 "HTTP/1.1 400 Bad Request"
2026-01-08 11:30:09,205 - INFO - HTTP Request: GET https://planilhaandrieli.jords.site/api/database/rows/table/673/?user_field_names=true "HTTP/1.1 200 OK"
2026-01-08 11:30:13,241 - INFO - HTTP Request: GET https://planilhaandrieli.jords.site/api/database/rows/table/677/?user_field_names=true&size=2000 "HTTP/1.1 400 Bad Request"
2026-01-08 11:30:13,279 - INFO - HTTP Request: GET https://planilhaandrieli.jords.site/api/database/rows/table/673/?user_field_names=true "HTTP/1.1 200 OK"
2026-01-08 11:30:14,272 - INFO - HTTP Request: GET https://planilhaandrieli.jords.site/api/database/rows/table/677/?user_field_names=true&size=2000 "HTTP/1.1 400 Bad Request"
2026-01-08 11:30:14,284 - INFO - HTTP Request: GET https://planilhaandrieli.jords.site/api/database/rows/table/673/?user_field_names=true "HTTP/1.1 200 OK"
2026-01-08 11:30:19,550 - INFO - HTTP Request: GET https://planilhaandrieli.jords.site/api/database/rows/table/677/?user_field_names=true&size=2000 "HTTP/1.1 400 Bad Request"
2026-01-08 11:30:19,561 - INFO - HTTP Request: GET https://planilhaandrieli.jords.site/api/database/rows/table/677/?user_field_names=true&size=2000 "HTTP/1.1 400 Bad Request"
2026-01-08 11:30:19,574 - INFO - HTTP Request: GET https://planilhaandrieli.jords.site/api/database/rows/table/673/?user_field_names=true "HTTP/1.1 200 OK"
2026-01-08 11:30:19,583 - INFO - HTTP Request: GET https://planilhaandrieli.jords.site/api/database/rows/table/673/?user_field_names=true "HTTP/1.1 200 OK"
2026-01-08 11:30:23,206 - INFO - HTTP Request: GET https://planilhaandrieli.jords.site/api/database/rows/table/677/?user_field_names=true&size=2000 "HTTP/1.1 400 Bad Request"
2026-01-08 11:30:23,226 - INFO - HTTP Request: GET https://planilhaandrieli.jords.site/api/database/rows/table/673/?user_field_names=true "HTTP/1.1 200 OK"
2026-01-08 11:30:24,296 - INFO - HTTP Request: GET https://planilhaandrieli.jords.site/api/database/rows/table/677/?user_field_names=true&size=2000 "HTTP/1.1 400 Bad Request"
2026-01-08 11:30:24,343 - INFO - HTTP Request: GET https://planilhaandrieli.jords.site/api/database/rows/table/673/?user_field_names=true "HTTP/1.1 200 OK"
2026-01-08 11:30:29,356 - INFO - HTTP Request: GET https://planilhaandrieli.jords.site/api/database/rows/table/673/?user_field_names=true "HTTP/1.1 200 OK"
2026-01-08 11:30:29,358 - INFO - HTTP Request: GET https://planilhaandrieli.jords.site/api/database/rows/table/677/?user_field_names=true&size=2000 "HTTP/1.1 400 Bad Request"
2026-01-08 11:30:29,428 - INFO - HTTP Request: GET https://planilhaandrieli.jords.site/api/database/rows/table/673/?user_field_names=true "HTTP/1.1 200 OK"
2026-01-08 11:30:29,429 - INFO - HTTP Request: GET https://planilhaandrieli.jords.site/api/database/rows/table/677/?user_field_names=true&size=2000 "HTTP/1.1 400 Bad Request"
2026-01-08 11:30:35,517 - INFO - HTTP Request: GET https://planilhaandrieli.jords.site/api/database/rows/table/677/?user_field_names=true&size=2000 "HTTP/1.1 400 Bad Request"
2026-01-08 11:30:35,526 - INFO - HTTP Request: GET https://planilhaandrieli.jords.site/api/database/rows/table/673/?user_field_names=true "HTTP/1.1 200 OK"
2026-01-08 11:30:35,585 - INFO - HTTP Request: GET https://planilhaandrieli.jords.site/api/database/rows/table/677/?user_field_names=true&size=2000 "HTTP/1.1 400 Bad Request"
2026-01-08 11:30:35,605 - INFO - HTTP Request: GET https://planilhaandrieli.jords.site/api/database/rows/table/673/?user_field_names=true "HTTP/1.1 200 OK"
2026-01-08 11:30:39,131 - INFO - HTTP Request: GET https://planilhaandrieli.jords.site/api/database/rows/table/677/?user_field_names=true&size=2000 "HTTP/1.1 400 Bad Request"
2026-01-08 11:30:39,146 - INFO - HTTP Request: GET https://planilhaandrieli.jords.site/api/database/rows/table/673/?user_field_names=true "HTTP/1.1 200 OK"
2026-01-08 11:30:39,251 - INFO - HTTP Request: GET https://planilhaandrieli.jords.site/api/database/rows/table/677/?user_field_names=true&size=2000 "HTTP/1.1 400 Bad Request"
2026-01-08 11:30:39,267 - INFO - HTTP Request: GET https://planilhaandrieli.jords.site/api/database/rows/table/673/?user_field_names=true "HTTP/1.1 200 OK"
2026-01-08 11:30:43,272 - INFO - HTTP Request: GET https://planilhaandrieli.jords.site/api/database/rows/table/677/?user_field_names=true&size=2000 "HTTP/1.1 400 Bad Request"
2026-01-08 11:30:43,312 - INFO - HTTP Request: GET https://planilhaandrieli.jords.site/api/database/rows/table/673/?user_field_names=true "HTTP/1.1 200 OK"
2026-01-08 11:30:44,275 - INFO - HTTP Request: GET https://planilhaandrieli.jords.site/api/database/rows/table/677/?user_field_names=true&size=2000 "HTTP/1.1 400 Bad Request"
2026-01-08 11:30:44,294 - INFO - HTTP Request: GET https://planilhaandrieli.jords.site/api/database/rows/table/673/?user_field_names=true "HTTP/1.1 200 OK"
2026-01-08 11:30:49,171 - INFO - HTTP Request: GET https://planilhaandrieli.jords.site/api/database/rows/table/677/?user_field_names=true&size=2000 "HTTP/1.1 400 Bad Request"
2026-01-08 11:30:49,188 - INFO - HTTP Request: GET https://planilhaandrieli.jords.site/api/database/rows/table/673/?user_field_names=true "HTTP/1.1 200 OK"
2026-01-08 11:30:49,277 - INFO - HTTP Request: GET https://planilhaandrieli.jords.site/api/database/rows/table/673/?user_field_names=true "HTTP/1.1 200 OK"
2026-01-08 11:30:49,278 - INFO - HTTP Request: GET https://planilhaandrieli.jords.site/api/database/rows/table/677/?user_field_names=true&size=2000 "HTTP/1.1 400 Bad Request"
2026-01-08 11:30:53,208 - INFO - HTTP Request: GET https://planilhaandrieli.jords.site/api/database/rows/table/677/?user_field_names=true&size=2000 "HTTP/1.1 400 Bad Request"
2026-01-08 11:30:53,228 - INFO - HTTP Request: GET https://planilhaandrieli.jords.site/api/database/rows/table/673/?user_field_names=true "HTTP/1.1 200 OK"
2026-01-08 11:30:54,277 - INFO - HTTP Request: GET https://planilhaandrieli.jords.site/api/database/rows/table/677/?user_field_names=true&size=2000 "HTTP/1.1 400 Bad Request"
2026-01-08 11:30:54,286 - INFO - HTTP Request: GET https://planilhaandrieli.jords.site/api/database/rows/table/673/?user_field_names=true "HTTP/1.1 200 OK"
2026-01-08 11:30:59,241 - INFO - HTTP Request: GET https://planilhaandrieli.jords.site/api/database/rows/table/677/?user_field_names=true&size=2000 "HTTP/1.1 400 Bad Request"
2026-01-08 11:30:59,250 - INFO - HTTP Request: GET https://planilhaandrieli.jords.site/api/database/rows/table/673/?user_field_names=true "HTTP/1.1 200 OK"
2026-01-08 11:30:59,251 - INFO - HTTP Request: GET https://planilhaandrieli.jords.site/api/database/rows/table/677/?user_field_names=true&size=2000 "HTTP/1.1 400 Bad Request"
2026-01-08 11:30:59,273 - INFO - HTTP Request: GET https://planilhaandrieli.jords.site/api/database/rows/table/673/?user_field_names=true "HTTP/1.1 200 OK"
2026-01-08 11:31:03,220 - INFO - HTTP Request: GET https://planilhaandrieli.jords.site/api/database/rows/table/677/?user_field_names=true&size=2000 "HTTP/1.1 400 Bad Request"
2026-01-08 11:31:03,233 - INFO - HTTP Request: GET https://planilhaandrieli.jords.site/api/database/rows/table/673/?user_field_names=true "HTTP/1.1 200 OK"
2026-01-08 11:31:04,274 - INFO - HTTP Request: GET https://planilhaandrieli.jords.site/api/database/rows/table/677/?user_field_names=true&size=2000 "HTTP/1.1 400 Bad Request"
2026-01-08 11:31:04,281 - INFO - HTTP Request: GET https://planilhaandrieli.jords.site/api/database/rows/table/673/?user_field_names=true "HTTP/1.1 200 OK"
2026-01-08 11:31:10,476 - INFO - HTTP Request: GET https://planilhaandrieli.jords.site/api/database/rows/table/677/?user_field_names=true&size=2000 "HTTP/1.1 400 Bad Request"
2026-01-08 11:31:10,563 - INFO - HTTP Request: GET https://planilhaandrieli.jords.site/api/database/rows/table/677/?user_field_names=true&size=2000 "HTTP/1.1 400 Bad Request"
2026-01-08 11:31:10,578 - INFO - HTTP Request: GET https://planilhaandrieli.jords.site/api/database/rows/table/673/?user_field_names=true "HTTP/1.1 200 OK"
2026-01-08 11:31:10,666 - INFO - HTTP Request: GET https://planilhaandrieli.jords.site/api/database/rows/table/677/?user_field_names=true&size=2000 "HTTP/1.1 400 Bad Request"
2026-01-08 11:31:10,678 - INFO - HTTP Request: GET https://planilhaandrieli.jords.site/api/database/rows/table/673/?user_field_names=true "HTTP/1.1 200 OK"
2026-01-08 11:31:10,696 - INFO - HTTP Request: GET https://planilhaandrieli.jords.site/api/database/rows/table/673/?user_field_names=true "HTTP/1.1 200 OK"
2026-01-08 11:31:13,240 - INFO - HTTP Request: GET https://planilhaandrieli.jords.site/api/database/rows/table/677/?user_field_names=true&size=2000 "HTTP/1.1 400 Bad Request"
2026-01-08 11:31:13,266 - INFO - HTTP Request: GET https://planilhaandrieli.jords.site/api/database/rows/table/673/?user_field_names=true "HTTP/1.1 200 OK"
2026-01-08 11:31:14,280 - INFO - HTTP Request: GET https://planilhaandrieli.jords.site/api/database/rows/table/677/?user_field_names=true&size=2000 "HTTP/1.1 400 Bad Request"
2026-01-08 11:31:14,296 - INFO - HTTP Request: GET https://planilhaandrieli.jords.site/api/database/rows/table/673/?user_field_names=true "HTTP/1.1 200 OK"
2026-01-08 11:31:21,073 - INFO - HTTP Request: GET https://planilhaandrieli.jords.site/api/database/rows/table/677/?user_field_names=true&size=2000 "HTTP/1.1 400 Bad Request"
2026-01-08 11:31:21,075 - INFO - HTTP Request: GET https://planilhaandrieli.jords.site/api/database/rows/table/673/?user_field_names=true "HTTP/1.1 200 OK"
2026-01-08 11:31:21,146 - INFO - HTTP Request: GET https://planilhaandrieli.jords.site/api/database/rows/table/677/?user_field_names=true&size=2000 "HTTP/1.1 400 Bad Request"
2026-01-08 11:31:21,178 - INFO - HTTP Request: GET https://planilhaandrieli.jords.site/api/database/rows/table/673/?user_field_names=true "HTTP/1.1 200 OK"
2026-01-08 11:31:23,253 - INFO - HTTP Request: GET https://planilhaandrieli.jords.site/api/database/rows/table/677/?user_field_names=true&size=2000 "HTTP/1.1 400 Bad Request"
2026-01-08 11:31:23,268 - INFO - HTTP Request: GET https://planilhaandrieli.jords.site/api/database/rows/table/673/?user_field_names=true "HTTP/1.1 200 OK"
2026-01-08 11:31:24,314 - INFO - HTTP Request: GET https://planilhaandrieli.jords.site/api/database/rows/table/677/?user_field_names=true&size=2000 "HTTP/1.1 400 Bad Request"
2026-01-08 11:31:24,327 - INFO - HTTP Request: GET https://planilhaandrieli.jords.site/api/database/rows/table/673/?user_field_names=true "HTTP/1.1 200 OK"
2026-01-08 11:31:29,273 - INFO - HTTP Request: GET https://planilhaandrieli.jords.site/api/database/rows/table/673/?user_field_names=true "HTTP/1.1 200 OK"
2026-01-08 11:31:29,287 - INFO - HTTP Request: GET https://planilhaandrieli.jords.site/api/database/rows/table/673/?user_field_names=true "HTTP/1.1 200 OK"
2026-01-08 11:31:29,287 - INFO - HTTP Request: GET https://planilhaandrieli.jords.site/api/database/rows/table/677/?user_field_names=true&size=2000 "HTTP/1.1 400 Bad Request"
2026-01-08 11:31:29,288 - INFO - HTTP Request: GET https://planilhaandrieli.jords.site/api/database/rows/table/677/?user_field_names=true&size=2000 "HTTP/1.1 400 Bad Request"
2026-01-08 11:31:33,275 - INFO - HTTP Request: GET https://planilhaandrieli.jords.site/api/database/rows/table/677/?user_field_names=true&size=2000 "HTTP/1.1 400 Bad Request"
2026-01-08 11:31:33,284 - INFO - HTTP Request: GET https://planilhaandrieli.jords.site/api/database/rows/table/673/?user_field_names=true "HTTP/1.1 200 OK"
2026-01-08 11:31:34,276 - INFO - HTTP Request: GET https://planilhaandrieli.jords.site/api/database/rows/table/677/?user_field_names=true&size=2000 "HTTP/1.1 400 Bad Request"
2026-01-08 11:31:34,300 - INFO - HTTP Request: GET https://planilhaandrieli.jords.site/api/database/rows/table/673/?user_field_names=true "HTTP/1.1 200 OK"
2026-01-08 11:31:39,084 - INFO - HTTP Request: GET https://planilhaandrieli.jords.site/api/database/rows/table/677/?user_field_names=true&size=2000 "HTTP/1.1 400 Bad Request"
2026-01-08 11:31:39,099 - INFO - HTTP Request: GET https://planilhaandrieli.jords.site/api/database/rows/table/673/?user_field_names=true "HTTP/1.1 200 OK"
2026-01-08 11:31:39,184 - INFO - HTTP Request: GET https://planilhaandrieli.jords.site/api/database/rows/table/677/?user_field_names=true&size=2000 "HTTP/1.1 400 Bad Request"
2026-01-08 11:31:39,199 - INFO - HTTP Request: GET https://planilhaandrieli.jords.site/api/database/rows/table/673/?user_field_names=true "HTTP/1.1 200 OK"
2026-01-08 11:31:43,216 - INFO - HTTP Request: GET https://planilhaandrieli.jords.site/api/database/rows/table/677/?user_field_names=true&size=2000 "HTTP/1.1 400 Bad Request"
2026-01-08 11:31:43,243 - INFO - HTTP Request: GET https://planilhaandrieli.jords.site/api/database/rows/table/673/?user_field_names=true "HTTP/1.1 200 OK"
2026-01-08 11:31:44,276 - INFO - HTTP Request: GET https://planilhaandrieli.jords.site/api/database/rows/table/677/?user_field_names=true&size=2000 "HTTP/1.1 400 Bad Request"
2026-01-08 11:31:44,299 - INFO - HTTP Request: GET https://planilhaandrieli.jords.site/api/database/rows/table/673/?user_field_names=true "HTTP/1.1 200 OK"
2026-01-08 11:31:49,104 - INFO - HTTP Request: GET https://planilhaandrieli.jords.site/api/database/rows/table/677/?user_field_names=true&size=2000 "HTTP/1.1 400 Bad Request"
2026-01-08 11:31:49,118 - INFO - HTTP Request: GET https://planilhaandrieli.jords.site/api/database/rows/table/673/?user_field_names=true "HTTP/1.1 200 OK"
2026-01-08 11:31:49,208 - INFO - HTTP Request: GET https://planilhaandrieli.jords.site/api/database/rows/table/677/?user_field_names=true&size=2000 "HTTP/1.1 400 Bad Request"
2026-01-08 11:31:49,224 - INFO - HTTP Request: GET https://planilhaandrieli.jords.site/api/database/rows/table/673/?user_field_names=true "HTTP/1.1 200 OK"
2026-01-08 11:31:55,284 - INFO - HTTP Request: GET https://planilhaandrieli.jords.site/api/database/rows/table/673/?user_field_names=true "HTTP/1.1 200 OK"
2026-01-08 11:31:55,352 - INFO - HTTP Request: GET https://planilhaandrieli.jords.site/api/database/rows/table/677/?user_field_names=true&size=200 "HTTP/1.1 200 OK"
2026-01-08 11:31:55,360 - INFO - HTTP Request: GET https://planilhaandrieli.jords.site/api/database/rows/table/677/?user_field_names=true&size=200 "HTTP/1.1 200 OK"
2026-01-08 11:31:55,378 - INFO - HTTP Request: GET https://planilhaandrieli.jords.site/api/database/rows/table/673/?user_field_names=true "HTTP/1.1 200 OK"
2026-01-08 11:32:02,071 - INFO - HTTP Request: GET https://planilhaandrieli.jords.site/api/database/rows/table/677/?user_field_names=true&size=200 "HTTP/1.1 200 OK"
2026-01-08 11:32:02,072 - INFO - HTTP Request: GET https://planilhaandrieli.jords.site/api/database/rows/table/673/?user_field_names=true "HTTP/1.1 200 OK"
2026-01-08 11:32:02,078 - INFO - HTTP Request: GET https://planilhaandrieli.jords.site/api/database/rows/table/673/?user_field_names=true "HTTP/1.1 200 OK"
2026-01-08 11:32:02,085 - INFO - HTTP Request: GET https://planilhaandrieli.jords.site/api/database/rows/table/677/?user_field_names=true&size=200 "HTTP/1.1 200 OK"
2026-01-08 11:32:05,759 - INFO - HTTP Request: GET https://planilhaandrieli.jords.site/api/database/rows/table/677/?user_field_names=true&size=200 "HTTP/1.1 200 OK"
2026-01-08 11:32:05,771 - INFO - HTTP Request: GET https://planilhaandrieli.jords.site/api/database/rows/table/673/?user_field_names=true "HTTP/1.1 200 OK"
2026-01-08 11:32:06,095 - INFO - HTTP Request: GET https://planilhaandrieli.jords.site/api/database/rows/table/677/?user_field_names=true&size=200 "HTTP/1.1 200 OK"
2026-01-08 11:32:06,098 - INFO - HTTP Request: GET https://planilhaandrieli.jords.site/api/database/rows/table/673/?user_field_names=true "HTTP/1.1 200 OK"
2026-01-08 11:32:09,338 - INFO - HTTP Request: GET https://planilhaandrieli.jords.site/api/database/rows/table/673/?user_field_names=true "HTTP/1.1 200 OK"
2026-01-08 11:32:09,397 - INFO - HTTP Request: GET https://planilhaandrieli.jords.site/api/database/rows/table/677/?user_field_names=true&size=200 "HTTP/1.1 200 OK"
2026-01-08 11:32:09,623 - INFO - HTTP Request: GET https://planilhaandrieli.jords.site/api/database/rows/table/677/?user_field_names=true&size=200 "HTTP/1.1 200 OK"
2026-01-08 11:32:09,636 - INFO - HTTP Request: GET https://planilhaandrieli.jords.site/api/database/rows/table/673/?user_field_names=true "HTTP/1.1 200 OK"
2026-01-08 11:32:09,752 - INFO - HTTP Request: GET https://planilhaandrieli.jords.site/api/database/rows/table/677/?user_field_names=true&size=200 "HTTP/1.1 200 OK"
2026-01-08 11:32:09,765 - INFO - HTTP Request: GET https://planilhaandrieli.jords.site/api/database/rows/table/673/?user_field_names=true "HTTP/1.1 200 OK"
2026-01-08 11:32:14,935 - INFO - HTTP Request: GET https://planilhaandrieli.jords.site/api/database/rows/table/677/?user_field_names=true&size=200 "HTTP/1.1 200 OK"
2026-01-08 11:32:14,947 - INFO - HTTP Request: GET https://planilhaandrieli.jords.site/api/database/rows/table/673/?user_field_names=true "HTTP/1.1 200 OK"
2026-01-08 11:32:15,049 - INFO - HTTP Request: GET https://planilhaandrieli.jords.site/api/database/rows/table/677/?user_field_names=true&size=200 "HTTP/1.1 200 OK"
2026-01-08 11:32:15,065 - INFO - HTTP Request: GET https://planilhaandrieli.jords.site/api/database/rows/table/673/?user_field_names=true "HTTP/1.1 200 OK"
2026-01-08 11:32:19,159 - INFO - HTTP Request: GET https://planilhaandrieli.jords.site/api/database/rows/table/677/?user_field_names=true&size=200 "HTTP/1.1 200 OK"
2026-01-08 11:32:19,185 - INFO - HTTP Request: GET https://planilhaandrieli.jords.site/api/database/rows/table/673/?user_field_names=true "HTTP/1.1 200 OK"
2026-01-08 11:32:19,287 - INFO - HTTP Request: GET https://planilhaandrieli.jords.site/api/database/rows/table/677/?user_field_names=true&size=200 "HTTP/1.1 200 OK"
2026-01-08 11:32:19,291 - INFO - HTTP Request: GET https://planilhaandrieli.jords.site/api/database/rows/table/673/?user_field_names=true "HTTP/1.1 200 OK"
2026-01-08 11:32:23,216 - INFO - HTTP Request: GET https://planilhaandrieli.jords.site/api/database/rows/table/677/?user_field_names=true&size=200 "HTTP/1.1 200 OK"
2026-01-08 11:32:23,227 - INFO - HTTP Request: GET https://planilhaandrieli.jords.site/api/database/rows/table/673/?user_field_names=true "HTTP/1.1 200 OK"
2026-01-08 11:32:24,291 - INFO - HTTP Request: GET https://planilhaandrieli.jords.site/api/database/rows/table/673/?user_field_names=true "HTTP/1.1 200 OK"
2026-01-08 11:32:24,292 - INFO - HTTP Request: GET https://planilhaandrieli.jords.site/api/database/rows/table/677/?user_field_names=true&size=200 "HTTP/1.1 200 OK"
2026-01-08 11:32:29,164 - INFO - HTTP Request: GET https://planilhaandrieli.jords.site/api/database/rows/table/677/?user_field_names=true&size=200 "HTTP/1.1 200 OK"
2026-01-08 11:32:29,168 - INFO - HTTP Request: GET https://planilhaandrieli.jords.site/api/database/rows/table/673/?user_field_names=true "HTTP/1.1 200 OK"
2026-01-08 11:32:29,269 - INFO - HTTP Request: GET https://planilhaandrieli.jords.site/api/database/rows/table/673/?user_field_names=true "HTTP/1.1 200 OK"
2026-01-08 11:32:29,527 - INFO - HTTP Request: GET https://planilhaandrieli.jords.site/api/database/rows/table/677/?user_field_names=true&size=200 "HTTP/1.1 200 OK"
2026-01-08 11:32:33,651 - INFO - HTTP Request: GET https://planilhaandrieli.jords.site/api/database/rows/table/677/?user_field_names=true&size=200 "HTTP/1.1 200 OK"
2026-01-08 11:32:33,662 - INFO - HTTP Request: GET https://planilhaandrieli.jords.site/api/database/rows/table/673/?user_field_names=true "HTTP/1.1 200 OK"
2026-01-08 11:32:36,932 - INFO - HTTP Request: GET https://planilhaandrieli.jords.site/api/database/rows/table/677/?user_field_names=true&size=200 "HTTP/1.1 200 OK"
2026-01-08 11:32:36,950 - INFO - HTTP Request: GET https://planilhaandrieli.jords.site/api/database/rows/table/673/?user_field_names=true "HTTP/1.1 200 OK"
2026-01-08 11:32:39,343 - INFO - HTTP Request: GET https://planilhaandrieli.jords.site/api/database/rows/table/673/?user_field_names=true "HTTP/1.1 200 OK"
2026-01-08 11:32:39,364 - INFO - HTTP Request: GET https://planilhaandrieli.jords.site/api/database/rows/table/677/?user_field_names=true&size=200 "HTTP/1.1 200 OK"
2026-01-08 11:32:39,440 - INFO - HTTP Request: GET https://planilhaandrieli.jords.site/api/database/rows/table/673/?user_field_names=true "HTTP/1.1 200 OK"
2026-01-08 11:32:39,463 - INFO - HTTP Request: GET https://planilhaandrieli.jords.site/api/database/rows/table/677/?user_field_names=true&size=200 "HTTP/1.1 200 OK"
2026-01-08 11:32:43,275 - INFO - HTTP Request: GET https://planilhaandrieli.jords.site/api/database/rows/table/673/?user_field_names=true "HTTP/1.1 200 OK"
2026-01-08 11:32:43,280 - INFO - HTTP Request: GET https://planilhaandrieli.jords.site/api/database/rows/table/677/?user_field_names=true&size=200 "HTTP/1.1 200 OK"
2026-01-08 11:32:44,340 - INFO - HTTP Request: GET https://planilhaandrieli.jords.site/api/database/rows/table/677/?user_field_names=true&size=200 "HTTP/1.1 200 OK"
2026-01-08 11:32:44,367 - INFO - HTTP Request: GET https://planilhaandrieli.jords.site/api/database/rows/table/673/?user_field_names=true "HTTP/1.1 200 OK"
2026-01-08 11:32:49,149 - INFO - HTTP Request: GET https://planilhaandrieli.jords.site/api/database/rows/table/677/?user_field_names=true&size=200 "HTTP/1.1 200 OK"
2026-01-08 11:32:49,163 - INFO - HTTP Request: GET https://planilhaandrieli.jords.site/api/database/rows/table/673/?user_field_names=true "HTTP/1.1 200 OK"
2026-01-08 11:32:49,270 - INFO - HTTP Request: GET https://planilhaandrieli.jords.site/api/database/rows/table/677/?user_field_names=true&size=200 "HTTP/1.1 200 OK"
2026-01-08 11:32:49,294 - INFO - HTTP Request: GET https://planilhaandrieli.jords.site/api/database/rows/table/673/?user_field_names=true "HTTP/1.1 200 OK"
2026-01-08 11:32:53,270 - INFO - HTTP Request: GET https://planilhaandrieli.jords.site/api/database/rows/table/677/?user_field_names=true&size=200 "HTTP/1.1 200 OK"
2026-01-08 11:32:53,353 - INFO - HTTP Request: GET https://planilhaandrieli.jords.site/api/database/rows/table/673/?user_field_names=true "HTTP/1.1 200 OK"
2026-01-08 11:32:54,298 - INFO - HTTP Request: GET https://planilhaandrieli.jords.site/api/database/rows/table/677/?user_field_names=true&size=200 "HTTP/1.1 200 OK"
2026-01-08 11:32:54,303 - INFO - HTTP Request: GET https://planilhaandrieli.jords.site/api/database/rows/table/673/?user_field_names=true "HTTP/1.1 200 OK"
2026-01-08 11:32:59,167 - INFO - HTTP Request: GET https://planilhaandrieli.jords.site/api/database/rows/table/673/?user_field_names=true "HTTP/1.1 200 OK"
2026-01-08 11:32:59,168 - INFO - HTTP Request: GET https://planilhaandrieli.jords.site/api/database/rows/table/677/?user_field_names=true&size=200 "HTTP/1.1 200 OK"
2026-01-08 11:32:59,261 - INFO - HTTP Request: GET https://planilhaandrieli.jords.site/api/database/rows/table/677/?user_field_names=true&size=200 "HTTP/1.1 200 OK"
2026-01-08 11:32:59,262 - INFO - HTTP Request: GET https://planilhaandrieli.jords.site/api/database/rows/table/673/?user_field_names=true "HTTP/1.1 200 OK"
2026-01-08 11:33:03,213 - INFO - HTTP Request: GET https://planilhaandrieli.jords.site/api/database/rows/table/677/?user_field_names=true&size=200 "HTTP/1.1 200 OK"
2026-01-08 11:33:03,222 - INFO - HTTP Request: GET https://planilhaandrieli.jords.site/api/database/rows/table/673/?user_field_names=true "HTTP/1.1 200 OK"
2026-01-08 11:33:04,699 - INFO - HTTP Request: GET https://planilhaandrieli.jords.site/api/database/rows/table/677/?user_field_names=true&size=200 "HTTP/1.1 200 OK"
2026-01-08 11:33:04,713 - INFO - HTTP Request: GET https://planilhaandrieli.jords.site/api/database/rows/table/673/?user_field_names=true "HTTP/1.1 200 OK"
2026-01-08 11:33:07,989 - INFO - HTTP Request: GET https://planilhaandrieli.jords.site/api/database/rows/table/673/?user_field_names=true "HTTP/1.1 200 OK"
2026-01-08 11:33:08,004 - INFO - HTTP Request: GET https://planilhaandrieli.jords.site/api/database/rows/table/677/?user_field_names=true&size=200 "HTTP/1.1 200 OK"
2026-01-08 11:33:09,399 - INFO - HTTP Request: GET https://planilhaandrieli.jords.site/api/database/rows/table/677/?user_field_names=true&size=200 "HTTP/1.1 200 OK"
2026-01-08 11:33:09,412 - INFO - HTTP Request: GET https://planilhaandrieli.jords.site/api/database/rows/table/673/?user_field_names=true "HTTP/1.1 200 OK"
2026-01-08 11:33:09,514 - INFO - HTTP Request: GET https://planilhaandrieli.jords.site/api/database/rows/table/677/?user_field_names=true&size=200 "HTTP/1.1 200 OK"
2026-01-08 11:33:09,527 - INFO - HTTP Request: GET https://planilhaandrieli.jords.site/api/database/rows/table/673/?user_field_names=true "HTTP/1.1 200 OK"
2026-01-08 11:33:13,268 - INFO - HTTP Request: GET https://planilhaandrieli.jords.site/api/database/rows/table/677/?user_field_names=true&size=200 "HTTP/1.1 200 OK"
2026-01-08 11:33:13,307 - INFO - HTTP Request: GET https://planilhaandrieli.jords.site/api/database/rows/table/673/?user_field_names=true "HTTP/1.1 200 OK"
2026-01-08 11:33:14,363 - INFO - HTTP Request: GET https://planilhaandrieli.jords.site/api/database/rows/table/673/?user_field_names=true "HTTP/1.1 200 OK"
2026-01-08 11:33:14,364 - INFO - HTTP Request: GET https://planilhaandrieli.jords.site/api/database/rows/table/677/?user_field_names=true&size=200 "HTTP/1.1 200 OK"
2026-01-08 11:33:19,120 - INFO - HTTP Request: GET https://planilhaandrieli.jords.site/api/database/rows/table/677/?user_field_names=true&size=200 "HTTP/1.1 200 OK"
2026-01-08 11:33:19,134 - INFO - HTTP Request: GET https://planilhaandrieli.jords.site/api/database/rows/table/673/?user_field_names=true "HTTP/1.1 200 OK"
2026-01-08 11:33:19,243 - INFO - HTTP Request: GET https://planilhaandrieli.jords.site/api/database/rows/table/677/?user_field_names=true&size=200 "HTTP/1.1 200 OK"
2026-01-08 11:33:19,253 - INFO - HTTP Request: GET https://planilhaandrieli.jords.site/api/database/rows/table/673/?user_field_names=true "HTTP/1.1 200 OK"
2026-01-08 11:33:23,239 - INFO - HTTP Request: GET https://planilhaandrieli.jords.site/api/database/rows/table/677/?user_field_names=true&size=200 "HTTP/1.1 200 OK"
2026-01-08 11:33:23,251 - INFO - HTTP Request: GET https://planilhaandrieli.jords.site/api/database/rows/table/673/?user_field_names=true "HTTP/1.1 200 OK"
2026-01-08 11:33:24,264 - INFO - HTTP Request: GET https://planilhaandrieli.jords.site/api/database/rows/table/677/?user_field_names=true&size=200 "HTTP/1.1 200 OK"
2026-01-08 11:33:24,277 - INFO - HTTP Request: GET https://planilhaandrieli.jords.site/api/database/rows/table/673/?user_field_names=true "HTTP/1.1 200 OK"
2026-01-08 11:33:29,101 - INFO - HTTP Request: GET https://planilhaandrieli.jords.site/api/database/rows/table/673/?user_field_names=true "HTTP/1.1 200 OK"
2026-01-08 11:33:29,102 - INFO - HTTP Request: GET https://planilhaandrieli.jords.site/api/database/rows/table/677/?user_field_names=true&size=200 "HTTP/1.1 200 OK"
2026-01-08 11:33:29,205 - INFO - HTTP Request: GET https://planilhaandrieli.jords.site/api/database/rows/table/673/?user_field_names=true "HTTP/1.1 200 OK"
2026-01-08 11:33:29,215 - INFO - HTTP Request: GET https://planilhaandrieli.jords.site/api/database/rows/table/677/?user_field_names=true&size=200 "HTTP/1.1 200 OK"
2026-01-08 11:33:33,228 - INFO - HTTP Request: GET https://planilhaandrieli.jords.site/api/database/rows/table/673/?user_field_names=true "HTTP/1.1 200 OK"
2026-01-08 11:33:33,245 - INFO - HTTP Request: GET https://planilhaandrieli.jords.site/api/database/rows/table/677/?user_field_names=true&size=200 "HTTP/1.1 200 OK"
2026-01-08 11:33:35,003 - INFO - HTTP Request: GET https://planilhaandrieli.jords.site/api/database/rows/table/677/?user_field_names=true&size=200 "HTTP/1.1 200 OK"
2026-01-08 11:33:35,045 - INFO - HTTP Request: GET https://planilhaandrieli.jords.site/api/database/rows/table/673/?user_field_names=true "HTTP/1.1 200 OK"
2026-01-08 11:33:40,924 - INFO - HTTP Request: GET https://planilhaandrieli.jords.site/api/database/rows/table/677/?user_field_names=true&size=200 "HTTP/1.1 200 OK"
2026-01-08 11:33:40,938 - INFO - HTTP Request: GET https://planilhaandrieli.jords.site/api/database/rows/table/673/?user_field_names=true "HTTP/1.1 200 OK"
2026-01-08 11:33:41,049 - INFO - HTTP Request: GET https://planilhaandrieli.jords.site/api/database/rows/table/677/?user_field_names=true&size=200 "HTTP/1.1 200 OK"
2026-01-08 11:33:41,071 - INFO - HTTP Request: GET https://planilhaandrieli.jords.site/api/database/rows/table/673/?user_field_names=true "HTTP/1.1 200 OK"
2026-01-08 11:33:43,934 - INFO - HTTP Request: GET https://planilhaandrieli.jords.site/api/database/rows/table/673/?user_field_names=true "HTTP/1.1 200 OK"
2026-01-08 11:33:43,935 - INFO - HTTP Request: GET https://planilhaandrieli.jords.site/api/database/rows/table/677/?user_field_names=true&size=200 "HTTP/1.1 200 OK"
2026-01-08 11:33:44,357 - INFO - HTTP Request: GET https://planilhaandrieli.jords.site/api/database/rows/table/677/?user_field_names=true&size=200 "HTTP/1.1 200 OK"
2026-01-08 11:33:44,360 - INFO - HTTP Request: GET https://planilhaandrieli.jords.site/api/database/rows/table/673/?user_field_names=true "HTTP/1.1 200 OK"
2026-01-08 11:33:49,575 - INFO - HTTP Request: GET https://planilhaandrieli.jords.site/api/database/rows/table/673/?user_field_names=true "HTTP/1.1 200 OK"
2026-01-08 11:33:49,644 - INFO - HTTP Request: GET https://planilhaandrieli.jords.site/api/database/rows/table/673/?user_field_names=true "HTTP/1.1 200 OK"
2026-01-08 11:33:49,672 - INFO - HTTP Request: GET https://planilhaandrieli.jords.site/api/database/rows/table/677/?user_field_names=true&size=200 "HTTP/1.1 200 OK"
2026-01-08 11:33:49,674 - INFO - HTTP Request: GET https://planilhaandrieli.jords.site/api/database/rows/table/677/?user_field_names=true&size=200 "HTTP/1.1 200 OK"
2026-01-08 11:33:54,185 - INFO - HTTP Request: GET https://planilhaandrieli.jords.site/api/database/rows/table/677/?user_field_names=true&size=200 "HTTP/1.1 200 OK"
2026-01-08 11:33:54,185 - INFO - HTTP Request: GET https://planilhaandrieli.jords.site/api/database/rows/table/673/?user_field_names=true "HTTP/1.1 200 OK"
2026-01-08 11:33:54,300 - INFO - HTTP Request: GET https://planilhaandrieli.jords.site/api/database/rows/table/677/?user_field_names=true&size=200 "HTTP/1.1 200 OK"
2026-01-08 11:33:54,301 - INFO - HTTP Request: GET https://planilhaandrieli.jords.site/api/database/rows/table/673/?user_field_names=true "HTTP/1.1 200 OK"
2026-01-08 11:33:59,156 - INFO - HTTP Request: GET https://planilhaandrieli.jords.site/api/database/rows/table/673/?user_field_names=true "HTTP/1.1 200 OK"
2026-01-08 11:33:59,156 - INFO - HTTP Request: GET https://planilhaandrieli.jords.site/api/database/rows/table/677/?user_field_names=true&size=200 "HTTP/1.1 200 OK"
2026-01-08 11:33:59,281 - INFO - HTTP Request: GET https://planilhaandrieli.jords.site/api/database/rows/table/677/?user_field_names=true&size=200 "HTTP/1.1 200 OK"
2026-01-08 11:33:59,282 - INFO - HTTP Request: GET https://planilhaandrieli.jords.site/api/database/rows/table/673/?user_field_names=true "HTTP/1.1 200 OK"
2026-01-08 11:34:03,232 - INFO - HTTP Request: GET https://planilhaandrieli.jords.site/api/database/rows/table/677/?user_field_names=true&size=200 "HTTP/1.1 200 OK"
2026-01-08 11:34:03,258 - INFO - HTTP Request: GET https://planilhaandrieli.jords.site/api/database/rows/table/673/?user_field_names=true "HTTP/1.1 200 OK"
2026-01-08 11:34:04,285 - INFO - HTTP Request: GET https://planilhaandrieli.jords.site/api/database/rows/table/677/?user_field_names=true&size=200 "HTTP/1.1 200 OK"
2026-01-08 11:34:04,294 - INFO - HTTP Request: GET https://planilhaandrieli.jords.site/api/database/rows/table/673/?user_field_names=true "HTTP/1.1 200 OK"
2026-01-08 11:34:07,083 - INFO - HTTP Request: GET https://planilhaandrieli.jords.site/api/database/rows/table/677/?user_field_names=true&size=200 "HTTP/1.1 200 OK"
2026-01-08 11:34:07,099 - INFO - HTTP Request: GET https://planilhaandrieli.jords.site/api/database/rows/table/673/?user_field_names=true "HTTP/1.1 200 OK"
2026-01-08 11:34:09,142 - INFO - HTTP Request: GET https://planilhaandrieli.jords.site/api/database/rows/table/673/?user_field_names=true "HTTP/1.1 200 OK"
2026-01-08 11:34:09,174 - INFO - HTTP Request: GET https://planilhaandrieli.jords.site/api/database/rows/table/677/?user_field_names=true&size=200 "HTTP/1.1 200 OK"
2026-01-08 11:34:09,278 - INFO - HTTP Request: GET https://planilhaandrieli.jords.site/api/database/rows/table/677/?user_field_names=true&size=200 "HTTP/1.1 200 OK"
2026-01-08 11:34:09,279 - INFO - HTTP Request: GET https://planilhaandrieli.jords.site/api/database/rows/table/673/?user_field_names=true "HTTP/1.1 200 OK"
2026-01-08 11:34:13,235 - INFO - HTTP Request: GET https://planilhaandrieli.jords.site/api/database/rows/table/677/?user_field_names=true&size=200 "HTTP/1.1 200 OK"
2026-01-08 11:34:13,258 - INFO - HTTP Request: GET https://planilhaandrieli.jords.site/api/database/rows/table/673/?user_field_names=true "HTTP/1.1 200 OK"
2026-01-08 11:34:14,744 - INFO - HTTP Request: GET https://planilhaandrieli.jords.site/api/database/rows/table/677/?user_field_names=true&size=200 "HTTP/1.1 200 OK"
2026-01-08 11:34:14,777 - INFO - HTTP Request: GET https://planilhaandrieli.jords.site/api/database/rows/table/673/?user_field_names=true "HTTP/1.1 200 OK"
2026-01-08 11:34:19,082 - INFO - HTTP Request: GET https://planilhaandrieli.jords.site/api/database/rows/table/677/?user_field_names=true&size=200 "HTTP/1.1 200 OK"
2026-01-08 11:34:19,097 - INFO - HTTP Request: GET https://planilhaandrieli.jords.site/api/database/rows/table/673/?user_field_names=true "HTTP/1.1 200 OK"
2026-01-08 11:34:19,186 - INFO - HTTP Request: GET https://planilhaandrieli.jords.site/api/database/rows/table/677/?user_field_names=true&size=200 "HTTP/1.1 200 OK"
2026-01-08 11:34:19,200 - INFO - HTTP Request: GET https://planilhaandrieli.jords.site/api/database/rows/table/673/?user_field_names=true "HTTP/1.1 200 OK"
2026-01-08 11:34:25,658 - INFO - HTTP Request: GET https://planilhaandrieli.jords.site/api/database/rows/table/677/?user_field_names=true&size=200 "HTTP/1.1 200 OK"
2026-01-08 11:34:25,667 - INFO - HTTP Request: GET https://planilhaandrieli.jords.site/api/database/rows/table/673/?user_field_names=true "HTTP/1.1 200 OK"
2026-01-08 11:34:25,777 - INFO - HTTP Request: GET https://planilhaandrieli.jords.site/api/database/rows/table/673/?user_field_names=true "HTTP/1.1 200 OK"
2026-01-08 11:34:25,779 - INFO - HTTP Request: GET https://planilhaandrieli.jords.site/api/database/rows/table/677/?user_field_names=true&size=200 "HTTP/1.1 200 OK"
2026-01-08 11:34:29,615 - INFO - HTTP Request: GET https://planilhaandrieli.jords.site/api/database/rows/table/677/?user_field_names=true&size=200 "HTTP/1.1 200 OK"
2026-01-08 11:34:29,617 - INFO - HTTP Request: GET https://planilhaandrieli.jords.site/api/database/rows/table/673/?user_field_names=true "HTTP/1.1 200 OK"
2026-01-08 11:34:31,221 - INFO - HTTP Request: GET https://planilhaandrieli.jords.site/api/database/rows/table/677/?user_field_names=true&size=200 "HTTP/1.1 200 OK"
2026-01-08 11:34:31,233 - INFO - HTTP Request: GET https://planilhaandrieli.jords.site/api/database/rows/table/673/?user_field_names=true "HTTP/1.1 200 OK"
2026-01-08 11:34:31,358 - INFO - HTTP Request: GET https://planilhaandrieli.jords.site/api/database/rows/table/677/?user_field_names=true&size=200 "HTTP/1.1 200 OK"
2026-01-08 11:34:31,364 - INFO - HTTP Request: GET https://planilhaandrieli.jords.site/api/database/rows/table/673/?user_field_names=true "HTTP/1.1 200 OK"
2026-01-08 11:34:39,173 - INFO - HTTP Request: GET https://planilhaandrieli.jords.site/api/database/rows/table/677/?user_field_names=true&size=200 "HTTP/1.1 200 OK"
2026-01-08 11:34:39,180 - INFO - HTTP Request: GET https://planilhaandrieli.jords.site/api/database/rows/table/673/?user_field_names=true "HTTP/1.1 200 OK"
2026-01-08 11:34:40,646 - INFO - HTTP Request: GET https://planilhaandrieli.jords.site/api/database/rows/table/677/?user_field_names=true&size=200 "HTTP/1.1 200 OK"
2026-01-08 11:34:40,663 - INFO - HTTP Request: GET https://planilhaandrieli.jords.site/api/database/rows/table/673/?user_field_names=true "HTTP/1.1 200 OK"
2026-01-08 11:34:40,970 - INFO - HTTP Request: GET https://planilhaandrieli.jords.site/api/database/rows/table/673/?user_field_names=true "HTTP/1.1 200 OK"
2026-01-08 11:34:41,072 - INFO - HTTP Request: GET https://planilhaandrieli.jords.site/api/database/rows/table/677/?user_field_names=true&size=200 "HTTP/1.1 200 OK"
2026-01-08 11:34:41,142 - INFO - HTTP Request: GET https://planilhaandrieli.jords.site/api/database/rows/table/673/?user_field_names=true "HTTP/1.1 200 OK"
2026-01-08 11:34:41,152 - INFO - HTTP Request: GET https://planilhaandrieli.jords.site/api/database/rows/table/677/?user_field_names=true&size=200 "HTTP/1.1 200 OK"
2026-01-08 11:34:41,157 - INFO - HTTP Request: GET https://planilhaandrieli.jords.site/api/database/rows/table/677/?user_field_names=true&size=200 "HTTP/1.1 200 OK"
2026-01-08 11:34:41,158 - INFO - HTTP Request: GET https://planilhaandrieli.jords.site/api/database/rows/table/673/?user_field_names=true "HTTP/1.1 200 OK"
2026-01-08 11:34:41,244 - INFO - HTTP Request: GET https://planilhaandrieli.jords.site/api/database/rows/table/677/?user_field_names=true&size=200 "HTTP/1.1 200 OK"
2026-01-08 11:34:41,259 - INFO - HTTP Request: GET https://planilhaandrieli.jords.site/api/database/rows/table/677/?user_field_names=true&size=200 "HTTP/1.1 200 OK"
2026-01-08 11:34:41,270 - INFO - HTTP Request: GET https://planilhaandrieli.jords.site/api/database/rows/table/673/?user_field_names=true "HTTP/1.1 200 OK"
2026-01-08 11:34:41,287 - INFO - HTTP Request: GET https://planilhaandrieli.jords.site/api/database/rows/table/673/?user_field_names=true "HTTP/1.1 200 OK"
2026-01-08 11:34:46,335 - INFO - HTTP Request: GET https://planilhaandrieli.jords.site/api/database/rows/table/677/?user_field_names=true&size=200 "HTTP/1.1 200 OK"
2026-01-08 11:34:46,340 - INFO - HTTP Request: GET https://planilhaandrieli.jords.site/api/database/rows/table/673/?user_field_names=true "HTTP/1.1 200 OK"
2026-01-08 11:34:46,471 - INFO - HTTP Request: GET https://planilhaandrieli.jords.site/api/database/rows/table/677/?user_field_names=true&size=200 "HTTP/1.1 200 OK"
2026-01-08 11:34:46,486 - INFO - HTTP Request: GET https://planilhaandrieli.jords.site/api/database/rows/table/673/?user_field_names=true "HTTP/1.1 200 OK"
2026-01-08 11:34:46,835 - INFO - HTTP Request: GET https://planilhaandrieli.jords.site/api/database/rows/table/677/?user_field_names=true&size=200 "HTTP/1.1 200 OK"
2026-01-08 11:34:46,836 - INFO - HTTP Request: GET https://planilhaandrieli.jords.site/api/database/rows/table/673/?user_field_names=true "HTTP/1.1 200 OK"
2026-01-08 11:34:50,942 - INFO - HTTP Request: GET https://planilhaandrieli.jords.site/api/database/rows/table/677/?user_field_names=true&size=200 "HTTP/1.1 200 OK"
2026-01-08 11:34:50,966 - INFO - HTTP Request: GET https://planilhaandrieli.jords.site/api/database/rows/table/673/?user_field_names=true "HTTP/1.1 200 OK"
2026-01-08 11:34:51,085 - INFO - HTTP Request: GET https://planilhaandrieli.jords.site/api/database/rows/table/677/?user_field_names=true&size=200 "HTTP/1.1 200 OK"
2026-01-08 11:34:51,092 - INFO - HTTP Request: GET https://planilhaandrieli.jords.site/api/database/rows/table/673/?user_field_names=true "HTTP/1.1 200 OK"
2026-01-08 11:34:56,854 - INFO - HTTP Request: GET https://planilhaandrieli.jords.site/api/database/rows/table/673/?user_field_names=true "HTTP/1.1 200 OK"
2026-01-08 11:34:56,862 - INFO - HTTP Request: GET https://planilhaandrieli.jords.site/api/database/rows/table/673/?user_field_names=true "HTTP/1.1 200 OK"
2026-01-08 11:34:56,864 - INFO - HTTP Request: GET https://planilhaandrieli.jords.site/api/database/rows/table/677/?user_field_names=true&size=200 "HTTP/1.1 200 OK"
2026-01-08 11:34:56,938 - INFO - HTTP Request: GET https://planilhaandrieli.jords.site/api/database/rows/table/677/?user_field_names=true&size=200 "HTTP/1.1 200 OK"
2026-01-08 11:34:56,945 - INFO - HTTP Request: GET https://planilhaandrieli.jords.site/api/database/rows/table/673/?user_field_names=true "HTTP/1.1 200 OK"
2026-01-08 11:34:56,949 - INFO - HTTP Request: GET https://planilhaandrieli.jords.site/api/database/rows/table/677/?user_field_names=true&size=200 "HTTP/1.1 200 OK"
2026-01-08 11:35:01,060 - INFO - HTTP Request: GET https://planilhaandrieli.jords.site/api/database/rows/table/677/?user_field_names=true&size=200 "HTTP/1.1 200 OK"
2026-01-08 11:35:01,067 - INFO - HTTP Request: GET https://planilhaandrieli.jords.site/api/database/rows/table/673/?user_field_names=true "HTTP/1.1 200 OK"
2026-01-08 11:35:01,179 - INFO - HTTP Request: GET https://planilhaandrieli.jords.site/api/database/rows/table/673/?user_field_names=true "HTTP/1.1 200 OK"
2026-01-08 11:35:01,188 - INFO - HTTP Request: GET https://planilhaandrieli.jords.site/api/database/rows/table/677/?user_field_names=true&size=200 "HTTP/1.1 200 OK"
2026-01-08 11:35:07,146 - INFO - HTTP Request: GET https://planilhaandrieli.jords.site/api/database/rows/table/677/?user_field_names=true&size=200 "HTTP/1.1 200 OK"
2026-01-08 11:35:07,156 - INFO - HTTP Request: GET https://planilhaandrieli.jords.site/api/database/rows/table/673/?user_field_names=true "HTTP/1.1 200 OK"
2026-01-08 11:35:07,261 - INFO - HTTP Request: GET https://planilhaandrieli.jords.site/api/database/rows/table/673/?user_field_names=true "HTTP/1.1 200 OK"
2026-01-08 11:35:07,278 - INFO - HTTP Request: GET https://planilhaandrieli.jords.site/api/database/rows/table/677/?user_field_names=true&size=200 "HTTP/1.1 200 OK"
2026-01-08 11:35:07,280 - INFO - HTTP Request: GET https://planilhaandrieli.jords.site/api/database/rows/table/673/?user_field_names=true "HTTP/1.1 200 OK"
2026-01-08 11:35:07,282 - INFO - HTTP Request: GET https://planilhaandrieli.jords.site/api/database/rows/table/677/?user_field_names=true&size=200 "HTTP/1.1 200 OK"
2026-01-08 11:35:11,927 - INFO - HTTP Request: GET https://planilhaandrieli.jords.site/api/database/rows/table/677/?user_field_names=true&size=200 "HTTP/1.1 200 OK"
2026-01-08 11:35:11,934 - INFO - HTTP Request: GET https://planilhaandrieli.jords.site/api/database/rows/table/673/?user_field_names=true "HTTP/1.1 200 OK"
2026-01-08 11:35:12,092 - INFO - HTTP Request: GET https://planilhaandrieli.jords.site/api/database/rows/table/677/?user_field_names=true&size=200 "HTTP/1.1 200 OK"
2026-01-08 11:35:12,102 - INFO - HTTP Request: GET https://planilhaandrieli.jords.site/api/database/rows/table/673/?user_field_names=true "HTTP/1.1 200 OK"
2026-01-08 11:35:12,338 - INFO - HTTP Request: PATCH https://planilhaandrieli.jords.site/api/database/rows/table/673/62/?user_field_names=true "HTTP/1.1 200 OK"
2026-01-08 11:35:20,326 - INFO - HTTP Request: GET https://planilhaandrieli.jords.site/api/database/rows/table/677/?user_field_names=true&search=96123586 "HTTP/1.1 200 OK"
2026-01-08 11:35:21,255 - INFO - HTTP Request: GET https://planilhaandrieli.jords.site/api/database/rows/table/677/?user_field_names=true&size=200 "HTTP/1.1 200 OK"
2026-01-08 11:35:21,267 - INFO - HTTP Request: GET https://planilhaandrieli.jords.site/api/database/rows/table/673/?user_field_names=true "HTTP/1.1 200 OK"
2026-01-08 11:35:21,349 - INFO - HTTP Request: PATCH https://planilhaandrieli.jords.site/api/database/rows/table/677/10/?user_field_names=true "HTTP/1.1 200 OK"
2026-01-08 11:35:21,543 - INFO - HTTP Request: GET https://planilhaandrieli.jords.site/api/database/rows/table/673/?user_field_names=true "HTTP/1.1 200 OK"
2026-01-08 11:35:21,549 - INFO - HTTP Request: GET https://planilhaandrieli.jords.site/api/database/rows/table/677/?user_field_names=true&size=200 "HTTP/1.1 200 OK"
2026-01-08 11:35:21,573 - INFO - HTTP Request: GET https://planilhaandrieli.jords.site/api/database/rows/table/673/?user_field_names=true "HTTP/1.1 200 OK"
2026-01-08 11:35:21,649 - INFO - HTTP Request: GET https://planilhaandrieli.jords.site/api/database/rows/table/677/?user_field_names=true&size=200 "HTTP/1.1 200 OK"
2026-01-08 11:35:21,670 - INFO - HTTP Request: GET https://planilhaandrieli.jords.site/api/database/rows/table/673/?user_field_names=true "HTTP/1.1 200 OK"
2026-01-08 11:35:21,674 - INFO - HTTP Request: GET https://planilhaandrieli.jords.site/api/database/rows/table/677/?user_field_names=true&size=200 "HTTP/1.1 200 OK"
2026-01-08 11:35:21,676 - INFO - HTTP Request: GET https://planilhaandrieli.jords.site/api/database/rows/table/677/?user_field_names=true&size=200 "HTTP/1.1 200 OK"
2026-01-08 11:35:21,699 - INFO - HTTP Request: GET https://planilhaandrieli.jords.site/api/database/rows/table/673/?user_field_names=true "HTTP/1.1 200 OK"
2026-01-08 11:35:22,362 - ERROR - Erro ao invalidar cache Redis: Timeout connecting to server
2026-01-08 11:35:30,168 - INFO - HTTP Request: GET https://planilhaandrieli.jords.site/api/database/rows/table/673/62/?user_field_names=true "HTTP/1.1 200 OK"
2026-01-08 11:35:31,106 - INFO - HTTP Request: GET https://planilhaandrieli.jords.site/api/database/rows/table/677/?user_field_names=true&size=200 "HTTP/1.1 200 OK"
2026-01-08 11:35:31,116 - INFO - HTTP Request: GET https://planilhaandrieli.jords.site/api/database/rows/table/673/?user_field_names=true "HTTP/1.1 200 OK"
2026-01-08 11:35:31,118 - INFO - HTTP Request: GET https://planilhaandrieli.jords.site/api/database/rows/table/677/?user_field_names=true&size=200 "HTTP/1.1 200 OK"
2026-01-08 11:35:31,121 - INFO - HTTP Request: GET https://planilhaandrieli.jords.site/api/database/rows/table/673/?user_field_names=true "HTTP/1.1 200 OK"
2026-01-08 11:35:31,126 - INFO - HTTP Request: GET https://planilhaandrieli.jords.site/api/database/rows/table/677/?user_field_names=true&size=200 "HTTP/1.1 200 OK"
2026-01-08 11:35:31,129 - INFO - HTTP Request: GET https://planilhaandrieli.jords.site/api/database/rows/table/673/?user_field_names=true "HTTP/1.1 200 OK"
2026-01-08 11:35:31,342 - INFO - HTTP Request: GET https://planilhaandrieli.jords.site/api/database/rows/table/677/?user_field_names=true&size=200 "HTTP/1.1 200 OK"
2026-01-08 11:35:31,346 - INFO - HTTP Request: GET https://planilhaandrieli.jords.site/api/database/rows/table/673/?user_field_names=true "HTTP/1.1 200 OK"
2026-01-08 11:35:31,496 - INFO - HTTP Request: GET https://planilhaandrieli.jords.site/api/database/rows/table/677/?user_field_names=true&size=200 "HTTP/1.1 200 OK"
2026-01-08 11:35:31,503 - INFO - HTTP Request: GET https://planilhaandrieli.jords.site/api/database/rows/table/673/?user_field_names=true "HTTP/1.1 200 OK"
2026-01-08 11:35:31,642 - INFO - HTTP Request: GET https://planilhaandrieli.jords.site/api/database/rows/table/677/?user_field_names=true&size=200 "HTTP/1.1 200 OK"
2026-01-08 11:35:31,658 - INFO - HTTP Request: GET https://planilhaandrieli.jords.site/api/database/rows/table/673/?user_field_names=true "HTTP/1.1 200 OK"
2026-01-08 11:35:36,346 - INFO - HTTP Request: GET https://planilhaandrieli.jords.site/api/database/rows/table/673/?user_field_names=true "HTTP/1.1 200 OK"
2026-01-08 11:35:36,352 - INFO - HTTP Request: GET https://planilhaandrieli.jords.site/api/database/rows/table/677/?user_field_names=true&size=200 "HTTP/1.1 200 OK"
2026-01-08 11:35:36,490 - INFO - HTTP Request: GET https://planilhaandrieli.jords.site/api/database/rows/table/673/?user_field_names=true "HTTP/1.1 200 OK"
2026-01-08 11:35:36,491 - INFO - HTTP Request: GET https://planilhaandrieli.jords.site/api/database/rows/table/677/?user_field_names=true&size=200 "HTTP/1.1 200 OK"
2026-01-08 11:35:36,572 - INFO - HTTP Request: GET https://planilhaandrieli.jords.site/api/database/rows/table/677/?user_field_names=true&size=200 "HTTP/1.1 200 OK"
2026-01-08 11:35:36,599 - INFO - HTTP Request: GET https://planilhaandrieli.jords.site/api/database/rows/table/673/?user_field_names=true "HTTP/1.1 200 OK"
2026-01-08 11:35:41,256 - INFO - HTTP Request: GET https://planilhaandrieli.jords.site/api/database/rows/table/677/?user_field_names=true&size=200 "HTTP/1.1 200 OK"
2026-01-08 11:35:41,260 - INFO - HTTP Request: GET https://planilhaandrieli.jords.site/api/database/rows/table/673/?user_field_names=true "HTTP/1.1 200 OK"
2026-01-08 11:35:41,386 - INFO - HTTP Request: GET https://planilhaandrieli.jords.site/api/database/rows/table/673/?user_field_names=true "HTTP/1.1 200 OK"
2026-01-08 11:35:41,388 - INFO - HTTP Request: GET https://planilhaandrieli.jords.site/api/database/rows/table/677/?user_field_names=true&size=200 "HTTP/1.1 200 OK"
2026-01-08 11:35:46,654 - INFO - HTTP Request: PATCH https://planilhaandrieli.jords.site/api/database/rows/table/673/62/?user_field_names=true "HTTP/1.1 200 OK"
2026-01-08 11:35:47,282 - INFO - HTTP Request: GET https://planilhaandrieli.jords.site/api/database/rows/table/673/?user_field_names=true "HTTP/1.1 200 OK"
2026-01-08 11:35:47,286 - INFO - HTTP Request: GET https://planilhaandrieli.jords.site/api/database/rows/table/673/?user_field_names=true "HTTP/1.1 200 OK"
2026-01-08 11:35:47,288 - INFO - HTTP Request: GET https://planilhaandrieli.jords.site/api/database/rows/table/677/?user_field_names=true&size=200 "HTTP/1.1 200 OK"
2026-01-08 11:35:47,295 - INFO - HTTP Request: GET https://planilhaandrieli.jords.site/api/database/rows/table/677/?user_field_names=true&size=200 "HTTP/1.1 200 OK"
2026-01-08 11:35:47,470 - INFO - HTTP Request: GET https://planilhaandrieli.jords.site/api/database/rows/table/677/?user_field_names=true&size=200 "HTTP/1.1 200 OK"
2026-01-08 11:35:47,475 - INFO - HTTP Request: GET https://planilhaandrieli.jords.site/api/database/rows/table/673/?user_field_names=true "HTTP/1.1 200 OK"
2026-01-08 11:35:47,746 - INFO - HTTP Request: GET https://planilhaandrieli.jords.site/api/database/rows/table/677/?user_field_names=true&search=96123586 "HTTP/1.1 200 OK"
2026-01-08 11:35:47,977 - INFO - HTTP Request: PATCH https://planilhaandrieli.jords.site/api/database/rows/table/677/10/?user_field_names=true "HTTP/1.1 200 OK"
2026-01-08 11:35:50,793 - INFO - HTTP Request: GET https://planilhaandrieli.jords.site/api/database/rows/table/677/?user_field_names=true&size=200 "HTTP/1.1 200 OK"
2026-01-08 11:35:50,808 - INFO - HTTP Request: GET https://planilhaandrieli.jords.site/api/database/rows/table/673/?user_field_names=true "HTTP/1.1 200 OK"
2026-01-08 11:35:50,903 - INFO - HTTP Request: GET https://planilhaandrieli.jords.site/api/database/rows/table/673/?user_field_names=true "HTTP/1.1 200 OK"
2026-01-08 11:35:50,907 - INFO - HTTP Request: GET https://planilhaandrieli.jords.site/api/database/rows/table/677/?user_field_names=true&size=200 "HTTP/1.1 200 OK"
2026-01-08 11:35:57,107 - INFO - HTTP Request: GET https://planilhaandrieli.jords.site/api/database/rows/table/677/?user_field_names=true&size=200 "HTTP/1.1 200 OK"
2026-01-08 11:35:57,114 - INFO - HTTP Request: GET https://planilhaandrieli.jords.site/api/database/rows/table/673/?user_field_names=true "HTTP/1.1 200 OK"
2026-01-08 11:35:57,353 - INFO - HTTP Request: GET https://planilhaandrieli.jords.site/api/database/rows/table/673/?user_field_names=true "HTTP/1.1 200 OK"
2026-01-08 11:35:57,356 - INFO - HTTP Request: GET https://planilhaandrieli.jords.site/api/database/rows/table/677/?user_field_names=true&size=200 "HTTP/1.1 200 OK"
2026-01-08 11:35:57,431 - INFO - HTTP Request: GET https://planilhaandrieli.jords.site/api/database/rows/table/673/?user_field_names=true "HTTP/1.1 200 OK"
2026-01-08 11:35:57,433 - INFO - HTTP Request: GET https://planilhaandrieli.jords.site/api/database/rows/table/677/?user_field_names=true&size=200 "HTTP/1.1 200 OK"
2026-01-08 11:35:57,709 - ERROR - Erro ao invalidar cache Redis: Timeout connecting to server
2026-01-08 11:36:01,727 - INFO - HTTP Request: GET https://planilhaandrieli.jords.site/api/database/rows/table/673/62/?user_field_names=true "HTTP/1.1 200 OK"
2026-01-08 11:36:03,096 - INFO - HTTP Request: GET https://planilhaandrieli.jords.site/api/database/rows/table/677/?user_field_names=true&size=200 "HTTP/1.1 200 OK"
2026-01-08 11:36:03,099 - INFO - HTTP Request: GET https://planilhaandrieli.jords.site/api/database/rows/table/673/?user_field_names=true "HTTP/1.1 200 OK"
2026-01-08 11:36:04,410 - INFO - HTTP Request: GET https://planilhaandrieli.jords.site/api/database/rows/table/673/?user_field_names=true "HTTP/1.1 200 OK"
2026-01-08 11:36:04,414 - INFO - HTTP Request: GET https://planilhaandrieli.jords.site/api/database/rows/table/677/?user_field_names=true&size=200 "HTTP/1.1 200 OK"
2026-01-08 11:36:07,547 - INFO - HTTP Request: GET https://planilhaandrieli.jords.site/api/database/rows/table/677/?user_field_names=true&size=200 "HTTP/1.1 200 OK"
2026-01-08 11:36:07,557 - INFO - HTTP Request: GET https://planilhaandrieli.jords.site/api/database/rows/table/673/?user_field_names=true "HTTP/1.1 200 OK"
2026-01-08 11:36:07,667 - INFO - HTTP Request: GET https://planilhaandrieli.jords.site/api/database/rows/table/673/?user_field_names=true "HTTP/1.1 200 OK"
2026-01-08 11:36:07,671 - INFO - HTTP Request: GET https://planilhaandrieli.jords.site/api/database/rows/table/677/?user_field_names=true&size=200 "HTTP/1.1 200 OK"
2026-01-08 11:36:07,766 - INFO - HTTP Request: GET https://planilhaandrieli.jords.site/api/database/rows/table/673/?user_field_names=true "HTTP/1.1 200 OK"
2026-01-08 11:36:07,769 - INFO - HTTP Request: GET https://planilhaandrieli.jords.site/api/database/rows/table/677/?user_field_names=true&size=200 "HTTP/1.1 200 OK"
2026-01-08 11:36:07,807 - INFO - HTTP Request: GET https://planilhaandrieli.jords.site/api/database/rows/table/677/?user_field_names=true&size=200 "HTTP/1.1 200 OK"
2026-01-08 11:36:07,869 - INFO - HTTP Request: GET https://planilhaandrieli.jords.site/api/database/rows/table/673/?user_field_names=true "HTTP/1.1 200 OK"
2026-01-08 11:36:11,307 - INFO - HTTP Request: GET https://planilhaandrieli.jords.site/api/database/rows/table/677/?user_field_names=true&size=200 "HTTP/1.1 200 OK"
2026-01-08 11:36:11,311 - INFO - HTTP Request: GET https://planilhaandrieli.jords.site/api/database/rows/table/673/?user_field_names=true "HTTP/1.1 200 OK"
2026-01-08 11:36:11,415 - INFO - HTTP Request: GET https://planilhaandrieli.jords.site/api/database/rows/table/677/?user_field_names=true&size=200 "HTTP/1.1 200 OK"
2026-01-08 11:36:11,422 - INFO - HTTP Request: GET https://planilhaandrieli.jords.site/api/database/rows/table/673/?user_field_names=true "HTTP/1.1 200 OK"
2026-01-08 11:36:16,839 - INFO - HTTP Request: GET https://planilhaandrieli.jords.site/api/database/rows/table/673/?user_field_names=true "HTTP/1.1 200 OK"
2026-01-08 11:36:16,842 - INFO - HTTP Request: GET https://planilhaandrieli.jords.site/api/database/rows/table/677/?user_field_names=true&size=200 "HTTP/1.1 200 OK"
2026-01-08 11:36:16,944 - INFO - HTTP Request: GET https://planilhaandrieli.jords.site/api/database/rows/table/673/?user_field_names=true "HTTP/1.1 200 OK"
2026-01-08 11:36:17,304 - INFO - HTTP Request: GET https://planilhaandrieli.jords.site/api/database/rows/table/677/?user_field_names=true&size=200 "HTTP/1.1 200 OK"
2026-01-08 11:36:17,306 - INFO - HTTP Request: GET https://planilhaandrieli.jords.site/api/database/rows/table/673/?user_field_names=true "HTTP/1.1 200 OK"
2026-01-08 11:36:17,311 - INFO - HTTP Request: GET https://planilhaandrieli.jords.site/api/database/rows/table/677/?user_field_names=true&size=200 "HTTP/1.1 200 OK"
2026-01-08 11:36:20,931 - INFO - HTTP Request: GET https://planilhaandrieli.jords.site/api/database/rows/table/677/?user_field_names=true&size=200 "HTTP/1.1 200 OK"
2026-01-08 11:36:20,934 - INFO - HTTP Request: GET https://planilhaandrieli.jords.site/api/database/rows/table/673/?user_field_names=true "HTTP/1.1 200 OK"
2026-01-08 11:36:21,015 - INFO - HTTP Request: GET https://planilhaandrieli.jords.site/api/database/rows/table/677/?user_field_names=true&size=200 "HTTP/1.1 200 OK"
2026-01-08 11:36:21,016 - INFO - HTTP Request: GET https://planilhaandrieli.jords.site/api/database/rows/table/673/?user_field_names=true "HTTP/1.1 200 OK"
2026-01-08 11:36:27,236 - INFO - HTTP Request: GET https://planilhaandrieli.jords.site/api/database/rows/table/673/?user_field_names=true "HTTP/1.1 200 OK"
2026-01-08 11:36:27,239 - INFO - HTTP Request: GET https://planilhaandrieli.jords.site/api/database/rows/table/677/?user_field_names=true&size=200 "HTTP/1.1 200 OK"
2026-01-08 11:36:27,364 - INFO - HTTP Request: GET https://planilhaandrieli.jords.site/api/database/rows/table/677/?user_field_names=true&size=200 "HTTP/1.1 200 OK"
2026-01-08 11:36:27,412 - INFO - HTTP Request: GET https://planilhaandrieli.jords.site/api/database/rows/table/673/?user_field_names=true "HTTP/1.1 200 OK"
2026-01-08 11:36:27,447 - INFO - HTTP Request: GET https://planilhaandrieli.jords.site/api/database/rows/table/677/?user_field_names=true&size=200 "HTTP/1.1 200 OK"
2026-01-08 11:36:27,461 - INFO - HTTP Request: GET https://planilhaandrieli.jords.site/api/database/rows/table/673/?user_field_names=true "HTTP/1.1 200 OK"
2026-01-08 11:36:27,524 - INFO - HTTP Request: PATCH https://planilhaandrieli.jords.site/api/database/rows/table/673/62/?user_field_names=true "HTTP/1.1 200 OK"
2026-01-08 11:36:31,479 - INFO - HTTP Request: GET https://planilhaandrieli.jords.site/api/database/rows/table/677/?user_field_names=true&search=96123586 "HTTP/1.1 200 OK"
2026-01-08 11:36:31,573 - INFO - HTTP Request: GET https://planilhaandrieli.jords.site/api/database/rows/table/673/?user_field_names=true "HTTP/1.1 200 OK"
2026-01-08 11:36:31,639 - INFO - HTTP Request: GET https://planilhaandrieli.jords.site/api/database/rows/table/677/?user_field_names=true&size=200 "HTTP/1.1 200 OK"
2026-01-08 11:36:31,665 - INFO - HTTP Request: GET https://planilhaandrieli.jords.site/api/database/rows/table/673/?user_field_names=true "HTTP/1.1 200 OK"
2026-01-08 11:36:31,670 - INFO - HTTP Request: GET https://planilhaandrieli.jords.site/api/database/rows/table/677/?user_field_names=true&size=200 "HTTP/1.1 200 OK"
2026-01-08 11:36:31,781 - INFO - HTTP Request: PATCH https://planilhaandrieli.jords.site/api/database/rows/table/677/10/?user_field_names=true "HTTP/1.1 200 OK"
2026-01-08 11:36:36,389 - ERROR - Erro ao invalidar cache Redis: Timeout connecting to server
2026-01-08 11:36:37,598 - INFO - HTTP Request: GET https://planilhaandrieli.jords.site/api/database/rows/table/677/?user_field_names=true&size=200 "HTTP/1.1 200 OK"
2026-01-08 11:36:37,602 - INFO - HTTP Request: GET https://planilhaandrieli.jords.site/api/database/rows/table/673/?user_field_names=true "HTTP/1.1 200 OK"
2026-01-08 11:36:37,754 - INFO - HTTP Request: GET https://planilhaandrieli.jords.site/api/database/rows/table/673/?user_field_names=true "HTTP/1.1 200 OK"
2026-01-08 11:36:37,761 - INFO - HTTP Request: GET https://planilhaandrieli.jords.site/api/database/rows/table/673/?user_field_names=true "HTTP/1.1 200 OK"
2026-01-08 11:36:37,781 - INFO - HTTP Request: GET https://planilhaandrieli.jords.site/api/database/rows/table/673/62/?user_field_names=true "HTTP/1.1 200 OK"
2026-01-08 11:36:39,281 - INFO - HTTP Request: GET https://planilhaandrieli.jords.site/api/database/rows/table/677/?user_field_names=true&size=200 "HTTP/1.1 200 OK"
2026-01-08 11:36:39,284 - INFO - HTTP Request: GET https://planilhaandrieli.jords.site/api/database/rows/table/677/?user_field_names=true&size=200 "HTTP/1.1 200 OK"
2026-01-08 11:36:42,198 - INFO - HTTP Request: GET https://planilhaandrieli.jords.site/api/database/rows/table/677/?user_field_names=true&size=200 "HTTP/1.1 200 OK"
2026-01-08 11:36:42,203 - INFO - HTTP Request: GET https://planilhaandrieli.jords.site/api/database/rows/table/673/?user_field_names=true "HTTP/1.1 200 OK"
2026-01-08 11:36:42,351 - INFO - HTTP Request: GET https://planilhaandrieli.jords.site/api/database/rows/table/677/?user_field_names=true&size=200 "HTTP/1.1 200 OK"
2026-01-08 11:36:43,639 - INFO - HTTP Request: GET https://planilhaandrieli.jords.site/api/database/rows/table/673/?user_field_names=true "HTTP/1.1 200 OK"
2026-01-08 11:36:43,642 - INFO - HTTP Request: GET https://planilhaandrieli.jords.site/api/database/rows/table/673/?user_field_names=true "HTTP/1.1 200 OK"
2026-01-08 11:36:43,646 - INFO - HTTP Request: GET https://planilhaandrieli.jords.site/api/database/rows/table/677/?user_field_names=true&size=200 "HTTP/1.1 200 OK"
2026-01-08 11:36:45,372 - INFO - HTTP Request: GET https://planilhaandrieli.jords.site/api/database/rows/table/677/?user_field_names=true&size=200 "HTTP/1.1 200 OK"
2026-01-08 11:36:45,387 - INFO - HTTP Request: GET https://planilhaandrieli.jords.site/api/database/rows/table/673/?user_field_names=true "HTTP/1.1 200 OK"
2026-01-08 11:36:45,539 - INFO - HTTP Request: GET https://planilhaandrieli.jords.site/api/database/rows/table/673/?user_field_names=true "HTTP/1.1 200 OK"
2026-01-08 11:36:45,543 - INFO - HTTP Request: GET https://planilhaandrieli.jords.site/api/database/rows/table/673/?user_field_names=true "HTTP/1.1 200 OK"
2026-01-08 11:36:45,561 - INFO - HTTP Request: GET https://planilhaandrieli.jords.site/api/database/rows/table/677/?user_field_names=true&size=200 "HTTP/1.1 200 OK"
2026-01-08 11:36:45,573 - INFO - HTTP Request: GET https://planilhaandrieli.jords.site/api/database/rows/table/677/?user_field_names=true&size=200 "HTTP/1.1 200 OK"
2026-01-08 11:36:51,050 - INFO - HTTP Request: GET https://planilhaandrieli.jords.site/api/database/rows/table/677/?user_field_names=true&size=200 "HTTP/1.1 200 OK"
2026-01-08 11:36:51,060 - INFO - HTTP Request: GET https://planilhaandrieli.jords.site/api/database/rows/table/673/?user_field_names=true "HTTP/1.1 200 OK"
2026-01-08 11:36:51,143 - INFO - HTTP Request: GET https://planilhaandrieli.jords.site/api/database/rows/table/677/?user_field_names=true&size=200 "HTTP/1.1 200 OK"
2026-01-08 11:36:51,158 - INFO - HTTP Request: GET https://planilhaandrieli.jords.site/api/database/rows/table/673/?user_field_names=true "HTTP/1.1 200 OK"
2026-01-08 11:36:56,535 - INFO - HTTP Request: GET https://planilhaandrieli.jords.site/api/database/rows/table/677/?user_field_names=true&size=200 "HTTP/1.1 200 OK"
2026-01-08 11:36:56,555 - INFO - HTTP Request: GET https://planilhaandrieli.jords.site/api/database/rows/table/673/?user_field_names=true "HTTP/1.1 200 OK"
2026-01-08 11:36:56,680 - INFO - HTTP Request: GET https://planilhaandrieli.jords.site/api/database/rows/table/673/?user_field_names=true "HTTP/1.1 200 OK"
2026-01-08 11:36:56,696 - INFO - HTTP Request: GET https://planilhaandrieli.jords.site/api/database/rows/table/677/?user_field_names=true&size=200 "HTTP/1.1 200 OK"
2026-01-08 11:36:56,777 - INFO - HTTP Request: GET https://planilhaandrieli.jords.site/api/database/rows/table/677/?user_field_names=true&size=200 "HTTP/1.1 200 OK"
2026-01-08 11:36:56,807 - INFO - HTTP Request: GET https://planilhaandrieli.jords.site/api/database/rows/table/673/?user_field_names=true "HTTP/1.1 200 OK"
2026-01-08 11:37:01,438 - INFO - HTTP Request: GET https://planilhaandrieli.jords.site/api/database/rows/table/677/?user_field_names=true&size=200 "HTTP/1.1 200 OK"
2026-01-08 11:37:01,440 - INFO - HTTP Request: GET https://planilhaandrieli.jords.site/api/database/rows/table/673/?user_field_names=true "HTTP/1.1 200 OK"
2026-01-08 11:37:01,499 - INFO - HTTP Request: GET https://planilhaandrieli.jords.site/api/database/rows/table/673/?user_field_names=true "HTTP/1.1 200 OK"
2026-01-08 11:37:01,533 - INFO - HTTP Request: GET https://planilhaandrieli.jords.site/api/database/rows/table/677/?user_field_names=true&size=200 "HTTP/1.1 200 OK"
2026-01-08 11:37:07,268 - INFO - HTTP Request: GET https://planilhaandrieli.jords.site/api/database/rows/table/673/?user_field_names=true "HTTP/1.1 200 OK"
2026-01-08 11:37:07,271 - INFO - HTTP Request: GET https://planilhaandrieli.jords.site/api/database/rows/table/677/?user_field_names=true&size=200 "HTTP/1.1 200 OK"
2026-01-08 11:37:07,447 - INFO - HTTP Request: GET https://planilhaandrieli.jords.site/api/database/rows/table/677/?user_field_names=true&size=200 "HTTP/1.1 200 OK"
2026-01-08 11:37:07,450 - INFO - HTTP Request: GET https://planilhaandrieli.jords.site/api/database/rows/table/673/?user_field_names=true "HTTP/1.1 200 OK"
2026-01-08 11:37:07,459 - INFO - HTTP Request: GET https://planilhaandrieli.jords.site/api/database/rows/table/677/?user_field_names=true&size=200 "HTTP/1.1 200 OK"
2026-01-08 11:37:07,861 - INFO - HTTP Request: GET https://planilhaandrieli.jords.site/api/database/rows/table/673/?user_field_names=true "HTTP/1.1 200 OK"
2026-01-08 11:37:11,296 - INFO - HTTP Request: GET https://planilhaandrieli.jords.site/api/database/rows/table/677/?user_field_names=true&size=200 "HTTP/1.1 200 OK"
2026-01-08 11:37:11,299 - INFO - HTTP Request: GET https://planilhaandrieli.jords.site/api/database/rows/table/673/?user_field_names=true "HTTP/1.1 200 OK"
2026-01-08 11:37:11,380 - INFO - HTTP Request: GET https://planilhaandrieli.jords.site/api/database/rows/table/677/?user_field_names=true&size=200 "HTTP/1.1 200 OK"
2026-01-08 11:37:11,398 - INFO - HTTP Request: GET https://planilhaandrieli.jords.site/api/database/rows/table/673/?user_field_names=true "HTTP/1.1 200 OK"
2026-01-08 11:37:16,953 - INFO - HTTP Request: GET https://planilhaandrieli.jords.site/api/database/rows/table/677/?user_field_names=true&size=200 "HTTP/1.1 200 OK"
2026-01-08 11:37:16,954 - INFO - HTTP Request: GET https://planilhaandrieli.jords.site/api/database/rows/table/673/?user_field_names=true "HTTP/1.1 200 OK"
2026-01-08 11:37:17,087 - INFO - HTTP Request: GET https://planilhaandrieli.jords.site/api/database/rows/table/677/?user_field_names=true&size=200 "HTTP/1.1 200 OK"
2026-01-08 11:37:17,264 - INFO - HTTP Request: GET https://planilhaandrieli.jords.site/api/database/rows/table/673/?user_field_names=true "HTTP/1.1 200 OK"
2026-01-08 11:37:17,352 - INFO - HTTP Request: PATCH https://planilhaandrieli.jords.site/api/database/rows/table/673/62/?user_field_names=true "HTTP/1.1 200 OK"
2026-01-08 11:37:18,312 - INFO - HTTP Request: GET https://planilhaandrieli.jords.site/api/database/rows/table/677/?user_field_names=true&size=200 "HTTP/1.1 200 OK"
2026-01-08 11:37:18,323 - INFO - HTTP Request: GET https://planilhaandrieli.jords.site/api/database/rows/table/673/?user_field_names=true "HTTP/1.1 200 OK"
2026-01-08 11:37:21,494 - INFO - HTTP Request: GET https://planilhaandrieli.jords.site/api/database/rows/table/677/?user_field_names=true&search=96123586 "HTTP/1.1 200 OK"
2026-01-08 11:37:21,640 - INFO - HTTP Request: GET https://planilhaandrieli.jords.site/api/database/rows/table/677/?user_field_names=true&size=200 "HTTP/1.1 200 OK"
2026-01-08 11:37:21,641 - INFO - HTTP Request: GET https://planilhaandrieli.jords.site/api/database/rows/table/673/?user_field_names=true "HTTP/1.1 200 OK"
2026-01-08 11:37:21,761 - INFO - HTTP Request: GET https://planilhaandrieli.jords.site/api/database/rows/table/673/?user_field_names=true "HTTP/1.1 200 OK"
2026-01-08 11:37:21,783 - INFO - HTTP Request: GET https://planilhaandrieli.jords.site/api/database/rows/table/677/?user_field_names=true&size=200 "HTTP/1.1 200 OK"
2026-01-08 11:37:21,841 - INFO - HTTP Request: PATCH https://planilhaandrieli.jords.site/api/database/rows/table/677/10/?user_field_names=true "HTTP/1.1 200 OK"
2026-01-08 11:37:23,648 - ERROR - Erro ao invalidar cache Redis: Timeout connecting to server
2026-01-08 11:37:26,965 - INFO - HTTP Request: GET https://planilhaandrieli.jords.site/api/database/rows/table/673/62/?user_field_names=true "HTTP/1.1 200 OK"
2026-01-08 11:37:27,050 - INFO - HTTP Request: GET https://planilhaandrieli.jords.site/api/database/rows/table/673/?user_field_names=true "HTTP/1.1 200 OK"
2026-01-08 11:37:28,338 - INFO - HTTP Request: GET https://planilhaandrieli.jords.site/api/database/rows/table/673/?user_field_names=true "HTTP/1.1 200 OK"
2026-01-08 11:37:28,343 - INFO - HTTP Request: GET https://planilhaandrieli.jords.site/api/database/rows/table/677/?user_field_names=true&size=200 "HTTP/1.1 200 OK"
2026-01-08 11:37:28,346 - INFO - HTTP Request: GET https://planilhaandrieli.jords.site/api/database/rows/table/677/?user_field_names=true&size=200 "HTTP/1.1 200 OK"
2026-01-08 11:37:28,348 - INFO - HTTP Request: GET https://planilhaandrieli.jords.site/api/database/rows/table/677/?user_field_names=true&size=200 "HTTP/1.1 200 OK"
2026-01-08 11:37:28,350 - INFO - HTTP Request: GET https://planilhaandrieli.jords.site/api/database/rows/table/673/?user_field_names=true "HTTP/1.1 200 OK"
2026-01-08 11:37:31,357 - INFO - HTTP Request: GET https://planilhaandrieli.jords.site/api/database/rows/table/677/?user_field_names=true&size=200 "HTTP/1.1 200 OK"
2026-01-08 11:37:31,388 - INFO - HTTP Request: GET https://planilhaandrieli.jords.site/api/database/rows/table/673/?user_field_names=true "HTTP/1.1 200 OK"
2026-01-08 11:37:31,478 - INFO - HTTP Request: GET https://planilhaandrieli.jords.site/api/database/rows/table/677/?user_field_names=true&size=200 "HTTP/1.1 200 OK"
2026-01-08 11:37:31,540 - INFO - HTTP Request: GET https://planilhaandrieli.jords.site/api/database/rows/table/677/?user_field_names=true&size=200 "HTTP/1.1 200 OK"
2026-01-08 11:37:31,550 - INFO - HTTP Request: GET https://planilhaandrieli.jords.site/api/database/rows/table/673/?user_field_names=true "HTTP/1.1 200 OK"
2026-01-08 11:37:31,563 - INFO - HTTP Request: GET https://planilhaandrieli.jords.site/api/database/rows/table/673/?user_field_names=true "HTTP/1.1 200 OK"
2026-01-08 11:37:36,505 - INFO - HTTP Request: GET https://planilhaandrieli.jords.site/api/database/rows/table/677/?user_field_names=true&size=200 "HTTP/1.1 200 OK"
2026-01-08 11:37:36,507 - INFO - HTTP Request: GET https://planilhaandrieli.jords.site/api/database/rows/table/673/?user_field_names=true "HTTP/1.1 200 OK"
2026-01-08 11:37:36,650 - INFO - HTTP Request: GET https://planilhaandrieli.jords.site/api/database/rows/table/673/?user_field_names=true "HTTP/1.1 200 OK"
2026-01-08 11:37:36,652 - INFO - HTTP Request: GET https://planilhaandrieli.jords.site/api/database/rows/table/677/?user_field_names=true&size=200 "HTTP/1.1 200 OK"
2026-01-08 11:37:36,660 - INFO - HTTP Request: GET https://planilhaandrieli.jords.site/api/database/rows/table/673/?user_field_names=true "HTTP/1.1 200 OK"
2026-01-08 11:37:36,674 - INFO - HTTP Request: GET https://planilhaandrieli.jords.site/api/database/rows/table/677/?user_field_names=true&size=200 "HTTP/1.1 200 OK"
2026-01-08 11:37:41,488 - INFO - HTTP Request: GET https://planilhaandrieli.jords.site/api/database/rows/table/673/?user_field_names=true "HTTP/1.1 200 OK"
2026-01-08 11:37:41,492 - INFO - HTTP Request: GET https://planilhaandrieli.jords.site/api/database/rows/table/677/?user_field_names=true&size=200 "HTTP/1.1 200 OK"
2026-01-08 11:37:41,610 - INFO - HTTP Request: GET https://planilhaandrieli.jords.site/api/database/rows/table/673/?user_field_names=true "HTTP/1.1 200 OK"
2026-01-08 11:37:41,624 - INFO - HTTP Request: GET https://planilhaandrieli.jords.site/api/database/rows/table/677/?user_field_names=true&size=200 "HTTP/1.1 200 OK"
2026-01-08 11:37:46,422 - INFO - HTTP Request: GET https://planilhaandrieli.jords.site/api/database/rows/table/677/?user_field_names=true&size=200 "HTTP/1.1 200 OK"
2026-01-08 11:37:46,444 - INFO - HTTP Request: GET https://planilhaandrieli.jords.site/api/database/rows/table/673/?user_field_names=true "HTTP/1.1 200 OK"
2026-01-08 11:37:46,480 - INFO - HTTP Request: GET https://planilhaandrieli.jords.site/api/database/rows/table/673/?user_field_names=true "HTTP/1.1 200 OK"
2026-01-08 11:37:46,554 - INFO - HTTP Request: GET https://planilhaandrieli.jords.site/api/database/rows/table/677/?user_field_names=true&size=200 "HTTP/1.1 200 OK"
2026-01-08 11:37:46,567 - INFO - HTTP Request: GET https://planilhaandrieli.jords.site/api/database/rows/table/673/?user_field_names=true "HTTP/1.1 200 OK"
2026-01-08 11:37:46,575 - INFO - HTTP Request: GET https://planilhaandrieli.jords.site/api/database/rows/table/677/?user_field_names=true&size=200 "HTTP/1.1 200 OK"
2026-01-08 11:37:50,965 - INFO - HTTP Request: GET https://planilhaandrieli.jords.site/api/database/rows/table/677/?user_field_names=true&size=200 "HTTP/1.1 200 OK"
2026-01-08 11:37:50,975 - INFO - HTTP Request: GET https://planilhaandrieli.jords.site/api/database/rows/table/673/?user_field_names=true "HTTP/1.1 200 OK"
2026-01-08 11:37:51,061 - INFO - HTTP Request: GET https://planilhaandrieli.jords.site/api/database/rows/table/677/?user_field_names=true&size=200 "HTTP/1.1 200 OK"
2026-01-08 11:37:51,063 - INFO - HTTP Request: GET https://planilhaandrieli.jords.site/api/database/rows/table/673/?user_field_names=true "HTTP/1.1 200 OK"
2026-01-08 11:37:56,463 - INFO - HTTP Request: GET https://planilhaandrieli.jords.site/api/database/rows/table/677/?user_field_names=true&size=200 "HTTP/1.1 200 OK"
2026-01-08 11:37:56,468 - INFO - HTTP Request: GET https://planilhaandrieli.jords.site/api/database/rows/table/673/?user_field_names=true "HTTP/1.1 200 OK"
2026-01-08 11:37:56,573 - INFO - HTTP Request: GET https://planilhaandrieli.jords.site/api/database/rows/table/677/?user_field_names=true&size=200 "HTTP/1.1 200 OK"
2026-01-08 11:37:56,581 - INFO - HTTP Request: GET https://planilhaandrieli.jords.site/api/database/rows/table/673/?user_field_names=true "HTTP/1.1 200 OK"
2026-01-08 11:37:56,641 - INFO - HTTP Request: GET https://planilhaandrieli.jords.site/api/database/rows/table/673/?user_field_names=true "HTTP/1.1 200 OK"
2026-01-08 11:37:56,668 - INFO - HTTP Request: GET https://planilhaandrieli.jords.site/api/database/rows/table/677/?user_field_names=true&size=200 "HTTP/1.1 200 OK"
2026-01-08 11:38:01,372 - INFO - HTTP Request: GET https://planilhaandrieli.jords.site/api/database/rows/table/677/?user_field_names=true&size=200 "HTTP/1.1 200 OK"
2026-01-08 11:38:01,442 - INFO - HTTP Request: GET https://planilhaandrieli.jords.site/api/database/rows/table/673/?user_field_names=true "HTTP/1.1 200 OK"
2026-01-08 11:38:01,474 - INFO - HTTP Request: GET https://planilhaandrieli.jords.site/api/database/rows/table/677/?user_field_names=true&size=200 "HTTP/1.1 200 OK"
2026-01-08 11:38:01,491 - INFO - HTTP Request: GET https://planilhaandrieli.jords.site/api/database/rows/table/673/?user_field_names=true "HTTP/1.1 200 OK"
2026-01-08 11:38:06,706 - INFO - HTTP Request: GET https://planilhaandrieli.jords.site/api/database/rows/table/677/?user_field_names=true&size=200 "HTTP/1.1 200 OK"
2026-01-08 11:38:06,710 - INFO - HTTP Request: GET https://planilhaandrieli.jords.site/api/database/rows/table/673/?user_field_names=true "HTTP/1.1 200 OK"
2026-01-08 11:38:06,852 - INFO - HTTP Request: GET https://planilhaandrieli.jords.site/api/database/rows/table/677/?user_field_names=true&size=200 "HTTP/1.1 200 OK"
2026-01-08 11:38:06,856 - INFO - HTTP Request: GET https://planilhaandrieli.jords.site/api/database/rows/table/673/?user_field_names=true "HTTP/1.1 200 OK"
2026-01-08 11:38:06,873 - INFO - HTTP Request: GET https://planilhaandrieli.jords.site/api/database/rows/table/677/?user_field_names=true&size=200 "HTTP/1.1 200 OK"
2026-01-08 11:38:06,874 - INFO - HTTP Request: GET https://planilhaandrieli.jords.site/api/database/rows/table/673/?user_field_names=true "HTTP/1.1 200 OK"
2026-01-08 11:38:09,658 - INFO - HTTP Request: GET https://planilhaandrieli.jords.site/api/database/rows/table/677/?user_field_names=true&size=200 "HTTP/1.1 200 OK"
2026-01-08 11:38:09,673 - INFO - HTTP Request: GET https://planilhaandrieli.jords.site/api/database/rows/table/673/?user_field_names=true "HTTP/1.1 200 OK"
2026-01-08 11:38:09,774 - INFO - HTTP Request: GET https://planilhaandrieli.jords.site/api/database/rows/table/673/?user_field_names=true "HTTP/1.1 200 OK"
2026-01-08 11:38:09,775 - INFO - HTTP Request: GET https://planilhaandrieli.jords.site/api/database/rows/table/677/?user_field_names=true&size=200 "HTTP/1.1 200 OK"
2026-01-08 11:38:13,890 - INFO - HTTP Request: GET https://planilhaandrieli.jords.site/api/database/rows/table/677/?user_field_names=true&size=200 "HTTP/1.1 200 OK"
2026-01-08 11:38:13,893 - INFO - HTTP Request: GET https://planilhaandrieli.jords.site/api/database/rows/table/673/?user_field_names=true "HTTP/1.1 200 OK"
2026-01-08 11:38:14,077 - INFO - HTTP Request: GET https://planilhaandrieli.jords.site/api/database/rows/table/673/?user_field_names=true "HTTP/1.1 200 OK"
2026-01-08 11:38:14,078 - INFO - HTTP Request: GET https://planilhaandrieli.jords.site/api/database/rows/table/677/?user_field_names=true&size=200 "HTTP/1.1 200 OK"
2026-01-08 11:38:14,332 - INFO - HTTP Request: GET https://planilhaandrieli.jords.site/api/database/rows/table/673/?user_field_names=true "HTTP/1.1 200 OK"
2026-01-08 11:38:14,337 - INFO - HTTP Request: GET https://planilhaandrieli.jords.site/api/database/rows/table/677/?user_field_names=true&size=200 "HTTP/1.1 200 OK"
2026-01-08 11:38:19,906 - INFO - HTTP Request: GET https://planilhaandrieli.jords.site/api/database/rows/table/677/?user_field_names=true&size=200 "HTTP/1.1 200 OK"
2026-01-08 11:38:19,913 - INFO - HTTP Request: GET https://planilhaandrieli.jords.site/api/database/rows/table/673/?user_field_names=true "HTTP/1.1 200 OK"
2026-01-08 11:38:19,992 - INFO - HTTP Request: GET https://planilhaandrieli.jords.site/api/database/rows/table/677/?user_field_names=true&size=200 "HTTP/1.1 200 OK"
2026-01-08 11:38:20,007 - INFO - HTTP Request: GET https://planilhaandrieli.jords.site/api/database/rows/table/673/?user_field_names=true "HTTP/1.1 200 OK"
2026-01-08 11:38:23,614 - INFO - HTTP Request: GET https://planilhaandrieli.jords.site/api/database/rows/table/673/?user_field_names=true "HTTP/1.1 200 OK"
2026-01-08 11:38:23,615 - INFO - HTTP Request: GET https://planilhaandrieli.jords.site/api/database/rows/table/677/?user_field_names=true&size=200 "HTTP/1.1 200 OK"
2026-01-08 11:38:24,324 - INFO - HTTP Request: GET https://planilhaandrieli.jords.site/api/database/rows/table/673/?user_field_names=true "HTTP/1.1 200 OK"
2026-01-08 11:38:24,331 - INFO - HTTP Request: GET https://planilhaandrieli.jords.site/api/database/rows/table/677/?user_field_names=true&size=200 "HTTP/1.1 200 OK"
2026-01-08 11:38:24,417 - INFO - HTTP Request: GET https://planilhaandrieli.jords.site/api/database/rows/table/673/?user_field_names=true "HTTP/1.1 200 OK"
2026-01-08 11:38:24,434 - INFO - HTTP Request: GET https://planilhaandrieli.jords.site/api/database/rows/table/677/?user_field_names=true&size=200 "HTTP/1.1 200 OK"
2026-01-08 11:38:29,256 - INFO - HTTP Request: GET https://planilhaandrieli.jords.site/api/database/rows/table/677/?user_field_names=true&size=200 "HTTP/1.1 200 OK"
2026-01-08 11:38:29,268 - INFO - HTTP Request: GET https://planilhaandrieli.jords.site/api/database/rows/table/673/?user_field_names=true "HTTP/1.1 200 OK"
2026-01-08 11:38:29,269 - INFO - HTTP Request: GET https://planilhaandrieli.jords.site/api/database/rows/table/673/?user_field_names=true "HTTP/1.1 200 OK"
2026-01-08 11:38:29,279 - INFO - HTTP Request: GET https://planilhaandrieli.jords.site/api/database/rows/table/677/?user_field_names=true&size=200 "HTTP/1.1 200 OK"
2026-01-08 11:38:33,909 - INFO - HTTP Request: GET https://planilhaandrieli.jords.site/api/database/rows/table/677/?user_field_names=true&size=200 "HTTP/1.1 200 OK"
2026-01-08 11:38:33,910 - INFO - HTTP Request: GET https://planilhaandrieli.jords.site/api/database/rows/table/673/?user_field_names=true "HTTP/1.1 200 OK"
2026-01-08 11:38:34,111 - INFO - HTTP Request: GET https://planilhaandrieli.jords.site/api/database/rows/table/677/?user_field_names=true&size=200 "HTTP/1.1 200 OK"
2026-01-08 11:38:34,111 - INFO - HTTP Request: GET https://planilhaandrieli.jords.site/api/database/rows/table/673/?user_field_names=true "HTTP/1.1 200 OK"
2026-01-08 11:38:34,344 - INFO - HTTP Request: GET https://planilhaandrieli.jords.site/api/database/rows/table/673/?user_field_names=true "HTTP/1.1 200 OK"
2026-01-08 11:38:34,345 - INFO - HTTP Request: GET https://planilhaandrieli.jords.site/api/database/rows/table/677/?user_field_names=true&size=200 "HTTP/1.1 200 OK"
2026-01-08 11:38:41,510 - INFO - HTTP Request: GET https://planilhaandrieli.jords.site/api/database/rows/table/677/?user_field_names=true&size=200 "HTTP/1.1 200 OK"
2026-01-08 11:38:41,512 - INFO - HTTP Request: GET https://planilhaandrieli.jords.site/api/database/rows/table/673/?user_field_names=true "HTTP/1.1 200 OK"
2026-01-08 11:38:41,626 - INFO - HTTP Request: GET https://planilhaandrieli.jords.site/api/database/rows/table/677/?user_field_names=true&size=200 "HTTP/1.1 200 OK"
2026-01-08 11:38:41,628 - INFO - HTTP Request: GET https://planilhaandrieli.jords.site/api/database/rows/table/673/?user_field_names=true "HTTP/1.1 200 OK"
2026-01-08 11:38:45,380 - INFO - HTTP Request: GET https://planilhaandrieli.jords.site/api/database/rows/table/673/?user_field_names=true "HTTP/1.1 200 OK"
2026-01-08 11:38:45,646 - INFO - HTTP Request: GET https://planilhaandrieli.jords.site/api/database/rows/table/673/?user_field_names=true "HTTP/1.1 200 OK"
2026-01-08 11:38:45,647 - INFO - HTTP Request: GET https://planilhaandrieli.jords.site/api/database/rows/table/677/?user_field_names=true&size=200 "HTTP/1.1 200 OK"
2026-01-08 11:38:45,661 - INFO - HTTP Request: GET https://planilhaandrieli.jords.site/api/database/rows/table/677/?user_field_names=true&size=200 "HTTP/1.1 200 OK"
2026-01-08 11:38:45,891 - INFO - HTTP Request: GET https://planilhaandrieli.jords.site/api/database/rows/table/677/?user_field_names=true&size=200 "HTTP/1.1 200 OK"
2026-01-08 11:38:45,941 - INFO - HTTP Request: GET https://planilhaandrieli.jords.site/api/database/rows/table/673/?user_field_names=true "HTTP/1.1 200 OK"
2026-01-08 11:38:49,090 - INFO - HTTP Request: GET https://planilhaandrieli.jords.site/api/database/rows/table/677/?user_field_names=true&size=200 "HTTP/1.1 200 OK"
2026-01-08 11:38:49,107 - INFO - HTTP Request: GET https://planilhaandrieli.jords.site/api/database/rows/table/673/?user_field_names=true "HTTP/1.1 200 OK"
2026-01-08 11:38:49,193 - INFO - HTTP Request: GET https://planilhaandrieli.jords.site/api/database/rows/table/673/?user_field_names=true "HTTP/1.1 200 OK"
2026-01-08 11:38:49,198 - INFO - HTTP Request: GET https://planilhaandrieli.jords.site/api/database/rows/table/677/?user_field_names=true&size=200 "HTTP/1.1 200 OK"
2026-01-08 11:38:53,904 - INFO - HTTP Request: GET https://planilhaandrieli.jords.site/api/database/rows/table/673/?user_field_names=true "HTTP/1.1 200 OK"
2026-01-08 11:38:53,906 - INFO - HTTP Request: GET https://planilhaandrieli.jords.site/api/database/rows/table/677/?user_field_names=true&size=200 "HTTP/1.1 200 OK"
2026-01-08 11:38:54,076 - INFO - HTTP Request: GET https://planilhaandrieli.jords.site/api/database/rows/table/677/?user_field_names=true&size=200 "HTTP/1.1 200 OK"
2026-01-08 11:38:54,087 - INFO - HTTP Request: GET https://planilhaandrieli.jords.site/api/database/rows/table/673/?user_field_names=true "HTTP/1.1 200 OK"
2026-01-08 11:38:54,300 - INFO - HTTP Request: GET https://planilhaandrieli.jords.site/api/database/rows/table/677/?user_field_names=true&size=200 "HTTP/1.1 200 OK"
2026-01-08 11:38:54,309 - INFO - HTTP Request: GET https://planilhaandrieli.jords.site/api/database/rows/table/673/?user_field_names=true "HTTP/1.1 200 OK"
2026-01-08 11:38:59,550 - INFO - HTTP Request: GET https://planilhaandrieli.jords.site/api/database/rows/table/677/?user_field_names=true&size=200 "HTTP/1.1 200 OK"
2026-01-08 11:38:59,567 - INFO - HTTP Request: GET https://planilhaandrieli.jords.site/api/database/rows/table/677/?user_field_names=true&size=200 "HTTP/1.1 200 OK"
2026-01-08 11:38:59,578 - INFO - HTTP Request: GET https://planilhaandrieli.jords.site/api/database/rows/table/673/?user_field_names=true "HTTP/1.1 200 OK"
2026-01-08 11:38:59,578 - INFO - HTTP Request: GET https://planilhaandrieli.jords.site/api/database/rows/table/673/?user_field_names=true "HTTP/1.1 200 OK"
2026-01-08 11:39:06,745 - INFO - HTTP Request: GET https://planilhaandrieli.jords.site/api/database/rows/table/677/?user_field_names=true&size=200 "HTTP/1.1 200 OK"
2026-01-08 11:39:06,748 - INFO - HTTP Request: GET https://planilhaandrieli.jords.site/api/database/rows/table/673/?user_field_names=true "HTTP/1.1 200 OK"
2026-01-08 11:39:06,859 - INFO - HTTP Request: GET https://planilhaandrieli.jords.site/api/database/rows/table/677/?user_field_names=true&size=200 "HTTP/1.1 200 OK"
2026-01-08 11:39:06,939 - INFO - HTTP Request: GET https://planilhaandrieli.jords.site/api/database/rows/table/673/?user_field_names=true "HTTP/1.1 200 OK"
2026-01-08 11:39:06,943 - INFO - HTTP Request: GET https://planilhaandrieli.jords.site/api/database/rows/table/677/?user_field_names=true&size=200 "HTTP/1.1 200 OK"
2026-01-08 11:39:06,973 - INFO - HTTP Request: GET https://planilhaandrieli.jords.site/api/database/rows/table/673/?user_field_names=true "HTTP/1.1 200 OK"
2026-01-08 11:39:09,223 - INFO - HTTP Request: GET https://planilhaandrieli.jords.site/api/database/rows/table/673/?user_field_names=true "HTTP/1.1 200 OK"
2026-01-08 11:39:09,223 - INFO - HTTP Request: GET https://planilhaandrieli.jords.site/api/database/rows/table/677/?user_field_names=true&size=200 "HTTP/1.1 200 OK"
2026-01-08 11:39:09,324 - INFO - HTTP Request: GET https://planilhaandrieli.jords.site/api/database/rows/table/673/?user_field_names=true "HTTP/1.1 200 OK"
2026-01-08 11:39:09,362 - INFO - HTTP Request: GET https://planilhaandrieli.jords.site/api/database/rows/table/677/?user_field_names=true&size=200 "HTTP/1.1 200 OK"
2026-01-08 11:39:15,212 - INFO - HTTP Request: GET https://planilhaandrieli.jords.site/api/database/rows/table/677/?user_field_names=true&size=200 "HTTP/1.1 200 OK"
2026-01-08 11:39:15,248 - INFO - HTTP Request: GET https://planilhaandrieli.jords.site/api/database/rows/table/673/?user_field_names=true "HTTP/1.1 200 OK"
2026-01-08 11:39:15,354 - INFO - HTTP Request: GET https://planilhaandrieli.jords.site/api/database/rows/table/677/?user_field_names=true&size=200 "HTTP/1.1 200 OK"
2026-01-08 11:39:15,364 - INFO - HTTP Request: GET https://planilhaandrieli.jords.site/api/database/rows/table/673/?user_field_names=true "HTTP/1.1 200 OK"
2026-01-08 11:39:15,390 - INFO - HTTP Request: GET https://planilhaandrieli.jords.site/api/database/rows/table/673/?user_field_names=true "HTTP/1.1 200 OK"
2026-01-08 11:39:15,399 - INFO - HTTP Request: GET https://planilhaandrieli.jords.site/api/database/rows/table/677/?user_field_names=true&size=200 "HTTP/1.1 200 OK"
2026-01-08 11:39:21,600 - INFO - HTTP Request: GET https://planilhaandrieli.jords.site/api/database/rows/table/677/?user_field_names=true&size=200 "HTTP/1.1 200 OK"
2026-01-08 11:39:21,617 - INFO - HTTP Request: GET https://planilhaandrieli.jords.site/api/database/rows/table/673/?user_field_names=true "HTTP/1.1 200 OK"
2026-01-08 11:39:21,839 - INFO - HTTP Request: GET https://planilhaandrieli.jords.site/api/database/rows/table/673/?user_field_names=true "HTTP/1.1 200 OK"
2026-01-08 11:39:21,858 - INFO - HTTP Request: GET https://planilhaandrieli.jords.site/api/database/rows/table/677/?user_field_names=true&size=200 "HTTP/1.1 200 OK"
2026-01-08 11:39:27,865 - INFO - HTTP Request: GET https://planilhaandrieli.jords.site/api/database/rows/table/677/?user_field_names=true&size=200 "HTTP/1.1 200 OK"
2026-01-08 11:39:27,867 - INFO - HTTP Request: GET https://planilhaandrieli.jords.site/api/database/rows/table/673/?user_field_names=true "HTTP/1.1 200 OK"
2026-01-08 11:39:27,888 - INFO - HTTP Request: GET https://planilhaandrieli.jords.site/api/database/rows/table/677/?user_field_names=true&size=200 "HTTP/1.1 200 OK"
2026-01-08 11:39:27,954 - INFO - HTTP Request: GET https://planilhaandrieli.jords.site/api/database/rows/table/673/?user_field_names=true "HTTP/1.1 200 OK"
2026-01-08 11:39:28,017 - INFO - HTTP Request: GET https://planilhaandrieli.jords.site/api/database/rows/table/673/?user_field_names=true "HTTP/1.1 200 OK"
2026-01-08 11:39:28,022 - INFO - HTTP Request: GET https://planilhaandrieli.jords.site/api/database/rows/table/677/?user_field_names=true&size=200 "HTTP/1.1 200 OK"
2026-01-08 11:39:31,359 - INFO - HTTP Request: GET https://planilhaandrieli.jords.site/api/database/rows/table/677/?user_field_names=true&size=200 "HTTP/1.1 200 OK"
2026-01-08 11:39:31,372 - INFO - HTTP Request: GET https://planilhaandrieli.jords.site/api/database/rows/table/673/?user_field_names=true "HTTP/1.1 200 OK"
2026-01-08 11:39:31,474 - INFO - HTTP Request: GET https://planilhaandrieli.jords.site/api/database/rows/table/677/?user_field_names=true&size=200 "HTTP/1.1 200 OK"
2026-01-08 11:39:31,484 - INFO - HTTP Request: GET https://planilhaandrieli.jords.site/api/database/rows/table/673/?user_field_names=true "HTTP/1.1 200 OK"
2026-01-08 11:39:37,197 - INFO - HTTP Request: GET https://planilhaandrieli.jords.site/api/database/rows/table/677/?user_field_names=true&size=200 "HTTP/1.1 200 OK"
2026-01-08 11:39:37,202 - INFO - HTTP Request: GET https://planilhaandrieli.jords.site/api/database/rows/table/673/?user_field_names=true "HTTP/1.1 200 OK"
2026-01-08 11:39:37,365 - INFO - HTTP Request: GET https://planilhaandrieli.jords.site/api/database/rows/table/677/?user_field_names=true&size=200 "HTTP/1.1 200 OK"
2026-01-08 11:39:37,367 - INFO - HTTP Request: GET https://planilhaandrieli.jords.site/api/database/rows/table/673/?user_field_names=true "HTTP/1.1 200 OK"
2026-01-08 11:39:37,393 - INFO - HTTP Request: GET https://planilhaandrieli.jords.site/api/database/rows/table/677/?user_field_names=true&size=200 "HTTP/1.1 200 OK"
2026-01-08 11:39:37,458 - INFO - HTTP Request: GET https://planilhaandrieli.jords.site/api/database/rows/table/673/?user_field_names=true "HTTP/1.1 200 OK"
2026-01-08 11:39:41,415 - INFO - HTTP Request: GET https://planilhaandrieli.jords.site/api/database/rows/table/677/?user_field_names=true&size=200 "HTTP/1.1 200 OK"
2026-01-08 11:39:41,416 - INFO - HTTP Request: GET https://planilhaandrieli.jords.site/api/database/rows/table/673/?user_field_names=true "HTTP/1.1 200 OK"
2026-01-08 11:39:41,490 - INFO - HTTP Request: GET https://planilhaandrieli.jords.site/api/database/rows/table/677/?user_field_names=true&size=200 "HTTP/1.1 200 OK"
2026-01-08 11:39:41,496 - INFO - HTTP Request: GET https://planilhaandrieli.jords.site/api/database/rows/table/673/?user_field_names=true "HTTP/1.1 200 OK"
2026-01-08 11:39:47,756 - INFO - HTTP Request: GET https://planilhaandrieli.jords.site/api/database/rows/table/677/?user_field_names=true&size=200 "HTTP/1.1 200 OK"
2026-01-08 11:39:47,771 - INFO - HTTP Request: GET https://planilhaandrieli.jords.site/api/database/rows/table/673/?user_field_names=true "HTTP/1.1 200 OK"
2026-01-08 11:39:47,822 - INFO - HTTP Request: GET https://planilhaandrieli.jords.site/api/database/rows/table/673/?user_field_names=true "HTTP/1.1 200 OK"
2026-01-08 11:39:47,946 - INFO - HTTP Request: GET https://planilhaandrieli.jords.site/api/database/rows/table/677/?user_field_names=true&size=200 "HTTP/1.1 200 OK"
2026-01-08 11:39:47,957 - INFO - HTTP Request: GET https://planilhaandrieli.jords.site/api/database/rows/table/673/?user_field_names=true "HTTP/1.1 200 OK"
2026-01-08 11:39:48,341 - INFO - HTTP Request: GET https://planilhaandrieli.jords.site/api/database/rows/table/677/?user_field_names=true&size=200 "HTTP/1.1 200 OK"
2026-01-08 11:40:31,365 - INFO - HTTP Request: GET https://planilhaandrieli.jords.site/api/database/rows/table/673/?user_field_names=true "HTTP/1.1 200 OK"
2026-01-08 11:40:31,446 - INFO - HTTP Request: GET https://planilhaandrieli.jords.site/api/database/rows/table/677/?user_field_names=true&size=200 "HTTP/1.1 200 OK"
2026-01-08 11:40:31,452 - INFO - HTTP Request: GET https://planilhaandrieli.jords.site/api/database/rows/table/673/?user_field_names=true "HTTP/1.1 200 OK"
2026-01-08 11:40:31,461 - INFO - HTTP Request: GET https://planilhaandrieli.jords.site/api/database/rows/table/677/?user_field_names=true&size=200 "HTTP/1.1 200 OK"
2026-01-08 11:40:35,756 - INFO - HTTP Request: GET https://planilhaandrieli.jords.site/api/database/rows/table/673/?user_field_names=true "HTTP/1.1 200 OK"
2026-01-08 11:40:35,762 - INFO - HTTP Request: GET https://planilhaandrieli.jords.site/api/database/rows/table/677/?user_field_names=true&size=200 "HTTP/1.1 200 OK"
2026-01-08 11:40:35,769 - INFO - HTTP Request: GET https://planilhaandrieli.jords.site/api/database/rows/table/673/?user_field_names=true "HTTP/1.1 200 OK"
2026-01-08 11:40:35,851 - INFO - HTTP Request: GET https://planilhaandrieli.jords.site/api/database/rows/table/677/?user_field_names=true&size=200 "HTTP/1.1 200 OK"
2026-01-08 11:40:35,855 - INFO - HTTP Request: GET https://planilhaandrieli.jords.site/api/database/rows/table/673/?user_field_names=true "HTTP/1.1 200 OK"
2026-01-08 11:40:35,856 - INFO - HTTP Request: GET https://planilhaandrieli.jords.site/api/database/rows/table/677/?user_field_names=true&size=200 "HTTP/1.1 200 OK"
2026-01-08 11:40:35,863 - INFO - HTTP Request: GET https://planilhaandrieli.jords.site/api/database/rows/table/677/?user_field_names=true&size=200 "HTTP/1.1 200 OK"
2026-01-08 11:40:35,874 - INFO - HTTP Request: GET https://planilhaandrieli.jords.site/api/database/rows/table/677/?user_field_names=true&size=200 "HTTP/1.1 200 OK"
2026-01-08 11:40:35,898 - INFO - HTTP Request: GET https://planilhaandrieli.jords.site/api/database/rows/table/673/?user_field_names=true "HTTP/1.1 200 OK"
2026-01-08 11:40:35,898 - INFO - HTTP Request: GET https://planilhaandrieli.jords.site/api/database/rows/table/673/?user_field_names=true "HTTP/1.1 200 OK"
2026-01-08 11:40:46,472 - INFO - HTTP Request: GET https://planilhaandrieli.jords.site/api/database/rows/table/677/?user_field_names=true&size=200 "HTTP/1.1 200 OK"
2026-01-08 11:40:46,478 - INFO - HTTP Request: GET https://planilhaandrieli.jords.site/api/database/rows/table/673/?user_field_names=true "HTTP/1.1 200 OK"
2026-01-08 11:40:46,748 - INFO - HTTP Request: GET https://planilhaandrieli.jords.site/api/database/rows/table/677/?user_field_names=true&size=200 "HTTP/1.1 200 OK"
2026-01-08 11:40:46,857 - INFO - HTTP Request: GET https://planilhaandrieli.jords.site/api/database/rows/table/673/?user_field_names=true "HTTP/1.1 200 OK"
2026-01-08 11:40:46,873 - INFO - HTTP Request: GET https://planilhaandrieli.jords.site/api/database/rows/table/677/?user_field_names=true&size=200 "HTTP/1.1 200 OK"
2026-01-08 11:40:46,937 - INFO - HTTP Request: GET https://planilhaandrieli.jords.site/api/database/rows/table/677/?user_field_names=true&size=200 "HTTP/1.1 200 OK"
2026-01-08 11:40:46,977 - INFO - HTTP Request: GET https://planilhaandrieli.jords.site/api/database/rows/table/673/?user_field_names=true "HTTP/1.1 200 OK"
2026-01-08 11:40:46,978 - INFO - HTTP Request: GET https://planilhaandrieli.jords.site/api/database/rows/table/677/?user_field_names=true&size=200 "HTTP/1.1 200 OK"
2026-01-08 11:40:47,049 - INFO - HTTP Request: GET https://planilhaandrieli.jords.site/api/database/rows/table/677/?user_field_names=true&size=200 "HTTP/1.1 200 OK"
2026-01-08 11:40:47,057 - INFO - HTTP Request: GET https://planilhaandrieli.jords.site/api/database/rows/table/673/?user_field_names=true "HTTP/1.1 200 OK"
2026-01-08 11:40:47,057 - INFO - HTTP Request: GET https://planilhaandrieli.jords.site/api/database/rows/table/673/?user_field_names=true "HTTP/1.1 200 OK"
2026-01-08 11:40:47,066 - INFO - HTTP Request: GET https://planilhaandrieli.jords.site/api/database/rows/table/673/?user_field_names=true "HTTP/1.1 200 OK"
2026-01-08 11:40:48,617 - INFO - HTTP Request: GET https://planilhaandrieli.jords.site/api/database/rows/table/673/?user_field_names=true "HTTP/1.1 200 OK"
2026-01-08 11:40:48,618 - INFO - HTTP Request: GET https://planilhaandrieli.jords.site/api/database/rows/table/677/?user_field_names=true&size=200 "HTTP/1.1 200 OK"
2026-01-08 11:40:49,594 - INFO - HTTP Request: GET https://planilhaandrieli.jords.site/api/database/rows/table/677/?user_field_names=true&size=200 "HTTP/1.1 200 OK"
2026-01-08 11:40:49,619 - INFO - HTTP Request: GET https://planilhaandrieli.jords.site/api/database/rows/table/673/?user_field_names=true "HTTP/1.1 200 OK"
2026-01-08 11:40:50,568 - INFO - HTTP Request: GET https://planilhaandrieli.jords.site/api/database/rows/table/677/?user_field_names=true&size=200 "HTTP/1.1 200 OK"
2026-01-08 11:40:50,569 - INFO - HTTP Request: GET https://planilhaandrieli.jords.site/api/database/rows/table/673/?user_field_names=true "HTTP/1.1 200 OK"
2026-01-08 11:40:51,667 - INFO - HTTP Request: GET https://planilhaandrieli.jords.site/api/database/rows/table/673/?user_field_names=true "HTTP/1.1 200 OK"
2026-01-08 11:40:51,668 - INFO - HTTP Request: GET https://planilhaandrieli.jords.site/api/database/rows/table/677/?user_field_names=true&size=200 "HTTP/1.1 200 OK"
2026-01-08 11:40:52,564 - INFO - HTTP Request: GET https://planilhaandrieli.jords.site/api/database/rows/table/677/?user_field_names=true&size=200 "HTTP/1.1 200 OK"
2026-01-08 11:40:52,567 - INFO - HTTP Request: GET https://planilhaandrieli.jords.site/api/database/rows/table/673/?user_field_names=true "HTTP/1.1 200 OK"
2026-01-08 11:40:53,572 - INFO - HTTP Request: GET https://planilhaandrieli.jords.site/api/database/rows/table/673/?user_field_names=true "HTTP/1.1 200 OK"
2026-01-08 11:40:53,577 - INFO - HTTP Request: GET https://planilhaandrieli.jords.site/api/database/rows/table/677/?user_field_names=true&size=200 "HTTP/1.1 200 OK"
2026-01-08 11:40:54,589 - INFO - HTTP Request: GET https://planilhaandrieli.jords.site/api/database/rows/table/673/?user_field_names=true "HTTP/1.1 200 OK"
2026-01-08 11:40:54,590 - INFO - HTTP Request: GET https://planilhaandrieli.jords.site/api/database/rows/table/677/?user_field_names=true&size=200 "HTTP/1.1 200 OK"
2026-01-08 11:41:01,689 - INFO - HTTP Request: GET https://planilhaandrieli.jords.site/api/database/rows/table/677/?user_field_names=true&size=200 "HTTP/1.1 200 OK"
2026-01-08 11:41:01,698 - INFO - HTTP Request: GET https://planilhaandrieli.jords.site/api/database/rows/table/673/?user_field_names=true "HTTP/1.1 200 OK"
2026-01-08 11:41:01,785 - INFO - HTTP Request: GET https://planilhaandrieli.jords.site/api/database/rows/table/677/?user_field_names=true&size=200 "HTTP/1.1 200 OK"
2026-01-08 11:41:01,788 - INFO - HTTP Request: GET https://planilhaandrieli.jords.site/api/database/rows/table/673/?user_field_names=true "HTTP/1.1 200 OK"
2026-01-08 11:41:06,143 - INFO - HTTP Request: GET https://planilhaandrieli.jords.site/api/database/rows/table/677/?user_field_names=true&size=200 "HTTP/1.1 200 OK"
2026-01-08 11:41:06,144 - INFO - HTTP Request: GET https://planilhaandrieli.jords.site/api/database/rows/table/673/?user_field_names=true "HTTP/1.1 200 OK"
2026-01-08 11:41:06,215 - INFO - HTTP Request: GET https://planilhaandrieli.jords.site/api/database/rows/table/677/?user_field_names=true&size=200 "HTTP/1.1 200 OK"
2026-01-08 11:41:06,228 - INFO - HTTP Request: GET https://planilhaandrieli.jords.site/api/database/rows/table/673/?user_field_names=true "HTTP/1.1 200 OK"
2026-01-08 11:41:07,028 - INFO - HTTP Request: GET https://planilhaandrieli.jords.site/api/database/rows/table/677/?user_field_names=true&size=200 "HTTP/1.1 200 OK"
2026-01-08 11:41:07,076 - INFO - HTTP Request: GET https://planilhaandrieli.jords.site/api/database/rows/table/673/?user_field_names=true "HTTP/1.1 200 OK"
2026-01-08 11:41:10,461 - INFO - HTTP Request: GET https://planilhaandrieli.jords.site/api/database/rows/table/677/?user_field_names=true&size=200 "HTTP/1.1 200 OK"
2026-01-08 11:41:10,463 - INFO - HTTP Request: GET https://planilhaandrieli.jords.site/api/database/rows/table/673/?user_field_names=true "HTTP/1.1 200 OK"
2026-01-08 11:41:10,567 - INFO - HTTP Request: GET https://planilhaandrieli.jords.site/api/database/rows/table/673/?user_field_names=true "HTTP/1.1 200 OK"
2026-01-08 11:41:10,569 - INFO - HTTP Request: GET https://planilhaandrieli.jords.site/api/database/rows/table/677/?user_field_names=true&size=200 "HTTP/1.1 200 OK"
2026-01-08 11:41:15,216 - INFO - HTTP Request: GET https://planilhaandrieli.jords.site/api/database/rows/table/677/?user_field_names=true&size=200 "HTTP/1.1 200 OK"
2026-01-08 11:41:15,217 - INFO - HTTP Request: GET https://planilhaandrieli.jords.site/api/database/rows/table/673/?user_field_names=true "HTTP/1.1 200 OK"
2026-01-08 11:41:15,343 - INFO - HTTP Request: GET https://planilhaandrieli.jords.site/api/database/rows/table/677/?user_field_names=true&size=200 "HTTP/1.1 200 OK"
2026-01-08 11:41:15,350 - INFO - HTTP Request: GET https://planilhaandrieli.jords.site/api/database/rows/table/673/?user_field_names=true "HTTP/1.1 200 OK"
2026-01-08 11:41:19,086 - INFO - HTTP Request: GET https://planilhaandrieli.jords.site/api/database/rows/table/677/?user_field_names=true&size=200 "HTTP/1.1 200 OK"
2026-01-08 11:41:19,087 - INFO - HTTP Request: GET https://planilhaandrieli.jords.site/api/database/rows/table/673/?user_field_names=true "HTTP/1.1 200 OK"
2026-01-08 11:41:19,208 - INFO - HTTP Request: GET https://planilhaandrieli.jords.site/api/database/rows/table/673/?user_field_names=true "HTTP/1.1 200 OK"
2026-01-08 11:41:19,208 - INFO - HTTP Request: GET https://planilhaandrieli.jords.site/api/database/rows/table/677/?user_field_names=true&size=200 "HTTP/1.1 200 OK"
2026-01-08 11:41:22,360 - INFO - HTTP Request: GET https://planilhaandrieli.jords.site/api/database/rows/table/673/?user_field_names=true "HTTP/1.1 200 OK"
2026-01-08 11:41:22,424 - INFO - HTTP Request: GET https://planilhaandrieli.jords.site/api/database/rows/table/677/?user_field_names=true&size=200 "HTTP/1.1 200 OK"
2026-01-08 11:41:22,978 - INFO - HTTP Request: GET https://planilhaandrieli.jords.site/api/database/rows/table/677/?user_field_names=true&size=200 "HTTP/1.1 200 OK"
2026-01-08 11:41:22,982 - INFO - HTTP Request: GET https://planilhaandrieli.jords.site/api/database/rows/table/673/?user_field_names=true "HTTP/1.1 200 OK"
2026-01-08 11:41:24,196 - INFO - HTTP Request: GET https://planilhaandrieli.jords.site/api/database/rows/table/677/?user_field_names=true&size=200 "HTTP/1.1 200 OK"
2026-01-08 11:41:24,198 - INFO - HTTP Request: GET https://planilhaandrieli.jords.site/api/database/rows/table/673/?user_field_names=true "HTTP/1.1 200 OK"
2026-01-08 11:41:24,771 - INFO - HTTP Request: GET https://planilhaandrieli.jords.site/api/database/rows/table/677/?user_field_names=true&size=200 "HTTP/1.1 200 OK"
2026-01-08 11:41:24,775 - INFO - HTTP Request: GET https://planilhaandrieli.jords.site/api/database/rows/table/673/?user_field_names=true "HTTP/1.1 200 OK"
2026-01-08 11:41:29,675 - INFO - HTTP Request: GET https://planilhaandrieli.jords.site/api/database/rows/table/677/?user_field_names=true&size=200 "HTTP/1.1 200 OK"
2026-01-08 11:41:29,757 - INFO - HTTP Request: GET https://planilhaandrieli.jords.site/api/database/rows/table/673/?user_field_names=true "HTTP/1.1 200 OK"
2026-01-08 11:41:29,773 - INFO - HTTP Request: GET https://planilhaandrieli.jords.site/api/database/rows/table/673/?user_field_names=true "HTTP/1.1 200 OK"
2026-01-08 11:41:29,774 - INFO - HTTP Request: GET https://planilhaandrieli.jords.site/api/database/rows/table/677/?user_field_names=true&size=200 "HTTP/1.1 200 OK"
2026-01-08 11:41:31,835 - INFO - HTTP Request: GET https://planilhaandrieli.jords.site/api/database/rows/table/673/?user_field_names=true "HTTP/1.1 200 OK"
2026-01-08 11:41:31,837 - INFO - HTTP Request: GET https://planilhaandrieli.jords.site/api/database/rows/table/677/?user_field_names=true&size=200 "HTTP/1.1 200 OK"
2026-01-08 11:41:34,290 - INFO - HTTP Request: GET https://planilhaandrieli.jords.site/api/database/rows/table/673/?user_field_names=true "HTTP/1.1 200 OK"
2026-01-08 11:41:34,293 - INFO - HTTP Request: GET https://planilhaandrieli.jords.site/api/database/rows/table/677/?user_field_names=true&size=200 "HTTP/1.1 200 OK"
2026-01-08 11:41:34,710 - INFO - HTTP Request: GET https://planilhaandrieli.jords.site/api/database/rows/table/677/?user_field_names=true&size=200 "HTTP/1.1 200 OK"
2026-01-08 11:41:34,721 - INFO - HTTP Request: GET https://planilhaandrieli.jords.site/api/database/rows/table/673/?user_field_names=true "HTTP/1.1 200 OK"
2026-01-08 11:41:39,600 - INFO - HTTP Request: GET https://planilhaandrieli.jords.site/api/database/rows/table/677/?user_field_names=true&size=200 "HTTP/1.1 200 OK"
2026-01-08 11:41:39,607 - INFO - HTTP Request: GET https://planilhaandrieli.jords.site/api/database/rows/table/673/?user_field_names=true "HTTP/1.1 200 OK"
2026-01-08 11:41:39,695 - INFO - HTTP Request: GET https://planilhaandrieli.jords.site/api/database/rows/table/673/?user_field_names=true "HTTP/1.1 200 OK"
2026-01-08 11:41:39,703 - INFO - HTTP Request: GET https://planilhaandrieli.jords.site/api/database/rows/table/677/?user_field_names=true&size=200 "HTTP/1.1 200 OK"
2026-01-08 11:41:41,847 - INFO - HTTP Request: GET https://planilhaandrieli.jords.site/api/database/rows/table/677/?user_field_names=true&size=200 "HTTP/1.1 200 OK"
2026-01-08 11:41:41,853 - INFO - HTTP Request: GET https://planilhaandrieli.jords.site/api/database/rows/table/673/?user_field_names=true "HTTP/1.1 200 OK"
2026-01-08 11:41:44,141 - INFO - HTTP Request: GET https://planilhaandrieli.jords.site/api/database/rows/table/673/?user_field_names=true "HTTP/1.1 200 OK"
2026-01-08 11:41:44,143 - INFO - HTTP Request: GET https://planilhaandrieli.jords.site/api/database/rows/table/677/?user_field_names=true&size=200 "HTTP/1.1 200 OK"
2026-01-08 11:41:44,557 - INFO - HTTP Request: GET https://planilhaandrieli.jords.site/api/database/rows/table/677/?user_field_names=true&size=200 "HTTP/1.1 200 OK"
2026-01-08 11:41:44,564 - INFO - HTTP Request: GET https://planilhaandrieli.jords.site/api/database/rows/table/673/?user_field_names=true "HTTP/1.1 200 OK"
2026-01-08 11:41:49,891 - INFO - HTTP Request: GET https://planilhaandrieli.jords.site/api/database/rows/table/677/?user_field_names=true&size=200 "HTTP/1.1 200 OK"
2026-01-08 11:41:49,893 - INFO - HTTP Request: GET https://planilhaandrieli.jords.site/api/database/rows/table/673/?user_field_names=true "HTTP/1.1 200 OK"
2026-01-08 11:41:49,989 - INFO - HTTP Request: GET https://planilhaandrieli.jords.site/api/database/rows/table/677/?user_field_names=true&size=200 "HTTP/1.1 200 OK"
2026-01-08 11:41:50,000 - INFO - HTTP Request: GET https://planilhaandrieli.jords.site/api/database/rows/table/673/?user_field_names=true "HTTP/1.1 200 OK"
2026-01-08 11:41:51,883 - INFO - HTTP Request: GET https://planilhaandrieli.jords.site/api/database/rows/table/677/?user_field_names=true&size=200 "HTTP/1.1 200 OK"
2026-01-08 11:41:51,885 - INFO - HTTP Request: GET https://planilhaandrieli.jords.site/api/database/rows/table/673/?user_field_names=true "HTTP/1.1 200 OK"
2026-01-08 11:41:53,478 - INFO - HTTP Request: GET https://planilhaandrieli.jords.site/api/database/rows/table/677/?user_field_names=true&size=200 "HTTP/1.1 200 OK"
2026-01-08 11:41:53,484 - INFO - HTTP Request: GET https://planilhaandrieli.jords.site/api/database/rows/table/673/?user_field_names=true "HTTP/1.1 200 OK"
2026-01-08 11:41:54,623 - INFO - HTTP Request: GET https://planilhaandrieli.jords.site/api/database/rows/table/677/?user_field_names=true&size=200 "HTTP/1.1 200 OK"
2026-01-08 11:41:54,635 - INFO - HTTP Request: GET https://planilhaandrieli.jords.site/api/database/rows/table/673/?user_field_names=true "HTTP/1.1 200 OK"
2026-01-08 11:41:59,643 - INFO - HTTP Request: GET https://planilhaandrieli.jords.site/api/database/rows/table/677/?user_field_names=true&size=200 "HTTP/1.1 200 OK"
2026-01-08 11:41:59,650 - INFO - HTTP Request: GET https://planilhaandrieli.jords.site/api/database/rows/table/673/?user_field_names=true "HTTP/1.1 200 OK"
2026-01-08 11:41:59,750 - INFO - HTTP Request: GET https://planilhaandrieli.jords.site/api/database/rows/table/677/?user_field_names=true&size=200 "HTTP/1.1 200 OK"
2026-01-08 11:41:59,757 - INFO - HTTP Request: GET https://planilhaandrieli.jords.site/api/database/rows/table/673/?user_field_names=true "HTTP/1.1 200 OK"
2026-01-08 11:42:01,893 - INFO - HTTP Request: GET https://planilhaandrieli.jords.site/api/database/rows/table/673/?user_field_names=true "HTTP/1.1 200 OK"
2026-01-08 11:42:01,894 - INFO - HTTP Request: GET https://planilhaandrieli.jords.site/api/database/rows/table/677/?user_field_names=true&size=200 "HTTP/1.1 200 OK"
2026-01-08 11:42:04,170 - INFO - HTTP Request: GET https://planilhaandrieli.jords.site/api/database/rows/table/673/?user_field_names=true "HTTP/1.1 200 OK"
2026-01-08 11:42:04,171 - INFO - HTTP Request: GET https://planilhaandrieli.jords.site/api/database/rows/table/677/?user_field_names=true&size=200 "HTTP/1.1 200 OK"
2026-01-08 11:42:04,588 - INFO - HTTP Request: GET https://planilhaandrieli.jords.site/api/database/rows/table/677/?user_field_names=true&size=200 "HTTP/1.1 200 OK"
2026-01-08 11:42:04,602 - INFO - HTTP Request: GET https://planilhaandrieli.jords.site/api/database/rows/table/673/?user_field_names=true "HTTP/1.1 200 OK"
2026-01-08 11:42:10,030 - INFO - HTTP Request: GET https://planilhaandrieli.jords.site/api/database/rows/table/677/?user_field_names=true&size=200 "HTTP/1.1 200 OK"
2026-01-08 11:42:10,037 - INFO - HTTP Request: GET https://planilhaandrieli.jords.site/api/database/rows/table/673/?user_field_names=true "HTTP/1.1 200 OK"
2026-01-08 11:42:10,137 - INFO - HTTP Request: GET https://planilhaandrieli.jords.site/api/database/rows/table/677/?user_field_names=true&size=200 "HTTP/1.1 200 OK"
2026-01-08 11:42:10,148 - INFO - HTTP Request: GET https://planilhaandrieli.jords.site/api/database/rows/table/673/?user_field_names=true "HTTP/1.1 200 OK"
2026-01-08 11:42:11,420 - INFO - HTTP Request: GET https://planilhaandrieli.jords.site/api/database/rows/table/677/?user_field_names=true&size=200 "HTTP/1.1 200 OK"
2026-01-08 11:42:11,423 - INFO - HTTP Request: GET https://planilhaandrieli.jords.site/api/database/rows/table/673/?user_field_names=true "HTTP/1.1 200 OK"
2026-01-08 11:42:14,252 - INFO - HTTP Request: GET https://planilhaandrieli.jords.site/api/database/rows/table/677/?user_field_names=true&size=200 "HTTP/1.1 200 OK"
2026-01-08 11:42:14,255 - INFO - HTTP Request: GET https://planilhaandrieli.jords.site/api/database/rows/table/673/?user_field_names=true "HTTP/1.1 200 OK"
2026-01-08 11:42:14,672 - INFO - HTTP Request: GET https://planilhaandrieli.jords.site/api/database/rows/table/673/?user_field_names=true "HTTP/1.1 200 OK"
2026-01-08 11:42:14,715 - INFO - HTTP Request: GET https://planilhaandrieli.jords.site/api/database/rows/table/677/?user_field_names=true&size=200 "HTTP/1.1 200 OK"
2026-01-08 11:42:19,837 - INFO - HTTP Request: GET https://planilhaandrieli.jords.site/api/database/rows/table/677/?user_field_names=true&size=200 "HTTP/1.1 200 OK"
2026-01-08 11:42:19,840 - INFO - HTTP Request: GET https://planilhaandrieli.jords.site/api/database/rows/table/677/?user_field_names=true&size=200 "HTTP/1.1 200 OK"
2026-01-08 11:42:19,851 - INFO - HTTP Request: GET https://planilhaandrieli.jords.site/api/database/rows/table/673/?user_field_names=true "HTTP/1.1 200 OK"
2026-01-08 11:42:19,861 - INFO - HTTP Request: GET https://planilhaandrieli.jords.site/api/database/rows/table/673/?user_field_names=true "HTTP/1.1 200 OK"
2026-01-08 11:42:21,756 - INFO - HTTP Request: GET https://planilhaandrieli.jords.site/api/database/rows/table/673/?user_field_names=true "HTTP/1.1 200 OK"
2026-01-08 11:42:21,757 - INFO - HTTP Request: GET https://planilhaandrieli.jords.site/api/database/rows/table/677/?user_field_names=true&size=200 "HTTP/1.1 200 OK"
2026-01-08 11:42:23,380 - INFO - HTTP Request: GET https://planilhaandrieli.jords.site/api/database/rows/table/677/?user_field_names=true&size=200 "HTTP/1.1 200 OK"
2026-01-08 11:42:23,382 - INFO - HTTP Request: GET https://planilhaandrieli.jords.site/api/database/rows/table/673/?user_field_names=true "HTTP/1.1 200 OK"
2026-01-08 11:42:24,399 - INFO - HTTP Request: GET https://planilhaandrieli.jords.site/api/database/rows/table/677/?user_field_names=true&size=200 "HTTP/1.1 200 OK"
2026-01-08 11:42:24,420 - INFO - HTTP Request: GET https://planilhaandrieli.jords.site/api/database/rows/table/673/?user_field_names=true "HTTP/1.1 200 OK"
2026-01-08 11:42:29,384 - INFO - HTTP Request: GET https://planilhaandrieli.jords.site/api/database/rows/table/677/?user_field_names=true&size=200 "HTTP/1.1 200 OK"
2026-01-08 11:42:29,393 - INFO - HTTP Request: GET https://planilhaandrieli.jords.site/api/database/rows/table/673/?user_field_names=true "HTTP/1.1 200 OK"
2026-01-08 11:42:29,494 - INFO - HTTP Request: GET https://planilhaandrieli.jords.site/api/database/rows/table/677/?user_field_names=true&size=200 "HTTP/1.1 200 OK"
2026-01-08 11:42:29,783 - INFO - HTTP Request: GET https://planilhaandrieli.jords.site/api/database/rows/table/673/?user_field_names=true "HTTP/1.1 200 OK"
2026-01-08 11:42:31,612 - INFO - HTTP Request: GET https://planilhaandrieli.jords.site/api/database/rows/table/677/?user_field_names=true&size=200 "HTTP/1.1 200 OK"
2026-01-08 11:42:31,658 - INFO - HTTP Request: GET https://planilhaandrieli.jords.site/api/database/rows/table/673/?user_field_names=true "HTTP/1.1 200 OK"
2026-01-08 11:42:33,406 - INFO - HTTP Request: GET https://planilhaandrieli.jords.site/api/database/rows/table/677/?user_field_names=true&size=200 "HTTP/1.1 200 OK"
2026-01-08 11:42:33,449 - INFO - HTTP Request: GET https://planilhaandrieli.jords.site/api/database/rows/table/673/?user_field_names=true "HTTP/1.1 200 OK"
2026-01-08 11:42:34,451 - INFO - HTTP Request: GET https://planilhaandrieli.jords.site/api/database/rows/table/677/?user_field_names=true&size=200 "HTTP/1.1 200 OK"
2026-01-08 11:42:34,466 - INFO - HTTP Request: GET https://planilhaandrieli.jords.site/api/database/rows/table/673/?user_field_names=true "HTTP/1.1 200 OK"
2026-01-08 11:42:41,539 - INFO - HTTP Request: GET https://planilhaandrieli.jords.site/api/database/rows/table/673/?user_field_names=true "HTTP/1.1 200 OK"
2026-01-08 11:42:41,541 - INFO - HTTP Request: GET https://planilhaandrieli.jords.site/api/database/rows/table/677/?user_field_names=true&size=200 "HTTP/1.1 200 OK"
2026-01-08 11:42:41,653 - INFO - HTTP Request: GET https://planilhaandrieli.jords.site/api/database/rows/table/677/?user_field_names=true&size=200 "HTTP/1.1 200 OK"
2026-01-08 11:42:41,666 - INFO - HTTP Request: GET https://planilhaandrieli.jords.site/api/database/rows/table/673/?user_field_names=true "HTTP/1.1 200 OK"
2026-01-08 11:42:41,758 - INFO - HTTP Request: GET https://planilhaandrieli.jords.site/api/database/rows/table/677/?user_field_names=true&size=200 "HTTP/1.1 200 OK"
2026-01-08 11:42:41,759 - INFO - HTTP Request: GET https://planilhaandrieli.jords.site/api/database/rows/table/673/?user_field_names=true "HTTP/1.1 200 OK"
2026-01-08 11:42:44,023 - INFO - HTTP Request: GET https://planilhaandrieli.jords.site/api/database/rows/table/677/?user_field_names=true&size=200 "HTTP/1.1 200 OK"
2026-01-08 11:42:44,024 - INFO - HTTP Request: GET https://planilhaandrieli.jords.site/api/database/rows/table/673/?user_field_names=true "HTTP/1.1 200 OK"
2026-01-08 11:42:44,437 - INFO - HTTP Request: GET https://planilhaandrieli.jords.site/api/database/rows/table/677/?user_field_names=true&size=200 "HTTP/1.1 200 OK"
2026-01-08 11:42:44,440 - INFO - HTTP Request: GET https://planilhaandrieli.jords.site/api/database/rows/table/673/?user_field_names=true "HTTP/1.1 200 OK"
2026-01-08 11:42:49,966 - INFO - HTTP Request: GET https://planilhaandrieli.jords.site/api/database/rows/table/677/?user_field_names=true&size=200 "HTTP/1.1 200 OK"
2026-01-08 11:42:49,975 - INFO - HTTP Request: GET https://planilhaandrieli.jords.site/api/database/rows/table/677/?user_field_names=true&size=200 "HTTP/1.1 200 OK"
2026-01-08 11:42:49,993 - INFO - HTTP Request: GET https://planilhaandrieli.jords.site/api/database/rows/table/673/?user_field_names=true "HTTP/1.1 200 OK"
2026-01-08 11:42:50,046 - INFO - HTTP Request: GET https://planilhaandrieli.jords.site/api/database/rows/table/673/?user_field_names=true "HTTP/1.1 200 OK"
2026-01-08 11:42:51,943 - INFO - HTTP Request: GET https://planilhaandrieli.jords.site/api/database/rows/table/677/?user_field_names=true&size=200 "HTTP/1.1 200 OK"
2026-01-08 11:42:51,957 - INFO - HTTP Request: GET https://planilhaandrieli.jords.site/api/database/rows/table/673/?user_field_names=true "HTTP/1.1 200 OK"
2026-01-08 11:42:54,192 - INFO - HTTP Request: GET https://planilhaandrieli.jords.site/api/database/rows/table/677/?user_field_names=true&size=200 "HTTP/1.1 200 OK"
2026-01-08 11:42:54,194 - INFO - HTTP Request: GET https://planilhaandrieli.jords.site/api/database/rows/table/673/?user_field_names=true "HTTP/1.1 200 OK"
2026-01-08 11:42:54,633 - INFO - HTTP Request: GET https://planilhaandrieli.jords.site/api/database/rows/table/677/?user_field_names=true&size=200 "HTTP/1.1 200 OK"
2026-01-08 11:42:54,635 - INFO - HTTP Request: GET https://planilhaandrieli.jords.site/api/database/rows/table/673/?user_field_names=true "HTTP/1.1 200 OK"
2026-01-08 11:42:59,738 - INFO - HTTP Request: GET https://planilhaandrieli.jords.site/api/database/rows/table/677/?user_field_names=true&size=200 "HTTP/1.1 200 OK"
2026-01-08 11:42:59,756 - INFO - HTTP Request: GET https://planilhaandrieli.jords.site/api/database/rows/table/673/?user_field_names=true "HTTP/1.1 200 OK"
2026-01-08 11:42:59,839 - INFO - HTTP Request: GET https://planilhaandrieli.jords.site/api/database/rows/table/677/?user_field_names=true&size=200 "HTTP/1.1 200 OK"
2026-01-08 11:42:59,857 - INFO - HTTP Request: GET https://planilhaandrieli.jords.site/api/database/rows/table/673/?user_field_names=true "HTTP/1.1 200 OK"
2026-01-08 11:43:02,110 - INFO - HTTP Request: GET https://planilhaandrieli.jords.site/api/database/rows/table/673/?user_field_names=true "HTTP/1.1 200 OK"
2026-01-08 11:43:02,145 - INFO - HTTP Request: GET https://planilhaandrieli.jords.site/api/database/rows/table/677/?user_field_names=true&size=200 "HTTP/1.1 200 OK"
2026-01-08 11:43:06,030 - INFO - HTTP Request: GET https://planilhaandrieli.jords.site/api/database/rows/table/673/?user_field_names=true "HTTP/1.1 200 OK"
2026-01-08 11:43:06,032 - INFO - HTTP Request: GET https://planilhaandrieli.jords.site/api/database/rows/table/677/?user_field_names=true&size=200 "HTTP/1.1 200 OK"
2026-01-08 11:43:06,145 - INFO - HTTP Request: GET https://planilhaandrieli.jords.site/api/database/rows/table/673/?user_field_names=true "HTTP/1.1 200 OK"
2026-01-08 11:43:06,147 - INFO - HTTP Request: GET https://planilhaandrieli.jords.site/api/database/rows/table/677/?user_field_names=true&size=200 "HTTP/1.1 200 OK"
2026-01-08 11:43:12,548 - INFO - HTTP Request: GET https://planilhaandrieli.jords.site/api/database/rows/table/677/?user_field_names=true&size=200 "HTTP/1.1 200 OK"
2026-01-08 11:43:12,550 - INFO - HTTP Request: GET https://planilhaandrieli.jords.site/api/database/rows/table/673/?user_field_names=true "HTTP/1.1 200 OK"
2026-01-08 11:43:12,948 - INFO - HTTP Request: GET https://planilhaandrieli.jords.site/api/database/rows/table/677/?user_field_names=true&size=200 "HTTP/1.1 200 OK"
2026-01-08 11:43:12,955 - INFO - HTTP Request: GET https://planilhaandrieli.jords.site/api/database/rows/table/673/?user_field_names=true "HTTP/1.1 200 OK"
2026-01-08 11:43:15,149 - INFO - HTTP Request: GET https://planilhaandrieli.jords.site/api/database/rows/table/677/?user_field_names=true&size=200 "HTTP/1.1 200 OK"
2026-01-08 11:43:15,160 - INFO - HTTP Request: GET https://planilhaandrieli.jords.site/api/database/rows/table/673/?user_field_names=true "HTTP/1.1 200 OK"
2026-01-08 11:43:15,466 - INFO - HTTP Request: GET https://planilhaandrieli.jords.site/api/database/rows/table/677/?user_field_names=true&size=200 "HTTP/1.1 200 OK"
2026-01-08 11:43:15,467 - INFO - HTTP Request: GET https://planilhaandrieli.jords.site/api/database/rows/table/673/?user_field_names=true "HTTP/1.1 200 OK"
2026-01-08 11:43:15,567 - INFO - HTTP Request: GET https://planilhaandrieli.jords.site/api/database/rows/table/677/?user_field_names=true&size=200 "HTTP/1.1 200 OK"
2026-01-08 11:43:15,585 - INFO - HTTP Request: GET https://planilhaandrieli.jords.site/api/database/rows/table/673/?user_field_names=true "HTTP/1.1 200 OK"
2026-01-08 11:43:24,000 - INFO - HTTP Request: GET https://planilhaandrieli.jords.site/api/database/rows/table/678/?user_field_names=true&filter__field_Email__equal=aryarajunity%40gmail.com "HTTP/1.1 200 OK"
2026-01-08 11:43:25,571 - INFO - HTTP Request: GET https://planilhaandrieli.jords.site/api/database/rows/table/678/?user_field_names=true&filter__field_Email__equal=aryarajunity%40gmail.com "HTTP/1.1 200 OK"
2026-01-08 11:43:29,781 - INFO - HTTP Request: GET https://planilhaandrieli.jords.site/api/database/rows/table/677/?user_field_names=true&size=200 "HTTP/1.1 200 OK"
2026-01-08 11:43:29,787 - INFO - HTTP Request: GET https://planilhaandrieli.jords.site/api/database/rows/table/673/?user_field_names=true "HTTP/1.1 200 OK"
2026-01-08 11:43:29,837 - INFO - HTTP Request: GET https://planilhaandrieli.jords.site/api/database/rows/table/673/?user_field_names=true "HTTP/1.1 200 OK"
2026-01-08 11:43:29,840 - INFO - HTTP Request: GET https://planilhaandrieli.jords.site/api/database/rows/table/677/?user_field_names=true&size=200 "HTTP/1.1 200 OK"
2026-01-08 11:43:37,735 - INFO - HTTP Request: GET https://planilhaandrieli.jords.site/api/database/rows/table/677/?user_field_names=true&size=200 "HTTP/1.1 200 OK"
2026-01-08 11:43:37,741 - INFO - HTTP Request: GET https://planilhaandrieli.jords.site/api/database/rows/table/673/?user_field_names=true "HTTP/1.1 200 OK"
2026-01-08 11:43:48,081 - INFO - HTTP Request: GET https://planilhaandrieli.jords.site/api/database/rows/table/677/?user_field_names=true&size=200 "HTTP/1.1 200 OK"
2026-01-08 11:43:48,084 - INFO - HTTP Request: GET https://planilhaandrieli.jords.site/api/database/rows/table/673/?user_field_names=true "HTTP/1.1 200 OK"
2026-01-08 11:44:28,912 - INFO - HTTP Request: GET https://planilhaandrieli.jords.site/api/database/rows/table/673/?user_field_names=true "HTTP/1.1 200 OK"
2026-01-08 11:44:28,915 - INFO - HTTP Request: GET https://planilhaandrieli.jords.site/api/database/rows/table/677/?user_field_names=true&size=200 "HTTP/1.1 200 OK"
2026-01-08 11:44:32,601 - INFO - HTTP Request: GET https://planilhaandrieli.jords.site/api/database/rows/table/677/?user_field_names=true&size=200 "HTTP/1.1 200 OK"
2026-01-08 11:44:32,607 - INFO - HTTP Request: GET https://planilhaandrieli.jords.site/api/database/rows/table/673/?user_field_names=true "HTTP/1.1 200 OK"
2026-01-08 11:44:32,724 - INFO - HTTP Request: GET https://planilhaandrieli.jords.site/api/database/rows/table/677/?user_field_names=true&size=200 "HTTP/1.1 200 OK"
2026-01-08 11:44:32,797 - INFO - HTTP Request: GET https://planilhaandrieli.jords.site/api/database/rows/table/673/?user_field_names=true "HTTP/1.1 200 OK"
2026-01-08 11:44:32,800 - INFO - HTTP Request: GET https://planilhaandrieli.jords.site/api/database/rows/table/673/?user_field_names=true "HTTP/1.1 200 OK"
2026-01-08 11:44:32,814 - INFO - HTTP Request: GET https://planilhaandrieli.jords.site/api/database/rows/table/677/?user_field_names=true&size=200 "HTTP/1.1 200 OK"
2026-01-08 11:44:39,999 - INFO - HTTP Request: GET https://planilhaandrieli.jords.site/api/database/rows/table/677/?user_field_names=true&size=200 "HTTP/1.1 200 OK"
2026-01-08 11:44:40,010 - INFO - HTTP Request: GET https://planilhaandrieli.jords.site/api/database/rows/table/673/?user_field_names=true "HTTP/1.1 200 OK"
2026-01-08 11:45:06,904 - INFO - HTTP Request: GET https://planilhaandrieli.jords.site/api/database/rows/table/677/?user_field_names=true&size=200 "HTTP/1.1 200 OK"
2026-01-08 11:45:06,937 - INFO - HTTP Request: GET https://planilhaandrieli.jords.site/api/database/rows/table/673/?user_field_names=true "HTTP/1.1 200 OK"
2026-01-08 11:45:50,571 - INFO - HTTP Request: GET https://planilhaandrieli.jords.site/api/database/rows/table/677/?user_field_names=true&size=200 "HTTP/1.1 200 OK"
2026-01-08 11:45:50,577 - INFO - HTTP Request: GET https://planilhaandrieli.jords.site/api/database/rows/table/673/?user_field_names=true "HTTP/1.1 200 OK"
2026-01-08 11:45:57,244 - INFO - HTTP Request: GET https://planilhaandrieli.jords.site/api/database/rows/table/677/?user_field_names=true&size=200 "HTTP/1.1 200 OK"
2026-01-08 11:45:57,246 - INFO - HTTP Request: GET https://planilhaandrieli.jords.site/api/database/rows/table/673/?user_field_names=true "HTTP/1.1 200 OK"
2026-01-08 11:46:05,180 - INFO - HTTP Request: GET https://planilhaandrieli.jords.site/api/database/rows/table/678/?user_field_names=true&filter__field_Email__equal=aryarajunity%40gmail.com "HTTP/1.1 200 OK"
2026-01-08 11:46:06,213 - INFO - HTTP Request: GET https://planilhaandrieli.jords.site/api/database/rows/table/678/?user_field_names=true&filter__field_Email__equal=aryarajunity%40gmail.com "HTTP/1.1 200 OK"
2026-01-08 11:46:09,188 - INFO - HTTP Request: GET https://planilhaandrieli.jords.site/api/database/rows/table/677/?user_field_names=true&size=200 "HTTP/1.1 200 OK"
2026-01-08 11:46:09,244 - INFO - HTTP Request: GET https://planilhaandrieli.jords.site/api/database/rows/table/673/?user_field_names=true "HTTP/1.1 200 OK"
2026-01-08 11:46:09,250 - INFO - HTTP Request: GET https://planilhaandrieli.jords.site/api/database/rows/table/673/?user_field_names=true "HTTP/1.1 200 OK"
2026-01-08 11:46:09,277 - INFO - HTTP Request: GET https://planilhaandrieli.jords.site/api/database/rows/table/677/?user_field_names=true&size=200 "HTTP/1.1 200 OK"
2026-01-08 11:46:17,971 - INFO - HTTP Request: GET https://planilhaandrieli.jords.site/api/database/rows/table/673/?user_field_names=true "HTTP/1.1 200 OK"
2026-01-08 11:46:17,973 - INFO - HTTP Request: GET https://planilhaandrieli.jords.site/api/database/rows/table/677/?user_field_names=true&size=200 "HTTP/1.1 200 OK"
2026-01-08 11:46:28,054 - INFO - HTTP Request: GET https://planilhaandrieli.jords.site/api/database/rows/table/677/?user_field_names=true&size=200 "HTTP/1.1 200 OK"
2026-01-08 11:46:28,060 - INFO - HTTP Request: GET https://planilhaandrieli.jords.site/api/database/rows/table/673/?user_field_names=true "HTTP/1.1 200 OK"
2026-01-08 11:46:38,565 - INFO - HTTP Request: GET https://planilhaandrieli.jords.site/api/database/rows/table/677/?user_field_names=true&size=200 "HTTP/1.1 200 OK"
2026-01-08 11:46:38,581 - INFO - HTTP Request: GET https://planilhaandrieli.jords.site/api/database/rows/table/673/?user_field_names=true "HTTP/1.1 200 OK"
2026-01-08 11:46:48,437 - INFO - HTTP Request: GET https://planilhaandrieli.jords.site/api/database/rows/table/677/?user_field_names=true&size=200 "HTTP/1.1 200 OK"
2026-01-08 11:46:48,438 - INFO - HTTP Request: GET https://planilhaandrieli.jords.site/api/database/rows/table/673/?user_field_names=true "HTTP/1.1 200 OK"
2026-01-08 11:46:57,780 - INFO - HTTP Request: GET https://planilhaandrieli.jords.site/api/database/rows/table/677/?user_field_names=true&size=200 "HTTP/1.1 200 OK"
2026-01-08 11:46:57,786 - INFO - HTTP Request: GET https://planilhaandrieli.jords.site/api/database/rows/table/673/?user_field_names=true "HTTP/1.1 200 OK"
2026-01-08 11:47:09,127 - INFO - HTTP Request: GET https://planilhaandrieli.jords.site/api/database/rows/table/677/?user_field_names=true&size=200 "HTTP/1.1 200 OK"
2026-01-08 11:47:09,138 - INFO - HTTP Request: GET https://planilhaandrieli.jords.site/api/database/rows/table/673/?user_field_names=true "HTTP/1.1 200 OK"
2026-01-08 11:47:18,653 - INFO - HTTP Request: GET https://planilhaandrieli.jords.site/api/database/rows/table/677/?user_field_names=true&size=200 "HTTP/1.1 200 OK"
2026-01-08 11:47:18,663 - INFO - HTTP Request: GET https://planilhaandrieli.jords.site/api/database/rows/table/673/?user_field_names=true "HTTP/1.1 200 OK"
2026-01-08 11:47:29,245 - INFO - HTTP Request: GET https://planilhaandrieli.jords.site/api/database/rows/table/673/?user_field_names=true "HTTP/1.1 200 OK"
2026-01-08 11:47:29,248 - INFO - HTTP Request: GET https://planilhaandrieli.jords.site/api/database/rows/table/677/?user_field_names=true&size=200 "HTTP/1.1 200 OK"
2026-01-08 11:48:06,781 - INFO - HTTP Request: GET https://planilhaandrieli.jords.site/api/database/rows/table/677/?user_field_names=true&size=200 "HTTP/1.1 200 OK"
2026-01-08 11:48:06,787 - INFO - HTTP Request: GET https://planilhaandrieli.jords.site/api/database/rows/table/673/?user_field_names=true "HTTP/1.1 200 OK"
2026-01-08 11:49:08,186 - INFO - HTTP Request: GET https://planilhaandrieli.jords.site/api/database/rows/table/673/?user_field_names=true "HTTP/1.1 200 OK"
2026-01-08 11:49:08,211 - INFO - HTTP Request: GET https://planilhaandrieli.jords.site/api/database/rows/table/677/?user_field_names=true&size=200 "HTTP/1.1 200 OK"
2026-01-08 11:50:07,774 - INFO - HTTP Request: GET https://planilhaandrieli.jords.site/api/database/rows/table/673/?user_field_names=true "HTTP/1.1 200 OK"
2026-01-08 11:50:07,793 - INFO - HTTP Request: GET https://planilhaandrieli.jords.site/api/database/rows/table/677/?user_field_names=true&size=200 "HTTP/1.1 200 OK"
2026-01-08 11:51:07,025 - INFO - HTTP Request: GET https://planilhaandrieli.jords.site/api/database/rows/table/677/?user_field_names=true&size=200 "HTTP/1.1 200 OK"
2026-01-08 11:51:07,026 - INFO - HTTP Request: GET https://planilhaandrieli.jords.site/api/database/rows/table/673/?user_field_names=true "HTTP/1.1 200 OK"
2026-01-08 11:52:07,622 - INFO - HTTP Request: GET https://planilhaandrieli.jords.site/api/database/rows/table/673/?user_field_names=true "HTTP/1.1 200 OK"
2026-01-08 11:52:07,624 - INFO - HTTP Request: GET https://planilhaandrieli.jords.site/api/database/rows/table/677/?user_field_names=true&size=200 "HTTP/1.1 200 OK"
2026-01-08 11:53:08,172 - INFO - HTTP Request: GET https://planilhaandrieli.jords.site/api/database/rows/table/677/?user_field_names=true&size=200 "HTTP/1.1 200 OK"
2026-01-08 11:53:08,177 - INFO - HTTP Request: GET https://planilhaandrieli.jords.site/api/database/rows/table/673/?user_field_names=true "HTTP/1.1 200 OK"
2026-01-08 11:54:07,212 - INFO - HTTP Request: GET https://planilhaandrieli.jords.site/api/database/rows/table/677/?user_field_names=true&size=200 "HTTP/1.1 200 OK"
2026-01-08 11:54:07,217 - INFO - HTTP Request: GET https://planilhaandrieli.jords.site/api/database/rows/table/673/?user_field_names=true "HTTP/1.1 200 OK"
2026-01-08 11:55:07,899 - INFO - HTTP Request: GET https://planilhaandrieli.jords.site/api/database/rows/table/677/?user_field_names=true&size=200 "HTTP/1.1 200 OK"
2026-01-08 11:55:07,907 - INFO - HTTP Request: GET https://planilhaandrieli.jords.site/api/database/rows/table/673/?user_field_names=true "HTTP/1.1 200 OK"
2026-01-08 11:56:07,718 - INFO - HTTP Request: GET https://planilhaandrieli.jords.site/api/database/rows/table/677/?user_field_names=true&size=200 "HTTP/1.1 200 OK"
2026-01-08 11:56:07,724 - INFO - HTTP Request: GET https://planilhaandrieli.jords.site/api/database/rows/table/673/?user_field_names=true "HTTP/1.1 200 OK"
2026-01-08 11:57:07,089 - INFO - HTTP Request: GET https://planilhaandrieli.jords.site/api/database/rows/table/673/?user_field_names=true "HTTP/1.1 200 OK"
2026-01-08 11:57:07,100 - INFO - HTTP Request: GET https://planilhaandrieli.jords.site/api/database/rows/table/677/?user_field_names=true&size=200 "HTTP/1.1 200 OK"
2026-01-08 11:57:49,235 - INFO - HTTP Request: GET https://planilhaandrieli.jords.site/api/database/rows/table/677/?user_field_names=true&size=200 "HTTP/1.1 200 OK"
2026-01-08 11:57:49,237 - INFO - HTTP Request: GET https://planilhaandrieli.jords.site/api/database/rows/table/673/?user_field_names=true "HTTP/1.1 200 OK"
2026-01-08 11:57:58,880 - INFO - HTTP Request: GET https://planilhaandrieli.jords.site/api/database/rows/table/677/?user_field_names=true&size=200 "HTTP/1.1 200 OK"
2026-01-08 11:57:58,897 - INFO - HTTP Request: GET https://planilhaandrieli.jords.site/api/database/rows/table/673/?user_field_names=true "HTTP/1.1 200 OK"
2026-01-08 11:58:08,021 - INFO - HTTP Request: GET https://planilhaandrieli.jords.site/api/database/rows/table/677/?user_field_names=true&size=200 "HTTP/1.1 200 OK"
2026-01-08 11:58:08,024 - INFO - HTTP Request: GET https://planilhaandrieli.jords.site/api/database/rows/table/673/?user_field_names=true "HTTP/1.1 200 OK"
2026-01-08 11:58:18,039 - INFO - HTTP Request: GET https://planilhaandrieli.jords.site/api/database/rows/table/677/?user_field_names=true&size=200 "HTTP/1.1 200 OK"
2026-01-08 11:58:18,041 - INFO - HTTP Request: GET https://planilhaandrieli.jords.site/api/database/rows/table/673/?user_field_names=true "HTTP/1.1 200 OK"
2026-01-08 11:58:27,715 - INFO - HTTP Request: GET https://planilhaandrieli.jords.site/api/database/rows/table/677/?user_field_names=true&size=200 "HTTP/1.1 200 OK"
2026-01-08 11:58:27,721 - INFO - HTTP Request: GET https://planilhaandrieli.jords.site/api/database/rows/table/673/?user_field_names=true "HTTP/1.1 200 OK"
2026-01-08 11:58:38,025 - INFO - HTTP Request: GET https://planilhaandrieli.jords.site/api/database/rows/table/677/?user_field_names=true&size=200 "HTTP/1.1 200 OK"
2026-01-08 11:58:38,033 - INFO - HTTP Request: GET https://planilhaandrieli.jords.site/api/database/rows/table/673/?user_field_names=true "HTTP/1.1 200 OK"
2026-01-08 11:58:47,746 - INFO - HTTP Request: GET https://planilhaandrieli.jords.site/api/database/rows/table/677/?user_field_names=true&size=200 "HTTP/1.1 200 OK"
2026-01-08 11:58:47,763 - INFO - HTTP Request: GET https://planilhaandrieli.jords.site/api/database/rows/table/673/?user_field_names=true "HTTP/1.1 200 OK"
2026-01-08 11:59:07,934 - INFO - HTTP Request: GET https://planilhaandrieli.jords.site/api/database/rows/table/677/?user_field_names=true&size=200 "HTTP/1.1 200 OK"
2026-01-08 11:59:07,954 - INFO - HTTP Request: GET https://planilhaandrieli.jords.site/api/database/rows/table/673/?user_field_names=true "HTTP/1.1 200 OK"
2026-01-08 12:00:06,691 - INFO - HTTP Request: GET https://planilhaandrieli.jords.site/api/database/rows/table/677/?user_field_names=true&size=200 "HTTP/1.1 200 OK"
2026-01-08 12:00:06,698 - INFO - HTTP Request: GET https://planilhaandrieli.jords.site/api/database/rows/table/673/?user_field_names=true "HTTP/1.1 200 OK"
2026-01-08 12:01:07,503 - INFO - HTTP Request: GET https://planilhaandrieli.jords.site/api/database/rows/table/677/?user_field_names=true&size=200 "HTTP/1.1 200 OK"
2026-01-08 12:01:07,517 - INFO - HTTP Request: GET https://planilhaandrieli.jords.site/api/database/rows/table/673/?user_field_names=true "HTTP/1.1 200 OK"
2026-01-08 12:02:07,562 - INFO - HTTP Request: GET https://planilhaandrieli.jords.site/api/database/rows/table/677/?user_field_names=true&size=200 "HTTP/1.1 200 OK"
2026-01-08 12:02:07,565 - INFO - HTTP Request: GET https://planilhaandrieli.jords.site/api/database/rows/table/673/?user_field_names=true "HTTP/1.1 200 OK"
2026-01-08 12:03:08,368 - INFO - HTTP Request: GET https://planilhaandrieli.jords.site/api/database/rows/table/673/?user_field_names=true "HTTP/1.1 200 OK"
2026-01-08 12:03:08,448 - INFO - HTTP Request: GET https://planilhaandrieli.jords.site/api/database/rows/table/677/?user_field_names=true&size=200 "HTTP/1.1 200 OK"
2026-01-08 12:04:07,679 - INFO - HTTP Request: GET https://planilhaandrieli.jords.site/api/database/rows/table/677/?user_field_names=true&size=200 "HTTP/1.1 200 OK"
2026-01-08 12:04:07,705 - INFO - HTTP Request: GET https://planilhaandrieli.jords.site/api/database/rows/table/673/?user_field_names=true "HTTP/1.1 200 OK"
2026-01-08 12:05:07,968 - INFO - HTTP Request: GET https://planilhaandrieli.jords.site/api/database/rows/table/677/?user_field_names=true&size=200 "HTTP/1.1 200 OK"
2026-01-08 12:05:07,977 - INFO - HTTP Request: GET https://planilhaandrieli.jords.site/api/database/rows/table/673/?user_field_names=true "HTTP/1.1 200 OK"
2026-01-08 12:06:07,353 - INFO - HTTP Request: GET https://planilhaandrieli.jords.site/api/database/rows/table/677/?user_field_names=true&size=200 "HTTP/1.1 200 OK"
2026-01-08 12:06:07,372 - INFO - HTTP Request: GET https://planilhaandrieli.jords.site/api/database/rows/table/673/?user_field_names=true "HTTP/1.1 200 OK"
2026-01-08 12:07:07,883 - INFO - HTTP Request: GET https://planilhaandrieli.jords.site/api/database/rows/table/677/?user_field_names=true&size=200 "HTTP/1.1 200 OK"
2026-01-08 12:07:07,901 - INFO - HTTP Request: GET https://planilhaandrieli.jords.site/api/database/rows/table/673/?user_field_names=true "HTTP/1.1 200 OK"
2026-01-08 12:08:07,676 - INFO - HTTP Request: GET https://planilhaandrieli.jords.site/api/database/rows/table/677/?user_field_names=true&size=200 "HTTP/1.1 200 OK"
2026-01-08 12:08:07,678 - INFO - HTTP Request: GET https://planilhaandrieli.jords.site/api/database/rows/table/673/?user_field_names=true "HTTP/1.1 200 OK"
2026-01-08 12:09:08,220 - INFO - HTTP Request: GET https://planilhaandrieli.jords.site/api/database/rows/table/673/?user_field_names=true "HTTP/1.1 200 OK"
2026-01-08 12:09:08,222 - INFO - HTTP Request: GET https://planilhaandrieli.jords.site/api/database/rows/table/677/?user_field_names=true&size=200 "HTTP/1.1 200 OK"
2026-01-08 12:10:07,968 - INFO - HTTP Request: GET https://planilhaandrieli.jords.site/api/database/rows/table/673/?user_field_names=true "HTTP/1.1 200 OK"
2026-01-08 12:10:07,970 - INFO - HTTP Request: GET https://planilhaandrieli.jords.site/api/database/rows/table/677/?user_field_names=true&size=200 "HTTP/1.1 200 OK"
2026-01-08 12:11:07,962 - INFO - HTTP Request: GET https://planilhaandrieli.jords.site/api/database/rows/table/673/?user_field_names=true "HTTP/1.1 200 OK"
2026-01-08 12:11:07,964 - INFO - HTTP Request: GET https://planilhaandrieli.jords.site/api/database/rows/table/677/?user_field_names=true&size=200 "HTTP/1.1 200 OK"
2026-01-08 12:12:07,801 - INFO - HTTP Request: GET https://planilhaandrieli.jords.site/api/database/rows/table/677/?user_field_names=true&size=200 "HTTP/1.1 200 OK"
2026-01-08 12:12:07,803 - INFO - HTTP Request: GET https://planilhaandrieli.jords.site/api/database/rows/table/673/?user_field_names=true "HTTP/1.1 200 OK"
2026-01-08 12:13:07,828 - INFO - HTTP Request: GET https://planilhaandrieli.jords.site/api/database/rows/table/673/?user_field_names=true "HTTP/1.1 200 OK"
2026-01-08 12:13:07,843 - INFO - HTTP Request: GET https://planilhaandrieli.jords.site/api/database/rows/table/677/?user_field_names=true&size=200 "HTTP/1.1 200 OK"
2026-01-08 12:14:07,238 - INFO - HTTP Request: GET https://planilhaandrieli.jords.site/api/database/rows/table/677/?user_field_names=true&size=200 "HTTP/1.1 200 OK"
2026-01-08 12:14:07,239 - INFO - HTTP Request: GET https://planilhaandrieli.jords.site/api/database/rows/table/673/?user_field_names=true "HTTP/1.1 200 OK"
2026-01-08 12:15:07,874 - INFO - HTTP Request: GET https://planilhaandrieli.jords.site/api/database/rows/table/673/?user_field_names=true "HTTP/1.1 200 OK"
2026-01-08 12:15:07,875 - INFO - HTTP Request: GET https://planilhaandrieli.jords.site/api/database/rows/table/677/?user_field_names=true&size=200 "HTTP/1.1 200 OK"
2026-01-08 12:16:07,526 - INFO - HTTP Request: GET https://planilhaandrieli.jords.site/api/database/rows/table/677/?user_field_names=true&size=200 "HTTP/1.1 200 OK"
2026-01-08 12:16:07,539 - INFO - HTTP Request: GET https://planilhaandrieli.jords.site/api/database/rows/table/673/?user_field_names=true "HTTP/1.1 200 OK"
2026-01-08 12:16:13,819 - INFO - HTTP Request: GET https://planilhaandrieli.jords.site/api/database/rows/table/678/?user_field_names=true&filter__field_Email__equal=aryarajunity%40gmail.com "HTTP/1.1 200 OK"
2026-01-08 12:16:14,847 - INFO - HTTP Request: GET https://planilhaandrieli.jords.site/api/database/rows/table/678/?user_field_names=true&filter__field_Email__equal=aryarajunity%40gmail.com "HTTP/1.1 200 OK"
2026-01-08 12:16:16,557 - INFO - HTTP Request: GET https://planilhaandrieli.jords.site/api/database/rows/table/677/?user_field_names=true&size=200 "HTTP/1.1 200 OK"
2026-01-08 12:16:16,872 - INFO - HTTP Request: GET https://planilhaandrieli.jords.site/api/database/rows/table/673/?user_field_names=true "HTTP/1.1 200 OK"
2026-01-08 12:16:19,854 - INFO - HTTP Request: GET https://planilhaandrieli.jords.site/api/database/rows/table/673/?user_field_names=true "HTTP/1.1 200 OK"
2026-01-08 12:16:19,861 - INFO - HTTP Request: GET https://planilhaandrieli.jords.site/api/database/rows/table/677/?user_field_names=true&size=200 "HTTP/1.1 200 OK"
2026-01-08 12:16:26,736 - INFO - HTTP Request: GET https://planilhaandrieli.jords.site/api/database/rows/table/677/?user_field_names=true&size=200 "HTTP/1.1 200 OK"
2026-01-08 12:16:26,747 - INFO - HTTP Request: GET https://planilhaandrieli.jords.site/api/database/rows/table/673/?user_field_names=true "HTTP/1.1 200 OK"
2026-01-08 12:16:36,602 - INFO - HTTP Request: GET https://planilhaandrieli.jords.site/api/database/rows/table/677/?user_field_names=true&size=200 "HTTP/1.1 200 OK"
2026-01-08 12:16:36,612 - INFO - HTTP Request: GET https://planilhaandrieli.jords.site/api/database/rows/table/673/?user_field_names=true "HTTP/1.1 200 OK"
2026-01-08 12:16:46,467 - INFO - HTTP Request: GET https://planilhaandrieli.jords.site/api/database/rows/table/677/?user_field_names=true&size=200 "HTTP/1.1 200 OK"
2026-01-08 12:16:46,472 - INFO - HTTP Request: GET https://planilhaandrieli.jords.site/api/database/rows/table/673/?user_field_names=true "HTTP/1.1 200 OK"
2026-01-08 12:16:56,896 - INFO - HTTP Request: GET https://planilhaandrieli.jords.site/api/database/rows/table/677/?user_field_names=true&size=200 "HTTP/1.1 200 OK"
2026-01-08 12:16:56,897 - INFO - HTTP Request: GET https://planilhaandrieli.jords.site/api/database/rows/table/673/?user_field_names=true "HTTP/1.1 200 OK"
2026-01-08 12:17:06,573 - INFO - HTTP Request: GET https://planilhaandrieli.jords.site/api/database/rows/table/677/?user_field_names=true&size=200 "HTTP/1.1 200 OK"
2026-01-08 12:17:06,581 - INFO - HTTP Request: GET https://planilhaandrieli.jords.site/api/database/rows/table/673/?user_field_names=true "HTTP/1.1 200 OK"
2026-01-08 12:17:16,827 - INFO - HTTP Request: GET https://planilhaandrieli.jords.site/api/database/rows/table/677/?user_field_names=true&size=200 "HTTP/1.1 200 OK"
2026-01-08 12:17:16,840 - INFO - HTTP Request: GET https://planilhaandrieli.jords.site/api/database/rows/table/673/?user_field_names=true "HTTP/1.1 200 OK"
2026-01-08 12:17:26,142 - INFO - HTTP Request: GET https://planilhaandrieli.jords.site/api/database/rows/table/677/?user_field_names=true&size=200 "HTTP/1.1 200 OK"
2026-01-08 12:17:26,152 - INFO - HTTP Request: GET https://planilhaandrieli.jords.site/api/database/rows/table/673/?user_field_names=true "HTTP/1.1 200 OK"
2026-01-08 12:17:36,837 - INFO - HTTP Request: GET https://planilhaandrieli.jords.site/api/database/rows/table/677/?user_field_names=true&size=200 "HTTP/1.1 200 OK"
2026-01-08 12:17:36,841 - INFO - HTTP Request: GET https://planilhaandrieli.jords.site/api/database/rows/table/673/?user_field_names=true "HTTP/1.1 200 OK"
2026-01-08 12:17:46,667 - INFO - HTTP Request: GET https://planilhaandrieli.jords.site/api/database/rows/table/677/?user_field_names=true&size=200 "HTTP/1.1 200 OK"
2026-01-08 12:17:46,670 - INFO - HTTP Request: GET https://planilhaandrieli.jords.site/api/database/rows/table/673/?user_field_names=true "HTTP/1.1 200 OK"
2026-01-08 12:17:56,946 - INFO - HTTP Request: GET https://planilhaandrieli.jords.site/api/database/rows/table/677/?user_field_names=true&size=200 "HTTP/1.1 200 OK"
2026-01-08 12:17:56,950 - INFO - HTTP Request: GET https://planilhaandrieli.jords.site/api/database/rows/table/673/?user_field_names=true "HTTP/1.1 200 OK"
2026-01-08 12:18:06,612 - INFO - HTTP Request: GET https://planilhaandrieli.jords.site/api/database/rows/table/677/?user_field_names=true&size=200 "HTTP/1.1 200 OK"
2026-01-08 12:18:06,647 - INFO - HTTP Request: GET https://planilhaandrieli.jords.site/api/database/rows/table/673/?user_field_names=true "HTTP/1.1 200 OK"
2026-01-08 12:18:16,939 - INFO - HTTP Request: GET https://planilhaandrieli.jords.site/api/database/rows/table/673/?user_field_names=true "HTTP/1.1 200 OK"
2026-01-08 12:18:16,955 - INFO - HTTP Request: GET https://planilhaandrieli.jords.site/api/database/rows/table/677/?user_field_names=true&size=200 "HTTP/1.1 200 OK"
2026-01-08 12:18:26,617 - INFO - HTTP Request: GET https://planilhaandrieli.jords.site/api/database/rows/table/677/?user_field_names=true&size=200 "HTTP/1.1 200 OK"
2026-01-08 12:18:26,618 - INFO - HTTP Request: GET https://planilhaandrieli.jords.site/api/database/rows/table/673/?user_field_names=true "HTTP/1.1 200 OK"
2026-01-08 12:18:36,914 - INFO - HTTP Request: GET https://planilhaandrieli.jords.site/api/database/rows/table/677/?user_field_names=true&size=200 "HTTP/1.1 200 OK"
2026-01-08 12:18:36,917 - INFO - HTTP Request: GET https://planilhaandrieli.jords.site/api/database/rows/table/673/?user_field_names=true "HTTP/1.1 200 OK"
2026-01-08 12:19:07,494 - INFO - HTTP Request: GET https://planilhaandrieli.jords.site/api/database/rows/table/677/?user_field_names=true&size=200 "HTTP/1.1 200 OK"
2026-01-08 12:19:07,501 - INFO - HTTP Request: GET https://planilhaandrieli.jords.site/api/database/rows/table/673/?user_field_names=true "HTTP/1.1 200 OK"
2026-01-08 12:20:07,990 - INFO - HTTP Request: GET https://planilhaandrieli.jords.site/api/database/rows/table/677/?user_field_names=true&size=200 "HTTP/1.1 200 OK"
2026-01-08 12:20:07,991 - INFO - HTTP Request: GET https://planilhaandrieli.jords.site/api/database/rows/table/673/?user_field_names=true "HTTP/1.1 200 OK"
2026-01-08 12:21:08,146 - INFO - HTTP Request: GET https://planilhaandrieli.jords.site/api/database/rows/table/677/?user_field_names=true&size=200 "HTTP/1.1 200 OK"
2026-01-08 12:21:08,160 - INFO - HTTP Request: GET https://planilhaandrieli.jords.site/api/database/rows/table/673/?user_field_names=true "HTTP/1.1 200 OK"
2026-01-08 12:22:06,743 - INFO - HTTP Request: GET https://planilhaandrieli.jords.site/api/database/rows/table/673/?user_field_names=true "HTTP/1.1 200 OK"
2026-01-08 12:22:06,745 - INFO - HTTP Request: GET https://planilhaandrieli.jords.site/api/database/rows/table/677/?user_field_names=true&size=200 "HTTP/1.1 200 OK"
2026-01-08 12:23:08,303 - INFO - HTTP Request: GET https://planilhaandrieli.jords.site/api/database/rows/table/677/?user_field_names=true&size=200 "HTTP/1.1 200 OK"
2026-01-08 12:23:08,310 - INFO - HTTP Request: GET https://planilhaandrieli.jords.site/api/database/rows/table/673/?user_field_names=true "HTTP/1.1 200 OK"
2026-01-08 12:24:08,134 - INFO - HTTP Request: GET https://planilhaandrieli.jords.site/api/database/rows/table/673/?user_field_names=true "HTTP/1.1 200 OK"
2026-01-08 12:24:08,139 - INFO - HTTP Request: GET https://planilhaandrieli.jords.site/api/database/rows/table/677/?user_field_names=true&size=200 "HTTP/1.1 200 OK"
2026-01-08 12:25:07,756 - INFO - HTTP Request: GET https://planilhaandrieli.jords.site/api/database/rows/table/673/?user_field_names=true "HTTP/1.1 200 OK"
2026-01-08 12:25:07,758 - INFO - HTTP Request: GET https://planilhaandrieli.jords.site/api/database/rows/table/677/?user_field_names=true&size=200 "HTTP/1.1 200 OK"
2026-01-08 12:26:07,840 - INFO - HTTP Request: GET https://planilhaandrieli.jords.site/api/database/rows/table/677/?user_field_names=true&size=200 "HTTP/1.1 200 OK"
2026-01-08 12:26:07,844 - INFO - HTTP Request: GET https://planilhaandrieli.jords.site/api/database/rows/table/673/?user_field_names=true "HTTP/1.1 200 OK"
2026-01-08 12:27:07,029 - INFO - HTTP Request: GET https://planilhaandrieli.jords.site/api/database/rows/table/677/?user_field_names=true&size=200 "HTTP/1.1 200 OK"
2026-01-08 12:27:07,033 - INFO - HTTP Request: GET https://planilhaandrieli.jords.site/api/database/rows/table/673/?user_field_names=true "HTTP/1.1 200 OK"
2026-01-08 12:28:07,432 - INFO - HTTP Request: GET https://planilhaandrieli.jords.site/api/database/rows/table/677/?user_field_names=true&size=200 "HTTP/1.1 200 OK"
2026-01-08 12:28:07,442 - INFO - HTTP Request: GET https://planilhaandrieli.jords.site/api/database/rows/table/673/?user_field_names=true "HTTP/1.1 200 OK"
2026-01-08 12:29:07,993 - INFO - HTTP Request: GET https://planilhaandrieli.jords.site/api/database/rows/table/677/?user_field_names=true&size=200 "HTTP/1.1 200 OK"
2026-01-08 12:29:07,998 - INFO - HTTP Request: GET https://planilhaandrieli.jords.site/api/database/rows/table/673/?user_field_names=true "HTTP/1.1 200 OK"
2026-01-08 12:30:07,819 - INFO - HTTP Request: GET https://planilhaandrieli.jords.site/api/database/rows/table/677/?user_field_names=true&size=200 "HTTP/1.1 200 OK"
2026-01-08 12:30:07,820 - INFO - HTTP Request: GET https://planilhaandrieli.jords.site/api/database/rows/table/673/?user_field_names=true "HTTP/1.1 200 OK"
2026-01-08 12:31:07,176 - INFO - HTTP Request: GET https://planilhaandrieli.jords.site/api/database/rows/table/677/?user_field_names=true&size=200 "HTTP/1.1 200 OK"
2026-01-08 12:31:07,189 - INFO - HTTP Request: GET https://planilhaandrieli.jords.site/api/database/rows/table/673/?user_field_names=true "HTTP/1.1 200 OK"
2026-01-08 12:32:06,969 - INFO - HTTP Request: GET https://planilhaandrieli.jords.site/api/database/rows/table/677/?user_field_names=true&size=200 "HTTP/1.1 200 OK"
2026-01-08 12:32:06,994 - INFO - HTTP Request: GET https://planilhaandrieli.jords.site/api/database/rows/table/673/?user_field_names=true "HTTP/1.1 200 OK"
2026-01-08 12:33:07,682 - INFO - HTTP Request: GET https://planilhaandrieli.jords.site/api/database/rows/table/673/?user_field_names=true "HTTP/1.1 200 OK"
2026-01-08 12:33:07,685 - INFO - HTTP Request: GET https://planilhaandrieli.jords.site/api/database/rows/table/677/?user_field_names=true&size=200 "HTTP/1.1 200 OK"
2026-01-08 12:33:16,175 - INFO - HTTP Request: GET https://planilhaandrieli.jords.site/api/database/rows/table/678/?user_field_names=true&filter__field_Email__equal=aryarajmarketing%40gmail.com "HTTP/1.1 200 OK"
2026-01-08 12:33:17,206 - INFO - HTTP Request: GET https://planilhaandrieli.jords.site/api/database/rows/table/678/?user_field_names=true&filter__field_Email__equal=aryarajmarketing%40gmail.com "HTTP/1.1 200 OK"
2026-01-08 12:33:19,755 - INFO - HTTP Request: GET https://planilhaandrieli.jords.site/api/database/rows/table/673/?user_field_names=true "HTTP/1.1 200 OK"
2026-01-08 12:33:19,871 - INFO - HTTP Request: GET https://planilhaandrieli.jords.site/api/database/rows/table/677/?user_field_names=true&size=200 "HTTP/1.1 200 OK"
2026-01-08 12:33:19,931 - INFO - HTTP Request: GET https://planilhaandrieli.jords.site/api/database/rows/table/677/?user_field_names=true&size=200 "HTTP/1.1 200 OK"
2026-01-08 12:33:19,933 - INFO - HTTP Request: GET https://planilhaandrieli.jords.site/api/database/rows/table/673/?user_field_names=true "HTTP/1.1 200 OK"
2026-01-08 12:33:28,701 - INFO - HTTP Request: GET https://planilhaandrieli.jords.site/api/database/rows/table/677/?user_field_names=true&size=200 "HTTP/1.1 200 OK"
2026-01-08 12:33:28,725 - INFO - HTTP Request: GET https://planilhaandrieli.jords.site/api/database/rows/table/673/?user_field_names=true "HTTP/1.1 200 OK"
2026-01-08 12:33:39,087 - INFO - HTTP Request: GET https://planilhaandrieli.jords.site/api/database/rows/table/677/?user_field_names=true&size=200 "HTTP/1.1 200 OK"
2026-01-08 12:33:39,096 - INFO - HTTP Request: GET https://planilhaandrieli.jords.site/api/database/rows/table/673/?user_field_names=true "HTTP/1.1 200 OK"
2026-01-08 12:33:48,731 - INFO - HTTP Request: GET https://planilhaandrieli.jords.site/api/database/rows/table/677/?user_field_names=true&size=200 "HTTP/1.1 200 OK"
2026-01-08 12:33:48,766 - INFO - HTTP Request: GET https://planilhaandrieli.jords.site/api/database/rows/table/673/?user_field_names=true "HTTP/1.1 200 OK"
2026-01-08 12:34:00,840 - INFO - HTTP Request: GET https://planilhaandrieli.jords.site/api/database/rows/table/677/?user_field_names=true&size=200 "HTTP/1.1 200 OK"
2026-01-08 12:34:00,856 - INFO - HTTP Request: GET https://planilhaandrieli.jords.site/api/database/rows/table/673/?user_field_names=true "HTTP/1.1 200 OK"
2026-01-08 12:34:14,126 - INFO - HTTP Request: GET https://planilhaandrieli.jords.site/api/database/rows/table/677/?user_field_names=true&size=200 "HTTP/1.1 200 OK"
2026-01-08 12:34:14,139 - INFO - HTTP Request: GET https://planilhaandrieli.jords.site/api/database/rows/table/673/?user_field_names=true "HTTP/1.1 200 OK"
2026-01-08 12:34:14,165 - INFO - HTTP Request: GET https://planilhaandrieli.jords.site/api/database/rows/table/673/?user_field_names=true "HTTP/1.1 200 OK"
2026-01-08 12:34:14,169 - INFO - HTTP Request: GET https://planilhaandrieli.jords.site/api/database/rows/table/677/?user_field_names=true&size=200 "HTTP/1.1 200 OK"
2026-01-08 12:34:22,151 - INFO - HTTP Request: GET https://planilhaandrieli.jords.site/api/database/rows/table/673/?user_field_names=true "HTTP/1.1 200 OK"
2026-01-08 12:34:22,165 - INFO - HTTP Request: GET https://planilhaandrieli.jords.site/api/database/rows/table/677/?user_field_names=true&size=200 "HTTP/1.1 200 OK"
2026-01-08 12:34:43,218 - INFO - HTTP Request: GET https://planilhaandrieli.jords.site/api/database/rows/table/673/?user_field_names=true "HTTP/1.1 200 OK"
2026-01-08 12:34:43,230 - INFO - HTTP Request: GET https://planilhaandrieli.jords.site/api/database/rows/table/673/?user_field_names=true "HTTP/1.1 200 OK"
2026-01-08 12:34:43,241 - INFO - HTTP Request: GET https://planilhaandrieli.jords.site/api/database/rows/table/677/?user_field_names=true&size=200 "HTTP/1.1 200 OK"
2026-01-08 12:34:43,250 - INFO - HTTP Request: GET https://planilhaandrieli.jords.site/api/database/rows/table/677/?user_field_names=true&size=200 "HTTP/1.1 200 OK"
2026-01-08 12:34:47,559 - INFO - HTTP Request: GET https://planilhaandrieli.jords.site/api/database/rows/table/673/?user_field_names=true "HTTP/1.1 200 OK"
2026-01-08 12:34:47,563 - INFO - HTTP Request: GET https://planilhaandrieli.jords.site/api/database/rows/table/677/?user_field_names=true&size=200 "HTTP/1.1 200 OK"
2026-01-08 12:34:47,637 - INFO - HTTP Request: GET https://planilhaandrieli.jords.site/api/database/rows/table/673/?user_field_names=true "HTTP/1.1 200 OK"
2026-01-08 12:34:47,656 - INFO - HTTP Request: GET https://planilhaandrieli.jords.site/api/database/rows/table/677/?user_field_names=true&size=200 "HTTP/1.1 200 OK"
2026-01-08 12:34:53,536 - INFO - HTTP Request: GET https://planilhaandrieli.jords.site/api/database/rows/table/677/?user_field_names=true&size=200 "HTTP/1.1 200 OK"
2026-01-08 12:34:53,556 - INFO - HTTP Request: GET https://planilhaandrieli.jords.site/api/database/rows/table/673/?user_field_names=true "HTTP/1.1 200 OK"
2026-01-08 12:35:02,590 - INFO - HTTP Request: GET https://planilhaandrieli.jords.site/api/database/rows/table/677/?user_field_names=true&size=200 "HTTP/1.1 200 OK"
2026-01-08 12:35:02,594 - INFO - HTTP Request: GET https://planilhaandrieli.jords.site/api/database/rows/table/673/?user_field_names=true "HTTP/1.1 200 OK"
2026-01-08 12:35:12,762 - INFO - HTTP Request: GET https://planilhaandrieli.jords.site/api/database/rows/table/677/?user_field_names=true&size=200 "HTTP/1.1 200 OK"
2026-01-08 12:35:12,933 - INFO - HTTP Request: GET https://planilhaandrieli.jords.site/api/database/rows/table/673/?user_field_names=true "HTTP/1.1 200 OK"
2026-01-08 12:35:12,940 - INFO - HTTP Request: GET https://planilhaandrieli.jords.site/api/database/rows/table/677/?user_field_names=true&size=200 "HTTP/1.1 200 OK"
2026-01-08 12:35:12,955 - INFO - HTTP Request: GET https://planilhaandrieli.jords.site/api/database/rows/table/673/?user_field_names=true "HTTP/1.1 200 OK"
2026-01-08 12:35:22,660 - INFO - HTTP Request: GET https://planilhaandrieli.jords.site/api/database/rows/table/673/?user_field_names=true "HTTP/1.1 200 OK"
2026-01-08 12:35:22,690 - INFO - HTTP Request: GET https://planilhaandrieli.jords.site/api/database/rows/table/677/?user_field_names=true&size=200 "HTTP/1.1 200 OK"
2026-01-08 12:35:32,628 - INFO - HTTP Request: GET https://planilhaandrieli.jords.site/api/database/rows/table/677/?user_field_names=true&size=200 "HTTP/1.1 200 OK"
2026-01-08 12:35:32,634 - INFO - HTTP Request: GET https://planilhaandrieli.jords.site/api/database/rows/table/673/?user_field_names=true "HTTP/1.1 200 OK"
2026-01-08 12:35:40,911 - INFO - HTTP Request: GET https://planilhaandrieli.jords.site/api/database/rows/table/673/?user_field_names=true "HTTP/1.1 200 OK"
2026-01-08 12:35:40,914 - INFO - HTTP Request: GET https://planilhaandrieli.jords.site/api/database/rows/table/677/?user_field_names=true&size=200 "HTTP/1.1 200 OK"
2026-01-08 12:35:52,646 - INFO - HTTP Request: GET https://planilhaandrieli.jords.site/api/database/rows/table/677/?user_field_names=true&size=200 "HTTP/1.1 200 OK"
2026-01-08 12:35:52,659 - INFO - HTTP Request: GET https://planilhaandrieli.jords.site/api/database/rows/table/673/?user_field_names=true "HTTP/1.1 200 OK"
2026-01-08 12:36:02,458 - INFO - HTTP Request: GET https://planilhaandrieli.jords.site/api/database/rows/table/677/?user_field_names=true&size=200 "HTTP/1.1 200 OK"
2026-01-08 12:36:02,469 - INFO - HTTP Request: GET https://planilhaandrieli.jords.site/api/database/rows/table/673/?user_field_names=true "HTTP/1.1 200 OK"
2026-01-08 12:36:09,117 - INFO - HTTP Request: GET https://planilhaandrieli.jords.site/api/database/rows/table/673/?user_field_names=true "HTTP/1.1 200 OK"
2026-01-08 12:36:09,151 - INFO - HTTP Request: GET https://planilhaandrieli.jords.site/api/database/rows/table/677/?user_field_names=true&size=200 "HTTP/1.1 200 OK"
2026-01-08 12:36:11,323 - INFO - HTTP Request: GET https://planilhaandrieli.jords.site/api/database/rows/table/677/?user_field_names=true&size=200 "HTTP/1.1 200 OK"
2026-01-08 12:36:11,346 - INFO - HTTP Request: GET https://planilhaandrieli.jords.site/api/database/rows/table/673/?user_field_names=true "HTTP/1.1 200 OK"
2026-01-08 12:36:21,041 - INFO - HTTP Request: GET https://planilhaandrieli.jords.site/api/database/rows/table/677/?user_field_names=true&size=200 "HTTP/1.1 200 OK"
2026-01-08 12:36:21,062 - INFO - HTTP Request: GET https://planilhaandrieli.jords.site/api/database/rows/table/673/?user_field_names=true "HTTP/1.1 200 OK"
2026-01-08 12:36:31,291 - INFO - HTTP Request: GET https://planilhaandrieli.jords.site/api/database/rows/table/673/?user_field_names=true "HTTP/1.1 200 OK"
2026-01-08 12:36:31,293 - INFO - HTTP Request: GET https://planilhaandrieli.jords.site/api/database/rows/table/677/?user_field_names=true&size=200 "HTTP/1.1 200 OK"
2026-01-08 12:36:40,939 - INFO - HTTP Request: GET https://planilhaandrieli.jords.site/api/database/rows/table/677/?user_field_names=true&size=200 "HTTP/1.1 200 OK"
2026-01-08 12:36:40,957 - INFO - HTTP Request: GET https://planilhaandrieli.jords.site/api/database/rows/table/673/?user_field_names=true "HTTP/1.1 200 OK"
2026-01-08 12:36:51,392 - INFO - HTTP Request: GET https://planilhaandrieli.jords.site/api/database/rows/table/677/?user_field_names=true&size=200 "HTTP/1.1 200 OK"
2026-01-08 12:36:51,404 - INFO - HTTP Request: GET https://planilhaandrieli.jords.site/api/database/rows/table/673/?user_field_names=true "HTTP/1.1 200 OK"
2026-01-08 12:37:02,756 - INFO - HTTP Request: GET https://planilhaandrieli.jords.site/api/database/rows/table/677/?user_field_names=true&size=200 "HTTP/1.1 200 OK"
2026-01-08 12:37:02,763 - INFO - HTTP Request: GET https://planilhaandrieli.jords.site/api/database/rows/table/673/?user_field_names=true "HTTP/1.1 200 OK"
2026-01-08 12:37:08,842 - INFO - HTTP Request: GET https://planilhaandrieli.jords.site/api/database/rows/table/677/?user_field_names=true&size=200 "HTTP/1.1 200 OK"
2026-01-08 12:37:08,846 - INFO - HTTP Request: GET https://planilhaandrieli.jords.site/api/database/rows/table/673/?user_field_names=true "HTTP/1.1 200 OK"
2026-01-08 12:37:12,648 - INFO - HTTP Request: GET https://planilhaandrieli.jords.site/api/database/rows/table/677/?user_field_names=true&size=200 "HTTP/1.1 200 OK"
2026-01-08 12:37:12,664 - INFO - HTTP Request: GET https://planilhaandrieli.jords.site/api/database/rows/table/673/?user_field_names=true "HTTP/1.1 200 OK"
2026-01-08 12:37:22,604 - INFO - HTTP Request: GET https://planilhaandrieli.jords.site/api/database/rows/table/677/?user_field_names=true&size=200 "HTTP/1.1 200 OK"
2026-01-08 12:37:22,608 - INFO - HTTP Request: GET https://planilhaandrieli.jords.site/api/database/rows/table/673/?user_field_names=true "HTTP/1.1 200 OK"
2026-01-08 12:37:31,403 - INFO - HTTP Request: GET https://planilhaandrieli.jords.site/api/database/rows/table/677/?user_field_names=true&size=200 "HTTP/1.1 200 OK"
2026-01-08 12:37:31,447 - INFO - HTTP Request: GET https://planilhaandrieli.jords.site/api/database/rows/table/673/?user_field_names=true "HTTP/1.1 200 OK"
2026-01-08 12:37:40,995 - INFO - HTTP Request: GET https://planilhaandrieli.jords.site/api/database/rows/table/673/?user_field_names=true "HTTP/1.1 200 OK"
2026-01-08 12:37:40,998 - INFO - HTTP Request: GET https://planilhaandrieli.jords.site/api/database/rows/table/677/?user_field_names=true&size=200 "HTTP/1.1 200 OK"
2026-01-08 12:37:51,396 - INFO - HTTP Request: GET https://planilhaandrieli.jords.site/api/database/rows/table/677/?user_field_names=true&size=200 "HTTP/1.1 200 OK"
2026-01-08 12:37:51,397 - INFO - HTTP Request: GET https://planilhaandrieli.jords.site/api/database/rows/table/673/?user_field_names=true "HTTP/1.1 200 OK"
2026-01-08 12:38:00,959 - INFO - HTTP Request: GET https://planilhaandrieli.jords.site/api/database/rows/table/677/?user_field_names=true&size=200 "HTTP/1.1 200 OK"
2026-01-08 12:38:00,968 - INFO - HTTP Request: GET https://planilhaandrieli.jords.site/api/database/rows/table/673/?user_field_names=true "HTTP/1.1 200 OK"
2026-01-08 12:38:08,070 - INFO - HTTP Request: GET https://planilhaandrieli.jords.site/api/database/rows/table/677/?user_field_names=true&size=200 "HTTP/1.1 200 OK"
2026-01-08 12:38:08,075 - INFO - HTTP Request: GET https://planilhaandrieli.jords.site/api/database/rows/table/673/?user_field_names=true "HTTP/1.1 200 OK"
2026-01-08 12:38:11,649 - INFO - HTTP Request: GET https://planilhaandrieli.jords.site/api/database/rows/table/673/?user_field_names=true "HTTP/1.1 200 OK"
2026-01-08 12:38:11,653 - INFO - HTTP Request: GET https://planilhaandrieli.jords.site/api/database/rows/table/677/?user_field_names=true&size=200 "HTTP/1.1 200 OK"
2026-01-08 12:38:21,015 - INFO - HTTP Request: GET https://planilhaandrieli.jords.site/api/database/rows/table/673/?user_field_names=true "HTTP/1.1 200 OK"
2026-01-08 12:38:21,017 - INFO - HTTP Request: GET https://planilhaandrieli.jords.site/api/database/rows/table/677/?user_field_names=true&size=200 "HTTP/1.1 200 OK"
2026-01-08 12:38:31,404 - INFO - HTTP Request: GET https://planilhaandrieli.jords.site/api/database/rows/table/677/?user_field_names=true&size=200 "HTTP/1.1 200 OK"
2026-01-08 12:38:31,411 - INFO - HTTP Request: GET https://planilhaandrieli.jords.site/api/database/rows/table/673/?user_field_names=true "HTTP/1.1 200 OK"
2026-01-08 12:38:40,956 - INFO - HTTP Request: GET https://planilhaandrieli.jords.site/api/database/rows/table/677/?user_field_names=true&size=200 "HTTP/1.1 200 OK"
2026-01-08 12:38:41,239 - INFO - HTTP Request: GET https://planilhaandrieli.jords.site/api/database/rows/table/673/?user_field_names=true "HTTP/1.1 200 OK"
2026-01-08 12:38:51,337 - INFO - HTTP Request: GET https://planilhaandrieli.jords.site/api/database/rows/table/677/?user_field_names=true&size=200 "HTTP/1.1 200 OK"
2026-01-08 12:38:51,338 - INFO - HTTP Request: GET https://planilhaandrieli.jords.site/api/database/rows/table/673/?user_field_names=true "HTTP/1.1 200 OK"
2026-01-08 12:39:01,387 - INFO - HTTP Request: GET https://planilhaandrieli.jords.site/api/database/rows/table/677/?user_field_names=true&size=200 "HTTP/1.1 200 OK"
2026-01-08 12:39:01,391 - INFO - HTTP Request: GET https://planilhaandrieli.jords.site/api/database/rows/table/673/?user_field_names=true "HTTP/1.1 200 OK"
2026-01-08 12:39:09,229 - INFO - HTTP Request: GET https://planilhaandrieli.jords.site/api/database/rows/table/677/?user_field_names=true&size=200 "HTTP/1.1 200 OK"
2026-01-08 12:39:09,231 - INFO - HTTP Request: GET https://planilhaandrieli.jords.site/api/database/rows/table/673/?user_field_names=true "HTTP/1.1 200 OK"
2026-01-08 12:39:11,336 - INFO - HTTP Request: GET https://planilhaandrieli.jords.site/api/database/rows/table/677/?user_field_names=true&size=200 "HTTP/1.1 200 OK"
2026-01-08 12:39:11,338 - INFO - HTTP Request: GET https://planilhaandrieli.jords.site/api/database/rows/table/673/?user_field_names=true "HTTP/1.1 200 OK"
2026-01-08 12:39:21,047 - INFO - HTTP Request: GET https://planilhaandrieli.jords.site/api/database/rows/table/677/?user_field_names=true&size=200 "HTTP/1.1 200 OK"
2026-01-08 12:39:21,053 - INFO - HTTP Request: GET https://planilhaandrieli.jords.site/api/database/rows/table/673/?user_field_names=true "HTTP/1.1 200 OK"
2026-01-08 12:39:31,268 - INFO - HTTP Request: GET https://planilhaandrieli.jords.site/api/database/rows/table/677/?user_field_names=true&size=200 "HTTP/1.1 200 OK"
2026-01-08 12:39:31,280 - INFO - HTTP Request: GET https://planilhaandrieli.jords.site/api/database/rows/table/673/?user_field_names=true "HTTP/1.1 200 OK"
2026-01-08 12:39:40,938 - INFO - HTTP Request: GET https://planilhaandrieli.jords.site/api/database/rows/table/677/?user_field_names=true&size=200 "HTTP/1.1 200 OK"
2026-01-08 12:39:40,945 - INFO - HTTP Request: GET https://planilhaandrieli.jords.site/api/database/rows/table/673/?user_field_names=true "HTTP/1.1 200 OK"
2026-01-08 12:39:52,264 - INFO - HTTP Request: GET https://planilhaandrieli.jords.site/api/database/rows/table/673/?user_field_names=true "HTTP/1.1 200 OK"
2026-01-08 12:39:52,287 - INFO - HTTP Request: GET https://planilhaandrieli.jords.site/api/database/rows/table/677/?user_field_names=true&size=200 "HTTP/1.1 200 OK"
2026-01-08 12:40:00,927 - INFO - HTTP Request: GET https://planilhaandrieli.jords.site/api/database/rows/table/673/?user_field_names=true "HTTP/1.1 200 OK"
2026-01-08 12:40:00,928 - INFO - HTTP Request: GET https://planilhaandrieli.jords.site/api/database/rows/table/677/?user_field_names=true&size=200 "HTTP/1.1 200 OK"
2026-01-08 12:40:09,291 - INFO - HTTP Request: GET https://planilhaandrieli.jords.site/api/database/rows/table/673/?user_field_names=true "HTTP/1.1 200 OK"
2026-01-08 12:40:09,307 - INFO - HTTP Request: GET https://planilhaandrieli.jords.site/api/database/rows/table/677/?user_field_names=true&size=200 "HTTP/1.1 200 OK"
2026-01-08 12:40:12,576 - INFO - HTTP Request: GET https://planilhaandrieli.jords.site/api/database/rows/table/677/?user_field_names=true&size=200 "HTTP/1.1 200 OK"
2026-01-08 12:40:12,583 - INFO - HTTP Request: GET https://planilhaandrieli.jords.site/api/database/rows/table/673/?user_field_names=true "HTTP/1.1 200 OK"
2026-01-08 12:40:22,303 - INFO - HTTP Request: GET https://planilhaandrieli.jords.site/api/database/rows/table/677/?user_field_names=true&size=200 "HTTP/1.1 200 OK"
2026-01-08 12:40:22,313 - INFO - HTTP Request: GET https://planilhaandrieli.jords.site/api/database/rows/table/673/?user_field_names=true "HTTP/1.1 200 OK"
2026-01-08 12:40:33,002 - INFO - HTTP Request: GET https://planilhaandrieli.jords.site/api/database/rows/table/677/?user_field_names=true&size=200 "HTTP/1.1 200 OK"
2026-01-08 12:40:33,014 - INFO - HTTP Request: GET https://planilhaandrieli.jords.site/api/database/rows/table/673/?user_field_names=true "HTTP/1.1 200 OK"
2026-01-08 12:40:42,499 - INFO - HTTP Request: GET https://planilhaandrieli.jords.site/api/database/rows/table/677/?user_field_names=true&size=200 "HTTP/1.1 200 OK"
2026-01-08 12:40:42,505 - INFO - HTTP Request: GET https://planilhaandrieli.jords.site/api/database/rows/table/673/?user_field_names=true "HTTP/1.1 200 OK"
2026-01-08 12:40:52,271 - INFO - HTTP Request: GET https://planilhaandrieli.jords.site/api/database/rows/table/677/?user_field_names=true&size=200 "HTTP/1.1 200 OK"
2026-01-08 12:40:52,286 - INFO - HTTP Request: GET https://planilhaandrieli.jords.site/api/database/rows/table/673/?user_field_names=true "HTTP/1.1 200 OK"
2026-01-08 12:41:02,827 - INFO - HTTP Request: GET https://planilhaandrieli.jords.site/api/database/rows/table/673/?user_field_names=true "HTTP/1.1 200 OK"
2026-01-08 12:41:02,847 - INFO - HTTP Request: GET https://planilhaandrieli.jords.site/api/database/rows/table/677/?user_field_names=true&size=200 "HTTP/1.1 200 OK"
2026-01-08 12:41:11,914 - INFO - HTTP Request: GET https://planilhaandrieli.jords.site/api/database/rows/table/677/?user_field_names=true&size=200 "HTTP/1.1 200 OK"
2026-01-08 12:41:11,922 - INFO - HTTP Request: GET https://planilhaandrieli.jords.site/api/database/rows/table/673/?user_field_names=true "HTTP/1.1 200 OK"
2026-01-08 12:41:12,398 - INFO - HTTP Request: GET https://planilhaandrieli.jords.site/api/database/rows/table/673/?user_field_names=true "HTTP/1.1 200 OK"
2026-01-08 12:41:12,403 - INFO - HTTP Request: GET https://planilhaandrieli.jords.site/api/database/rows/table/677/?user_field_names=true&size=200 "HTTP/1.1 200 OK"
2026-01-08 12:41:21,624 - INFO - HTTP Request: GET https://planilhaandrieli.jords.site/api/database/rows/table/673/?user_field_names=true "HTTP/1.1 200 OK"
2026-01-08 12:41:21,629 - INFO - HTTP Request: GET https://planilhaandrieli.jords.site/api/database/rows/table/677/?user_field_names=true&size=200 "HTTP/1.1 200 OK"
2026-01-08 12:41:31,493 - INFO - HTTP Request: GET https://planilhaandrieli.jords.site/api/database/rows/table/677/?user_field_names=true&size=200 "HTTP/1.1 200 OK"
2026-01-08 12:41:31,497 - INFO - HTTP Request: GET https://planilhaandrieli.jords.site/api/database/rows/table/673/?user_field_names=true "HTTP/1.1 200 OK"
2026-01-08 12:41:42,629 - INFO - HTTP Request: GET https://planilhaandrieli.jords.site/api/database/rows/table/677/?user_field_names=true&size=200 "HTTP/1.1 200 OK"
2026-01-08 12:41:42,639 - INFO - HTTP Request: GET https://planilhaandrieli.jords.site/api/database/rows/table/673/?user_field_names=true "HTTP/1.1 200 OK"
2026-01-08 12:41:52,567 - INFO - HTTP Request: GET https://planilhaandrieli.jords.site/api/database/rows/table/673/?user_field_names=true "HTTP/1.1 200 OK"
2026-01-08 12:41:52,597 - INFO - HTTP Request: GET https://planilhaandrieli.jords.site/api/database/rows/table/677/?user_field_names=true&size=200 "HTTP/1.1 200 OK"
2026-01-08 12:42:03,005 - INFO - HTTP Request: GET https://planilhaandrieli.jords.site/api/database/rows/table/677/?user_field_names=true&size=200 "HTTP/1.1 200 OK"
2026-01-08 12:42:03,028 - INFO - HTTP Request: GET https://planilhaandrieli.jords.site/api/database/rows/table/673/?user_field_names=true "HTTP/1.1 200 OK"
2026-01-08 12:42:12,370 - INFO - HTTP Request: GET https://planilhaandrieli.jords.site/api/database/rows/table/677/?user_field_names=true&size=200 "HTTP/1.1 200 OK"
2026-01-08 12:42:12,385 - INFO - HTTP Request: GET https://planilhaandrieli.jords.site/api/database/rows/table/673/?user_field_names=true "HTTP/1.1 200 OK"
2026-01-08 12:42:12,483 - INFO - HTTP Request: GET https://planilhaandrieli.jords.site/api/database/rows/table/677/?user_field_names=true&size=200 "HTTP/1.1 200 OK"
2026-01-08 12:42:12,494 - INFO - HTTP Request: GET https://planilhaandrieli.jords.site/api/database/rows/table/673/?user_field_names=true "HTTP/1.1 200 OK"
2026-01-08 12:42:22,351 - INFO - HTTP Request: GET https://planilhaandrieli.jords.site/api/database/rows/table/673/?user_field_names=true "HTTP/1.1 200 OK"
2026-01-08 12:42:22,378 - INFO - HTTP Request: GET https://planilhaandrieli.jords.site/api/database/rows/table/677/?user_field_names=true&size=200 "HTTP/1.1 200 OK"
2026-01-08 12:42:32,232 - INFO - HTTP Request: GET https://planilhaandrieli.jords.site/api/database/rows/table/673/?user_field_names=true "HTTP/1.1 200 OK"
2026-01-08 12:42:32,248 - INFO - HTTP Request: GET https://planilhaandrieli.jords.site/api/database/rows/table/677/?user_field_names=true&size=200 "HTTP/1.1 200 OK"
2026-01-08 12:42:43,037 - INFO - HTTP Request: GET https://planilhaandrieli.jords.site/api/database/rows/table/677/?user_field_names=true&size=200 "HTTP/1.1 200 OK"
2026-01-08 12:42:43,042 - INFO - HTTP Request: GET https://planilhaandrieli.jords.site/api/database/rows/table/673/?user_field_names=true "HTTP/1.1 200 OK"
2026-01-08 12:42:52,543 - INFO - HTTP Request: GET https://planilhaandrieli.jords.site/api/database/rows/table/677/?user_field_names=true&size=200 "HTTP/1.1 200 OK"
2026-01-08 12:42:52,554 - INFO - HTTP Request: GET https://planilhaandrieli.jords.site/api/database/rows/table/673/?user_field_names=true "HTTP/1.1 200 OK"
2026-01-08 12:43:02,161 - INFO - HTTP Request: GET https://planilhaandrieli.jords.site/api/database/rows/table/677/?user_field_names=true&size=200 "HTTP/1.1 200 OK"
2026-01-08 12:43:02,180 - INFO - HTTP Request: GET https://planilhaandrieli.jords.site/api/database/rows/table/673/?user_field_names=true "HTTP/1.1 200 OK"
2026-01-08 12:43:09,481 - INFO - HTTP Request: GET https://planilhaandrieli.jords.site/api/database/rows/table/677/?user_field_names=true&size=200 "HTTP/1.1 200 OK"
2026-01-08 12:43:09,493 - INFO - HTTP Request: GET https://planilhaandrieli.jords.site/api/database/rows/table/673/?user_field_names=true "HTTP/1.1 200 OK"
2026-01-08 12:43:12,606 - INFO - HTTP Request: GET https://planilhaandrieli.jords.site/api/database/rows/table/673/?user_field_names=true "HTTP/1.1 200 OK"
2026-01-08 12:43:12,612 - INFO - HTTP Request: GET https://planilhaandrieli.jords.site/api/database/rows/table/677/?user_field_names=true&size=200 "HTTP/1.1 200 OK"
2026-01-08 12:43:22,437 - INFO - HTTP Request: GET https://planilhaandrieli.jords.site/api/database/rows/table/673/?user_field_names=true "HTTP/1.1 200 OK"
2026-01-08 12:43:22,441 - INFO - HTTP Request: GET https://planilhaandrieli.jords.site/api/database/rows/table/677/?user_field_names=true&size=200 "HTTP/1.1 200 OK"
2026-01-08 12:43:30,875 - INFO - HTTP Request: GET https://planilhaandrieli.jords.site/api/database/rows/table/677/?user_field_names=true&size=200 "HTTP/1.1 200 OK"
2026-01-08 12:43:30,898 - INFO - HTTP Request: GET https://planilhaandrieli.jords.site/api/database/rows/table/673/?user_field_names=true "HTTP/1.1 200 OK"
2026-01-08 12:43:41,238 - INFO - HTTP Request: GET https://planilhaandrieli.jords.site/api/database/rows/table/677/?user_field_names=true&size=200 "HTTP/1.1 200 OK"
2026-01-08 12:43:41,262 - INFO - HTTP Request: GET https://planilhaandrieli.jords.site/api/database/rows/table/673/?user_field_names=true "HTTP/1.1 200 OK"
2026-01-08 12:43:50,935 - INFO - HTTP Request: GET https://planilhaandrieli.jords.site/api/database/rows/table/677/?user_field_names=true&size=200 "HTTP/1.1 200 OK"
2026-01-08 12:43:50,952 - INFO - HTTP Request: GET https://planilhaandrieli.jords.site/api/database/rows/table/673/?user_field_names=true "HTTP/1.1 200 OK"
2026-01-08 12:44:01,230 - INFO - HTTP Request: GET https://planilhaandrieli.jords.site/api/database/rows/table/677/?user_field_names=true&size=200 "HTTP/1.1 200 OK"
2026-01-08 12:44:01,233 - INFO - HTTP Request: GET https://planilhaandrieli.jords.site/api/database/rows/table/673/?user_field_names=true "HTTP/1.1 200 OK"
2026-01-08 12:44:07,728 - INFO - HTTP Request: GET https://planilhaandrieli.jords.site/api/database/rows/table/677/?user_field_names=true&size=200 "HTTP/1.1 200 OK"
2026-01-08 12:44:07,737 - INFO - HTTP Request: GET https://planilhaandrieli.jords.site/api/database/rows/table/673/?user_field_names=true "HTTP/1.1 200 OK"
2026-01-08 12:44:12,707 - INFO - HTTP Request: GET https://planilhaandrieli.jords.site/api/database/rows/table/677/?user_field_names=true&size=200 "HTTP/1.1 200 OK"
2026-01-08 12:44:12,717 - INFO - HTTP Request: GET https://planilhaandrieli.jords.site/api/database/rows/table/673/?user_field_names=true "HTTP/1.1 200 OK"
2026-01-08 12:44:21,275 - INFO - HTTP Request: GET https://planilhaandrieli.jords.site/api/database/rows/table/677/?user_field_names=true&size=200 "HTTP/1.1 200 OK"
2026-01-08 12:44:21,279 - INFO - HTTP Request: GET https://planilhaandrieli.jords.site/api/database/rows/table/673/?user_field_names=true "HTTP/1.1 200 OK"
2026-01-08 12:44:32,370 - INFO - HTTP Request: GET https://planilhaandrieli.jords.site/api/database/rows/table/677/?user_field_names=true&size=200 "HTTP/1.1 200 OK"
2026-01-08 12:44:32,378 - INFO - HTTP Request: GET https://planilhaandrieli.jords.site/api/database/rows/table/673/?user_field_names=true "HTTP/1.1 200 OK"
2026-01-08 12:44:41,569 - INFO - HTTP Request: GET https://planilhaandrieli.jords.site/api/database/rows/table/673/?user_field_names=true "HTTP/1.1 200 OK"
2026-01-08 12:44:41,634 - INFO - HTTP Request: GET https://planilhaandrieli.jords.site/api/database/rows/table/677/?user_field_names=true&size=200 "HTTP/1.1 200 OK"
2026-01-08 12:44:50,933 - INFO - HTTP Request: GET https://planilhaandrieli.jords.site/api/database/rows/table/677/?user_field_names=true&size=200 "HTTP/1.1 200 OK"
2026-01-08 12:44:50,942 - INFO - HTTP Request: GET https://planilhaandrieli.jords.site/api/database/rows/table/673/?user_field_names=true "HTTP/1.1 200 OK"
2026-01-08 12:45:01,247 - INFO - HTTP Request: GET https://planilhaandrieli.jords.site/api/database/rows/table/677/?user_field_names=true&size=200 "HTTP/1.1 200 OK"
2026-01-08 12:45:01,272 - INFO - HTTP Request: GET https://planilhaandrieli.jords.site/api/database/rows/table/673/?user_field_names=true "HTTP/1.1 200 OK"
2026-01-08 12:45:12,019 - INFO - HTTP Request: GET https://planilhaandrieli.jords.site/api/database/rows/table/677/?user_field_names=true&size=200 "HTTP/1.1 200 OK"
2026-01-08 12:45:12,033 - INFO - HTTP Request: GET https://planilhaandrieli.jords.site/api/database/rows/table/673/?user_field_names=true "HTTP/1.1 200 OK"
2026-01-08 12:45:12,466 - INFO - HTTP Request: GET https://planilhaandrieli.jords.site/api/database/rows/table/677/?user_field_names=true&size=200 "HTTP/1.1 200 OK"
2026-01-08 12:45:12,476 - INFO - HTTP Request: GET https://planilhaandrieli.jords.site/api/database/rows/table/673/?user_field_names=true "HTTP/1.1 200 OK"
2026-01-08 12:45:22,482 - INFO - HTTP Request: GET https://planilhaandrieli.jords.site/api/database/rows/table/677/?user_field_names=true&size=200 "HTTP/1.1 200 OK"
2026-01-08 12:45:22,495 - INFO - HTTP Request: GET https://planilhaandrieli.jords.site/api/database/rows/table/673/?user_field_names=true "HTTP/1.1 200 OK"
2026-01-08 12:45:32,423 - INFO - HTTP Request: GET https://planilhaandrieli.jords.site/api/database/rows/table/677/?user_field_names=true&size=200 "HTTP/1.1 200 OK"
2026-01-08 12:45:32,437 - INFO - HTTP Request: GET https://planilhaandrieli.jords.site/api/database/rows/table/673/?user_field_names=true "HTTP/1.1 200 OK"
2026-01-08 12:45:41,298 - INFO - HTTP Request: GET https://planilhaandrieli.jords.site/api/database/rows/table/677/?user_field_names=true&size=200 "HTTP/1.1 200 OK"
2026-01-08 12:45:41,318 - INFO - HTTP Request: GET https://planilhaandrieli.jords.site/api/database/rows/table/673/?user_field_names=true "HTTP/1.1 200 OK"
2026-01-08 12:45:51,343 - INFO - HTTP Request: GET https://planilhaandrieli.jords.site/api/database/rows/table/677/?user_field_names=true&size=200 "HTTP/1.1 200 OK"
2026-01-08 12:45:51,355 - INFO - HTTP Request: GET https://planilhaandrieli.jords.site/api/database/rows/table/673/?user_field_names=true "HTTP/1.1 200 OK"
2026-01-08 12:46:00,920 - INFO - HTTP Request: GET https://planilhaandrieli.jords.site/api/database/rows/table/673/?user_field_names=true "HTTP/1.1 200 OK"
2026-01-08 12:46:00,923 - INFO - HTTP Request: GET https://planilhaandrieli.jords.site/api/database/rows/table/677/?user_field_names=true&size=200 "HTTP/1.1 200 OK"
2026-01-08 12:46:07,767 - INFO - HTTP Request: GET https://planilhaandrieli.jords.site/api/database/rows/table/677/?user_field_names=true&size=200 "HTTP/1.1 200 OK"
2026-01-08 12:46:07,777 - INFO - HTTP Request: GET https://planilhaandrieli.jords.site/api/database/rows/table/673/?user_field_names=true "HTTP/1.1 200 OK"
2026-01-08 12:46:12,713 - INFO - HTTP Request: GET https://planilhaandrieli.jords.site/api/database/rows/table/673/?user_field_names=true "HTTP/1.1 200 OK"
2026-01-08 12:46:12,720 - INFO - HTTP Request: GET https://planilhaandrieli.jords.site/api/database/rows/table/677/?user_field_names=true&size=200 "HTTP/1.1 200 OK"
2026-01-08 12:46:22,823 - INFO - HTTP Request: GET https://planilhaandrieli.jords.site/api/database/rows/table/677/?user_field_names=true&size=200 "HTTP/1.1 200 OK"
2026-01-08 12:46:22,839 - INFO - HTTP Request: GET https://planilhaandrieli.jords.site/api/database/rows/table/673/?user_field_names=true "HTTP/1.1 200 OK"
2026-01-08 12:46:32,664 - INFO - HTTP Request: GET https://planilhaandrieli.jords.site/api/database/rows/table/673/?user_field_names=true "HTTP/1.1 200 OK"
2026-01-08 12:46:32,674 - INFO - HTTP Request: GET https://planilhaandrieli.jords.site/api/database/rows/table/677/?user_field_names=true&size=200 "HTTP/1.1 200 OK"
2026-01-08 12:46:40,952 - INFO - HTTP Request: GET https://planilhaandrieli.jords.site/api/database/rows/table/677/?user_field_names=true&size=200 "HTTP/1.1 200 OK"
2026-01-08 12:46:40,955 - INFO - HTTP Request: GET https://planilhaandrieli.jords.site/api/database/rows/table/673/?user_field_names=true "HTTP/1.1 200 OK"
2026-01-08 12:46:51,243 - INFO - HTTP Request: GET https://planilhaandrieli.jords.site/api/database/rows/table/677/?user_field_names=true&size=200 "HTTP/1.1 200 OK"
2026-01-08 12:46:51,268 - INFO - HTTP Request: GET https://planilhaandrieli.jords.site/api/database/rows/table/673/?user_field_names=true "HTTP/1.1 200 OK"
2026-01-08 12:47:00,885 - INFO - HTTP Request: GET https://planilhaandrieli.jords.site/api/database/rows/table/673/?user_field_names=true "HTTP/1.1 200 OK"
2026-01-08 12:47:00,887 - INFO - HTTP Request: GET https://planilhaandrieli.jords.site/api/database/rows/table/677/?user_field_names=true&size=200 "HTTP/1.1 200 OK"
2026-01-08 12:47:12,603 - INFO - HTTP Request: GET https://planilhaandrieli.jords.site/api/database/rows/table/677/?user_field_names=true&size=200 "HTTP/1.1 200 OK"
2026-01-08 12:47:12,615 - INFO - HTTP Request: GET https://planilhaandrieli.jords.site/api/database/rows/table/673/?user_field_names=true "HTTP/1.1 200 OK"
2026-01-08 12:47:20,914 - INFO - HTTP Request: GET https://planilhaandrieli.jords.site/api/database/rows/table/673/?user_field_names=true "HTTP/1.1 200 OK"
2026-01-08 12:47:20,918 - INFO - HTTP Request: GET https://planilhaandrieli.jords.site/api/database/rows/table/677/?user_field_names=true&size=200 "HTTP/1.1 200 OK"
2026-01-08 12:47:32,492 - INFO - HTTP Request: GET https://planilhaandrieli.jords.site/api/database/rows/table/673/?user_field_names=true "HTTP/1.1 200 OK"
2026-01-08 12:47:32,495 - INFO - HTTP Request: GET https://planilhaandrieli.jords.site/api/database/rows/table/677/?user_field_names=true&size=200 "HTTP/1.1 200 OK"
2026-01-08 12:47:40,955 - INFO - HTTP Request: GET https://planilhaandrieli.jords.site/api/database/rows/table/677/?user_field_names=true&size=200 "HTTP/1.1 200 OK"
2026-01-08 12:47:40,956 - INFO - HTTP Request: GET https://planilhaandrieli.jords.site/api/database/rows/table/673/?user_field_names=true "HTTP/1.1 200 OK"
2026-01-08 12:47:51,127 - INFO - HTTP Request: GET https://planilhaandrieli.jords.site/api/database/rows/table/677/?user_field_names=true&size=200 "HTTP/1.1 200 OK"
2026-01-08 12:47:51,132 - INFO - HTTP Request: GET https://planilhaandrieli.jords.site/api/database/rows/table/673/?user_field_names=true "HTTP/1.1 200 OK"
2026-01-08 12:48:01,053 - INFO - HTTP Request: GET https://planilhaandrieli.jords.site/api/database/rows/table/677/?user_field_names=true&size=200 "HTTP/1.1 200 OK"
2026-01-08 12:48:01,058 - INFO - HTTP Request: GET https://planilhaandrieli.jords.site/api/database/rows/table/673/?user_field_names=true "HTTP/1.1 200 OK"
2026-01-08 12:48:11,157 - INFO - HTTP Request: GET https://planilhaandrieli.jords.site/api/database/rows/table/677/?user_field_names=true&size=200 "HTTP/1.1 200 OK"
2026-01-08 12:48:11,184 - INFO - HTTP Request: GET https://planilhaandrieli.jords.site/api/database/rows/table/673/?user_field_names=true "HTTP/1.1 200 OK"
2026-01-08 12:48:22,330 - INFO - HTTP Request: GET https://planilhaandrieli.jords.site/api/database/rows/table/677/?user_field_names=true&size=200 "HTTP/1.1 200 OK"
2026-01-08 12:48:22,334 - INFO - HTTP Request: GET https://planilhaandrieli.jords.site/api/database/rows/table/673/?user_field_names=true "HTTP/1.1 200 OK"
2026-01-08 12:48:31,607 - INFO - HTTP Request: GET https://planilhaandrieli.jords.site/api/database/rows/table/677/?user_field_names=true&size=200 "HTTP/1.1 200 OK"
2026-01-08 12:48:31,611 - INFO - HTTP Request: GET https://planilhaandrieli.jords.site/api/database/rows/table/673/?user_field_names=true "HTTP/1.1 200 OK"
2026-01-08 12:48:40,945 - INFO - HTTP Request: GET https://planilhaandrieli.jords.site/api/database/rows/table/677/?user_field_names=true&size=200 "HTTP/1.1 200 OK"
2026-01-08 12:48:40,949 - INFO - HTTP Request: GET https://planilhaandrieli.jords.site/api/database/rows/table/673/?user_field_names=true "HTTP/1.1 200 OK"
2026-01-08 12:48:51,237 - INFO - HTTP Request: GET https://planilhaandrieli.jords.site/api/database/rows/table/673/?user_field_names=true "HTTP/1.1 200 OK"
2026-01-08 12:48:51,264 - INFO - HTTP Request: GET https://planilhaandrieli.jords.site/api/database/rows/table/677/?user_field_names=true&size=200 "HTTP/1.1 200 OK"
2026-01-08 12:49:02,377 - INFO - HTTP Request: GET https://planilhaandrieli.jords.site/api/database/rows/table/673/?user_field_names=true "HTTP/1.1 200 OK"
2026-01-08 12:49:02,380 - INFO - HTTP Request: GET https://planilhaandrieli.jords.site/api/database/rows/table/677/?user_field_names=true&size=200 "HTTP/1.1 200 OK"
2026-01-08 12:49:12,234 - INFO - HTTP Request: GET https://planilhaandrieli.jords.site/api/database/rows/table/677/?user_field_names=true&size=200 "HTTP/1.1 200 OK"
2026-01-08 12:49:12,237 - INFO - HTTP Request: GET https://planilhaandrieli.jords.site/api/database/rows/table/673/?user_field_names=true "HTTP/1.1 200 OK"
2026-01-08 12:49:22,625 - INFO - HTTP Request: GET https://planilhaandrieli.jords.site/api/database/rows/table/677/?user_field_names=true&size=200 "HTTP/1.1 200 OK"
2026-01-08 12:49:22,653 - INFO - HTTP Request: GET https://planilhaandrieli.jords.site/api/database/rows/table/673/?user_field_names=true "HTTP/1.1 200 OK"
2026-01-08 12:49:31,230 - INFO - HTTP Request: GET https://planilhaandrieli.jords.site/api/database/rows/table/673/?user_field_names=true "HTTP/1.1 200 OK"
2026-01-08 12:49:31,234 - INFO - HTTP Request: GET https://planilhaandrieli.jords.site/api/database/rows/table/677/?user_field_names=true&size=200 "HTTP/1.1 200 OK"
2026-01-08 12:49:40,957 - INFO - HTTP Request: GET https://planilhaandrieli.jords.site/api/database/rows/table/673/?user_field_names=true "HTTP/1.1 200 OK"
2026-01-08 12:49:40,961 - INFO - HTTP Request: GET https://planilhaandrieli.jords.site/api/database/rows/table/677/?user_field_names=true&size=200 "HTTP/1.1 200 OK"
2026-01-08 12:49:51,242 - INFO - HTTP Request: GET https://planilhaandrieli.jords.site/api/database/rows/table/677/?user_field_names=true&size=200 "HTTP/1.1 200 OK"
2026-01-08 12:49:51,256 - INFO - HTTP Request: GET https://planilhaandrieli.jords.site/api/database/rows/table/673/?user_field_names=true "HTTP/1.1 200 OK"
2026-01-08 12:50:02,379 - INFO - HTTP Request: GET https://planilhaandrieli.jords.site/api/database/rows/table/677/?user_field_names=true&size=200 "HTTP/1.1 200 OK"
2026-01-08 12:50:02,411 - INFO - HTTP Request: GET https://planilhaandrieli.jords.site/api/database/rows/table/673/?user_field_names=true "HTTP/1.1 200 OK"
2026-01-08 12:50:11,285 - INFO - HTTP Request: GET https://planilhaandrieli.jords.site/api/database/rows/table/673/?user_field_names=true "HTTP/1.1 200 OK"
2026-01-08 12:50:11,594 - INFO - HTTP Request: GET https://planilhaandrieli.jords.site/api/database/rows/table/677/?user_field_names=true&size=200 "HTTP/1.1 200 OK"
2026-01-08 12:50:21,026 - INFO - HTTP Request: GET https://planilhaandrieli.jords.site/api/database/rows/table/677/?user_field_names=true&size=200 "HTTP/1.1 200 OK"
2026-01-08 12:50:21,031 - INFO - HTTP Request: GET https://planilhaandrieli.jords.site/api/database/rows/table/673/?user_field_names=true "HTTP/1.1 200 OK"
2026-01-08 12:50:32,877 - INFO - HTTP Request: GET https://planilhaandrieli.jords.site/api/database/rows/table/677/?user_field_names=true&size=200 "HTTP/1.1 200 OK"
2026-01-08 12:50:32,881 - INFO - HTTP Request: GET https://planilhaandrieli.jords.site/api/database/rows/table/673/?user_field_names=true "HTTP/1.1 200 OK"
2026-01-08 12:50:42,534 - INFO - HTTP Request: GET https://planilhaandrieli.jords.site/api/database/rows/table/677/?user_field_names=true&size=200 "HTTP/1.1 200 OK"
2026-01-08 12:50:42,540 - INFO - HTTP Request: GET https://planilhaandrieli.jords.site/api/database/rows/table/673/?user_field_names=true "HTTP/1.1 200 OK"
2026-01-08 12:50:52,352 - INFO - HTTP Request: GET https://planilhaandrieli.jords.site/api/database/rows/table/677/?user_field_names=true&size=200 "HTTP/1.1 200 OK"
2026-01-08 12:50:52,355 - INFO - HTTP Request: GET https://planilhaandrieli.jords.site/api/database/rows/table/673/?user_field_names=true "HTTP/1.1 200 OK"
2026-01-08 12:51:02,640 - INFO - HTTP Request: GET https://planilhaandrieli.jords.site/api/database/rows/table/677/?user_field_names=true&size=200 "HTTP/1.1 200 OK"
2026-01-08 12:51:02,643 - INFO - HTTP Request: GET https://planilhaandrieli.jords.site/api/database/rows/table/673/?user_field_names=true "HTTP/1.1 200 OK"
2026-01-08 12:51:12,629 - INFO - HTTP Request: GET https://planilhaandrieli.jords.site/api/database/rows/table/677/?user_field_names=true&size=200 "HTTP/1.1 200 OK"
2026-01-08 12:51:12,633 - INFO - HTTP Request: GET https://planilhaandrieli.jords.site/api/database/rows/table/673/?user_field_names=true "HTTP/1.1 200 OK"
2026-01-08 12:51:20,875 - INFO - HTTP Request: GET https://planilhaandrieli.jords.site/api/database/rows/table/677/?user_field_names=true&size=200 "HTTP/1.1 200 OK"
2026-01-08 12:51:20,924 - INFO - HTTP Request: GET https://planilhaandrieli.jords.site/api/database/rows/table/673/?user_field_names=true "HTTP/1.1 200 OK"
2026-01-08 12:51:31,208 - INFO - HTTP Request: GET https://planilhaandrieli.jords.site/api/database/rows/table/677/?user_field_names=true&size=200 "HTTP/1.1 200 OK"
2026-01-08 12:51:31,211 - INFO - HTTP Request: GET https://planilhaandrieli.jords.site/api/database/rows/table/673/?user_field_names=true "HTTP/1.1 200 OK"
2026-01-08 12:51:40,924 - INFO - HTTP Request: GET https://planilhaandrieli.jords.site/api/database/rows/table/677/?user_field_names=true&size=200 "HTTP/1.1 200 OK"
2026-01-08 12:51:40,928 - INFO - HTTP Request: GET https://planilhaandrieli.jords.site/api/database/rows/table/673/?user_field_names=true "HTTP/1.1 200 OK"
2026-01-08 12:51:51,264 - INFO - HTTP Request: GET https://planilhaandrieli.jords.site/api/database/rows/table/677/?user_field_names=true&size=200 "HTTP/1.1 200 OK"
2026-01-08 12:51:51,276 - INFO - HTTP Request: GET https://planilhaandrieli.jords.site/api/database/rows/table/673/?user_field_names=true "HTTP/1.1 200 OK"
2026-01-08 12:52:00,965 - INFO - HTTP Request: GET https://planilhaandrieli.jords.site/api/database/rows/table/677/?user_field_names=true&size=200 "HTTP/1.1 200 OK"
2026-01-08 12:52:00,987 - INFO - HTTP Request: GET https://planilhaandrieli.jords.site/api/database/rows/table/673/?user_field_names=true "HTTP/1.1 200 OK"
2026-01-08 12:52:11,248 - INFO - HTTP Request: GET https://planilhaandrieli.jords.site/api/database/rows/table/677/?user_field_names=true&size=200 "HTTP/1.1 200 OK"
2026-01-08 12:52:11,250 - INFO - HTTP Request: GET https://planilhaandrieli.jords.site/api/database/rows/table/673/?user_field_names=true "HTTP/1.1 200 OK"
2026-01-08 12:52:22,242 - INFO - HTTP Request: GET https://planilhaandrieli.jords.site/api/database/rows/table/677/?user_field_names=true&size=200 "HTTP/1.1 200 OK"
2026-01-08 12:52:22,257 - INFO - HTTP Request: GET https://planilhaandrieli.jords.site/api/database/rows/table/673/?user_field_names=true "HTTP/1.1 200 OK"
2026-01-08 12:52:32,460 - INFO - HTTP Request: GET https://planilhaandrieli.jords.site/api/database/rows/table/677/?user_field_names=true&size=200 "HTTP/1.1 200 OK"
2026-01-08 12:52:32,469 - INFO - HTTP Request: GET https://planilhaandrieli.jords.site/api/database/rows/table/673/?user_field_names=true "HTTP/1.1 200 OK"
2026-01-08 12:52:41,479 - INFO - HTTP Request: GET https://planilhaandrieli.jords.site/api/database/rows/table/673/?user_field_names=true "HTTP/1.1 200 OK"
2026-01-08 12:52:41,485 - INFO - HTTP Request: GET https://planilhaandrieli.jords.site/api/database/rows/table/677/?user_field_names=true&size=200 "HTTP/1.1 200 OK"
2026-01-08 12:52:52,776 - INFO - HTTP Request: GET https://planilhaandrieli.jords.site/api/database/rows/table/677/?user_field_names=true&size=200 "HTTP/1.1 200 OK"
2026-01-08 12:52:52,787 - INFO - HTTP Request: GET https://planilhaandrieli.jords.site/api/database/rows/table/673/?user_field_names=true "HTTP/1.1 200 OK"
2026-01-08 12:53:00,933 - INFO - HTTP Request: GET https://planilhaandrieli.jords.site/api/database/rows/table/677/?user_field_names=true&size=200 "HTTP/1.1 200 OK"
2026-01-08 12:53:00,939 - INFO - HTTP Request: GET https://planilhaandrieli.jords.site/api/database/rows/table/673/?user_field_names=true "HTTP/1.1 200 OK"
2026-01-08 12:53:12,403 - INFO - HTTP Request: GET https://planilhaandrieli.jords.site/api/database/rows/table/673/?user_field_names=true "HTTP/1.1 200 OK"
2026-01-08 12:53:12,408 - INFO - HTTP Request: GET https://planilhaandrieli.jords.site/api/database/rows/table/677/?user_field_names=true&size=200 "HTTP/1.1 200 OK"
2026-01-08 12:53:22,261 - INFO - HTTP Request: GET https://planilhaandrieli.jords.site/api/database/rows/table/677/?user_field_names=true&size=200 "HTTP/1.1 200 OK"
2026-01-08 12:53:22,266 - INFO - HTTP Request: GET https://planilhaandrieli.jords.site/api/database/rows/table/673/?user_field_names=true "HTTP/1.1 200 OK"
2026-01-08 12:53:32,868 - INFO - HTTP Request: GET https://planilhaandrieli.jords.site/api/database/rows/table/677/?user_field_names=true&size=200 "HTTP/1.1 200 OK"
2026-01-08 12:53:32,877 - INFO - HTTP Request: GET https://planilhaandrieli.jords.site/api/database/rows/table/673/?user_field_names=true "HTTP/1.1 200 OK"
2026-01-08 12:53:42,312 - INFO - HTTP Request: GET https://planilhaandrieli.jords.site/api/database/rows/table/677/?user_field_names=true&size=200 "HTTP/1.1 200 OK"
2026-01-08 12:53:42,316 - INFO - HTTP Request: GET https://planilhaandrieli.jords.site/api/database/rows/table/673/?user_field_names=true "HTTP/1.1 200 OK"
2026-01-08 12:53:52,890 - INFO - HTTP Request: GET https://planilhaandrieli.jords.site/api/database/rows/table/677/?user_field_names=true&size=200 "HTTP/1.1 200 OK"
2026-01-08 12:53:52,907 - INFO - HTTP Request: GET https://planilhaandrieli.jords.site/api/database/rows/table/673/?user_field_names=true "HTTP/1.1 200 OK"
2026-01-08 12:54:02,377 - INFO - HTTP Request: GET https://planilhaandrieli.jords.site/api/database/rows/table/677/?user_field_names=true&size=200 "HTTP/1.1 200 OK"
2026-01-08 12:54:02,406 - INFO - HTTP Request: GET https://planilhaandrieli.jords.site/api/database/rows/table/673/?user_field_names=true "HTTP/1.1 200 OK"
2026-01-08 12:54:12,150 - INFO - HTTP Request: GET https://planilhaandrieli.jords.site/api/database/rows/table/677/?user_field_names=true&size=200 "HTTP/1.1 200 OK"
2026-01-08 12:54:12,154 - INFO - HTTP Request: GET https://planilhaandrieli.jords.site/api/database/rows/table/673/?user_field_names=true "HTTP/1.1 200 OK"
2026-01-08 12:54:22,586 - INFO - HTTP Request: GET https://planilhaandrieli.jords.site/api/database/rows/table/677/?user_field_names=true&size=200 "HTTP/1.1 200 OK"
2026-01-08 12:54:22,590 - INFO - HTTP Request: GET https://planilhaandrieli.jords.site/api/database/rows/table/673/?user_field_names=true "HTTP/1.1 200 OK"
2026-01-08 12:54:32,270 - INFO - HTTP Request: GET https://planilhaandrieli.jords.site/api/database/rows/table/673/?user_field_names=true "HTTP/1.1 200 OK"
2026-01-08 12:54:32,277 - INFO - HTTP Request: GET https://planilhaandrieli.jords.site/api/database/rows/table/677/?user_field_names=true&size=200 "HTTP/1.1 200 OK"
2026-01-08 12:54:42,964 - INFO - HTTP Request: GET https://planilhaandrieli.jords.site/api/database/rows/table/677/?user_field_names=true&size=200 "HTTP/1.1 200 OK"
2026-01-08 12:54:42,982 - INFO - HTTP Request: GET https://planilhaandrieli.jords.site/api/database/rows/table/673/?user_field_names=true "HTTP/1.1 200 OK"
2026-01-08 12:54:52,520 - INFO - HTTP Request: GET https://planilhaandrieli.jords.site/api/database/rows/table/673/?user_field_names=true "HTTP/1.1 200 OK"
2026-01-08 12:54:52,526 - INFO - HTTP Request: GET https://planilhaandrieli.jords.site/api/database/rows/table/677/?user_field_names=true&size=200 "HTTP/1.1 200 OK"
2026-01-08 12:55:00,863 - INFO - HTTP Request: GET https://planilhaandrieli.jords.site/api/database/rows/table/677/?user_field_names=true&size=200 "HTTP/1.1 200 OK"
2026-01-08 12:55:00,889 - INFO - HTTP Request: GET https://planilhaandrieli.jords.site/api/database/rows/table/673/?user_field_names=true "HTTP/1.1 200 OK"
2026-01-08 12:55:12,418 - INFO - HTTP Request: GET https://planilhaandrieli.jords.site/api/database/rows/table/677/?user_field_names=true&size=200 "HTTP/1.1 200 OK"
2026-01-08 12:55:12,435 - INFO - HTTP Request: GET https://planilhaandrieli.jords.site/api/database/rows/table/673/?user_field_names=true "HTTP/1.1 200 OK"
2026-01-08 12:55:20,966 - INFO - HTTP Request: GET https://planilhaandrieli.jords.site/api/database/rows/table/677/?user_field_names=true&size=200 "HTTP/1.1 200 OK"
2026-01-08 12:55:20,973 - INFO - HTTP Request: GET https://planilhaandrieli.jords.site/api/database/rows/table/673/?user_field_names=true "HTTP/1.1 200 OK"
2026-01-08 12:55:32,502 - INFO - HTTP Request: GET https://planilhaandrieli.jords.site/api/database/rows/table/677/?user_field_names=true&size=200 "HTTP/1.1 200 OK"
2026-01-08 12:55:32,527 - INFO - HTTP Request: GET https://planilhaandrieli.jords.site/api/database/rows/table/673/?user_field_names=true "HTTP/1.1 200 OK"
2026-01-08 12:55:42,135 - INFO - HTTP Request: GET https://planilhaandrieli.jords.site/api/database/rows/table/677/?user_field_names=true&size=200 "HTTP/1.1 200 OK"
2026-01-08 12:55:42,139 - INFO - HTTP Request: GET https://planilhaandrieli.jords.site/api/database/rows/table/673/?user_field_names=true "HTTP/1.1 200 OK"
2026-01-08 12:55:51,241 - INFO - HTTP Request: GET https://planilhaandrieli.jords.site/api/database/rows/table/677/?user_field_names=true&size=200 "HTTP/1.1 200 OK"
2026-01-08 12:55:51,243 - INFO - HTTP Request: GET https://planilhaandrieli.jords.site/api/database/rows/table/673/?user_field_names=true "HTTP/1.1 200 OK"
2026-01-08 12:56:00,934 - INFO - HTTP Request: GET https://planilhaandrieli.jords.site/api/database/rows/table/677/?user_field_names=true&size=200 "HTTP/1.1 200 OK"
2026-01-08 12:56:00,936 - INFO - HTTP Request: GET https://planilhaandrieli.jords.site/api/database/rows/table/673/?user_field_names=true "HTTP/1.1 200 OK"
2026-01-08 12:56:12,511 - INFO - HTTP Request: GET https://planilhaandrieli.jords.site/api/database/rows/table/677/?user_field_names=true&size=200 "HTTP/1.1 200 OK"
2026-01-08 12:56:12,549 - INFO - HTTP Request: GET https://planilhaandrieli.jords.site/api/database/rows/table/673/?user_field_names=true "HTTP/1.1 200 OK"
2026-01-08 12:56:20,901 - INFO - HTTP Request: GET https://planilhaandrieli.jords.site/api/database/rows/table/677/?user_field_names=true&size=200 "HTTP/1.1 200 OK"
2026-01-08 12:56:20,908 - INFO - HTTP Request: GET https://planilhaandrieli.jords.site/api/database/rows/table/673/?user_field_names=true "HTTP/1.1 200 OK"
2026-01-08 12:56:32,468 - INFO - HTTP Request: GET https://planilhaandrieli.jords.site/api/database/rows/table/677/?user_field_names=true&size=200 "HTTP/1.1 200 OK"
2026-01-08 12:56:32,481 - INFO - HTTP Request: GET https://planilhaandrieli.jords.site/api/database/rows/table/673/?user_field_names=true "HTTP/1.1 200 OK"
2026-01-08 12:56:40,971 - INFO - HTTP Request: GET https://planilhaandrieli.jords.site/api/database/rows/table/677/?user_field_names=true&size=200 "HTTP/1.1 200 OK"
2026-01-08 12:56:40,973 - INFO - HTTP Request: GET https://planilhaandrieli.jords.site/api/database/rows/table/673/?user_field_names=true "HTTP/1.1 200 OK"
2026-01-08 12:56:51,232 - INFO - HTTP Request: GET https://planilhaandrieli.jords.site/api/database/rows/table/677/?user_field_names=true&size=200 "HTTP/1.1 200 OK"
2026-01-08 12:56:51,242 - INFO - HTTP Request: GET https://planilhaandrieli.jords.site/api/database/rows/table/673/?user_field_names=true "HTTP/1.1 200 OK"
2026-01-08 12:57:01,133 - INFO - HTTP Request: GET https://planilhaandrieli.jords.site/api/database/rows/table/677/?user_field_names=true&size=200 "HTTP/1.1 200 OK"
2026-01-08 12:57:01,147 - INFO - HTTP Request: GET https://planilhaandrieli.jords.site/api/database/rows/table/673/?user_field_names=true "HTTP/1.1 200 OK"
2026-01-08 12:57:11,263 - INFO - HTTP Request: GET https://planilhaandrieli.jords.site/api/database/rows/table/677/?user_field_names=true&size=200 "HTTP/1.1 200 OK"
2026-01-08 12:57:11,278 - INFO - HTTP Request: GET https://planilhaandrieli.jords.site/api/database/rows/table/673/?user_field_names=true "HTTP/1.1 200 OK"
2026-01-08 12:57:21,130 - INFO - HTTP Request: GET https://planilhaandrieli.jords.site/api/database/rows/table/677/?user_field_names=true&size=200 "HTTP/1.1 200 OK"
2026-01-08 12:57:21,148 - INFO - HTTP Request: GET https://planilhaandrieli.jords.site/api/database/rows/table/673/?user_field_names=true "HTTP/1.1 200 OK"
2026-01-08 12:57:31,358 - INFO - HTTP Request: GET https://planilhaandrieli.jords.site/api/database/rows/table/677/?user_field_names=true&size=200 "HTTP/1.1 200 OK"
2026-01-08 12:57:31,360 - INFO - HTTP Request: GET https://planilhaandrieli.jords.site/api/database/rows/table/673/?user_field_names=true "HTTP/1.1 200 OK"
2026-01-08 12:57:41,311 - INFO - HTTP Request: GET https://planilhaandrieli.jords.site/api/database/rows/table/677/?user_field_names=true&size=200 "HTTP/1.1 200 OK"
2026-01-08 12:57:41,316 - INFO - HTTP Request: GET https://planilhaandrieli.jords.site/api/database/rows/table/673/?user_field_names=true "HTTP/1.1 200 OK"
2026-01-08 12:57:51,303 - INFO - HTTP Request: GET https://planilhaandrieli.jords.site/api/database/rows/table/677/?user_field_names=true&size=200 "HTTP/1.1 200 OK"
2026-01-08 12:57:51,316 - INFO - HTTP Request: GET https://planilhaandrieli.jords.site/api/database/rows/table/673/?user_field_names=true "HTTP/1.1 200 OK"
2026-01-08 12:58:01,086 - INFO - HTTP Request: GET https://planilhaandrieli.jords.site/api/database/rows/table/677/?user_field_names=true&size=200 "HTTP/1.1 200 OK"
2026-01-08 12:58:01,087 - INFO - HTTP Request: GET https://planilhaandrieli.jords.site/api/database/rows/table/673/?user_field_names=true "HTTP/1.1 200 OK"
2026-01-08 12:58:11,269 - INFO - HTTP Request: GET https://planilhaandrieli.jords.site/api/database/rows/table/677/?user_field_names=true&size=200 "HTTP/1.1 200 OK"
2026-01-08 12:58:11,271 - INFO - HTTP Request: GET https://planilhaandrieli.jords.site/api/database/rows/table/673/?user_field_names=true "HTTP/1.1 200 OK"
2026-01-08 12:58:20,455 - INFO - HTTP Request: GET https://planilhaandrieli.jords.site/api/database/rows/table/677/?user_field_names=true&size=200 "HTTP/1.1 200 OK"
2026-01-08 12:58:20,463 - INFO - HTTP Request: GET https://planilhaandrieli.jords.site/api/database/rows/table/673/?user_field_names=true "HTTP/1.1 200 OK"
2026-01-08 12:59:27,585 - INFO - HTTP Request: GET https://planilhaandrieli.jords.site/api/database/rows/table/678/?user_field_names=true&filter__field_Email__equal=aryarajmarketing%40gmail.com "HTTP/1.1 200 OK"
2026-01-08 12:59:28,699 - INFO - HTTP Request: GET https://planilhaandrieli.jords.site/api/database/rows/table/678/?user_field_names=true&filter__field_Email__equal=aryarajmarketing%40gmail.com "HTTP/1.1 200 OK"
2026-01-08 12:59:29,981 - INFO - HTTP Request: GET https://planilhaandrieli.jords.site/api/database/rows/table/673/?user_field_names=true "HTTP/1.1 200 OK"
2026-01-08 12:59:29,991 - INFO - HTTP Request: GET https://planilhaandrieli.jords.site/api/database/rows/table/677/?user_field_names=true&size=200 "HTTP/1.1 200 OK"
2026-01-08 12:59:32,403 - INFO - HTTP Request: GET https://planilhaandrieli.jords.site/api/database/rows/table/677/?user_field_names=true&size=200 "HTTP/1.1 200 OK"
2026-01-08 12:59:32,413 - INFO - HTTP Request: GET https://planilhaandrieli.jords.site/api/database/rows/table/673/?user_field_names=true "HTTP/1.1 200 OK"
2026-01-08 12:59:40,334 - INFO - HTTP Request: GET https://planilhaandrieli.jords.site/api/database/rows/table/677/?user_field_names=true&size=200 "HTTP/1.1 200 OK"
2026-01-08 12:59:40,359 - INFO - HTTP Request: GET https://planilhaandrieli.jords.site/api/database/rows/table/673/?user_field_names=true "HTTP/1.1 200 OK"
2026-01-08 12:59:50,140 - INFO - HTTP Request: GET https://planilhaandrieli.jords.site/api/database/rows/table/677/?user_field_names=true&size=200 "HTTP/1.1 200 OK"
2026-01-08 12:59:50,146 - INFO - HTTP Request: GET https://planilhaandrieli.jords.site/api/database/rows/table/673/?user_field_names=true "HTTP/1.1 200 OK"
2026-01-08 12:59:59,883 - INFO - HTTP Request: GET https://planilhaandrieli.jords.site/api/database/rows/table/673/?user_field_names=true "HTTP/1.1 200 OK"
2026-01-08 12:59:59,888 - INFO - HTTP Request: GET https://planilhaandrieli.jords.site/api/database/rows/table/677/?user_field_names=true&size=200 "HTTP/1.1 200 OK"
2026-01-08 13:00:10,178 - INFO - HTTP Request: GET https://planilhaandrieli.jords.site/api/database/rows/table/673/?user_field_names=true "HTTP/1.1 200 OK"
2026-01-08 13:00:10,224 - INFO - HTTP Request: GET https://planilhaandrieli.jords.site/api/database/rows/table/677/?user_field_names=true&size=200 "HTTP/1.1 200 OK"
2026-01-08 13:00:20,209 - INFO - HTTP Request: GET https://planilhaandrieli.jords.site/api/database/rows/table/677/?user_field_names=true&size=200 "HTTP/1.1 200 OK"
2026-01-08 13:00:20,214 - INFO - HTTP Request: GET https://planilhaandrieli.jords.site/api/database/rows/table/673/?user_field_names=true "HTTP/1.1 200 OK"
2026-01-08 13:00:30,441 - INFO - HTTP Request: GET https://planilhaandrieli.jords.site/api/database/rows/table/673/?user_field_names=true "HTTP/1.1 200 OK"
2026-01-08 13:00:30,447 - INFO - HTTP Request: GET https://planilhaandrieli.jords.site/api/database/rows/table/677/?user_field_names=true&size=200 "HTTP/1.1 200 OK"
2026-01-08 13:00:39,887 - INFO - HTTP Request: GET https://planilhaandrieli.jords.site/api/database/rows/table/677/?user_field_names=true&size=200 "HTTP/1.1 200 OK"
2026-01-08 13:00:39,892 - INFO - HTTP Request: GET https://planilhaandrieli.jords.site/api/database/rows/table/673/?user_field_names=true "HTTP/1.1 200 OK"
2026-01-08 13:00:50,172 - INFO - HTTP Request: GET https://planilhaandrieli.jords.site/api/database/rows/table/677/?user_field_names=true&size=200 "HTTP/1.1 200 OK"
2026-01-08 13:00:50,176 - INFO - HTTP Request: GET https://planilhaandrieli.jords.site/api/database/rows/table/673/?user_field_names=true "HTTP/1.1 200 OK"
2026-01-08 13:02:18,835 - INFO - HTTP Request: GET https://planilhaandrieli.jords.site/api/database/rows/table/678/?user_field_names=true&filter__field_Email__equal=aryarajmarketing%40gmail.com "HTTP/1.1 200 OK"
2026-01-08 13:05:24,442 - INFO - HTTP Request: GET https://planilhaandrieli.jords.site/api/database/rows/table/678/?user_field_names=true&filter__field_Email__equal=aryarajmarketing%40gmail.com "HTTP/1.1 200 OK"
2026-01-08 13:05:25,499 - INFO - HTTP Request: GET https://planilhaandrieli.jords.site/api/database/rows/table/678/?user_field_names=true&filter__field_Email__equal=aryarajmarketing%40gmail.com "HTTP/1.1 200 OK"
2026-01-08 13:05:27,731 - INFO - HTTP Request: GET https://planilhaandrieli.jords.site/api/database/rows/table/673/?user_field_names=true "HTTP/1.1 200 OK"
2026-01-08 13:05:27,744 - INFO - HTTP Request: GET https://planilhaandrieli.jords.site/api/database/rows/table/673/?user_field_names=true "HTTP/1.1 200 OK"
2026-01-08 13:05:27,751 - INFO - HTTP Request: GET https://planilhaandrieli.jords.site/api/database/rows/table/677/?user_field_names=true&size=200 "HTTP/1.1 200 OK"
2026-01-08 13:05:27,759 - INFO - HTTP Request: GET https://planilhaandrieli.jords.site/api/database/rows/table/677/?user_field_names=true&size=200 "HTTP/1.1 200 OK"
2026-01-08 13:05:37,163 - INFO - HTTP Request: GET https://planilhaandrieli.jords.site/api/database/rows/table/677/?user_field_names=true&size=200 "HTTP/1.1 200 OK"
2026-01-08 13:05:37,165 - INFO - HTTP Request: GET https://planilhaandrieli.jords.site/api/database/rows/table/673/?user_field_names=true "HTTP/1.1 200 OK"
2026-01-08 13:05:46,804 - INFO - HTTP Request: GET https://planilhaandrieli.jords.site/api/database/rows/table/677/?user_field_names=true&size=200 "HTTP/1.1 200 OK"
2026-01-08 13:05:46,820 - INFO - HTTP Request: GET https://planilhaandrieli.jords.site/api/database/rows/table/673/?user_field_names=true "HTTP/1.1 200 OK"
2026-01-08 13:05:57,041 - INFO - HTTP Request: GET https://planilhaandrieli.jords.site/api/database/rows/table/677/?user_field_names=true&size=200 "HTTP/1.1 200 OK"
2026-01-08 13:05:57,044 - INFO - HTTP Request: GET https://planilhaandrieli.jords.site/api/database/rows/table/673/?user_field_names=true "HTTP/1.1 200 OK"
2026-01-08 13:06:06,730 - INFO - HTTP Request: GET https://planilhaandrieli.jords.site/api/database/rows/table/677/?user_field_names=true&size=200 "HTTP/1.1 200 OK"
2026-01-08 13:06:06,732 - INFO - HTTP Request: GET https://planilhaandrieli.jords.site/api/database/rows/table/673/?user_field_names=true "HTTP/1.1 200 OK"
2026-01-08 13:06:17,063 - INFO - HTTP Request: GET https://planilhaandrieli.jords.site/api/database/rows/table/673/?user_field_names=true "HTTP/1.1 200 OK"
2026-01-08 13:06:17,073 - INFO - HTTP Request: GET https://planilhaandrieli.jords.site/api/database/rows/table/677/?user_field_names=true&size=200 "HTTP/1.1 200 OK"
2026-01-08 13:06:26,947 - INFO - HTTP Request: GET https://planilhaandrieli.jords.site/api/database/rows/table/677/?user_field_names=true&size=200 "HTTP/1.1 200 OK"
2026-01-08 13:06:26,957 - INFO - HTTP Request: GET https://planilhaandrieli.jords.site/api/database/rows/table/673/?user_field_names=true "HTTP/1.1 200 OK"
2026-01-08 13:06:37,035 - INFO - HTTP Request: GET https://planilhaandrieli.jords.site/api/database/rows/table/677/?user_field_names=true&size=200 "HTTP/1.1 200 OK"
2026-01-08 13:06:37,038 - INFO - HTTP Request: GET https://planilhaandrieli.jords.site/api/database/rows/table/673/?user_field_names=true "HTTP/1.1 200 OK"
2026-01-08 13:06:46,689 - INFO - HTTP Request: GET https://planilhaandrieli.jords.site/api/database/rows/table/673/?user_field_names=true "HTTP/1.1 200 OK"
2026-01-08 13:06:46,690 - INFO - HTTP Request: GET https://planilhaandrieli.jords.site/api/database/rows/table/677/?user_field_names=true&size=200 "HTTP/1.1 200 OK"
2026-01-08 13:06:56,992 - INFO - HTTP Request: GET https://planilhaandrieli.jords.site/api/database/rows/table/677/?user_field_names=true&size=200 "HTTP/1.1 200 OK"
2026-01-08 13:06:56,999 - INFO - HTTP Request: GET https://planilhaandrieli.jords.site/api/database/rows/table/673/?user_field_names=true "HTTP/1.1 200 OK"
2026-01-08 13:07:06,722 - INFO - HTTP Request: GET https://planilhaandrieli.jords.site/api/database/rows/table/677/?user_field_names=true&size=200 "HTTP/1.1 200 OK"
2026-01-08 13:07:06,754 - INFO - HTTP Request: GET https://planilhaandrieli.jords.site/api/database/rows/table/673/?user_field_names=true "HTTP/1.1 200 OK"
2026-01-08 13:07:17,147 - INFO - HTTP Request: GET https://planilhaandrieli.jords.site/api/database/rows/table/677/?user_field_names=true&size=200 "HTTP/1.1 200 OK"
2026-01-08 13:07:17,170 - INFO - HTTP Request: GET https://planilhaandrieli.jords.site/api/database/rows/table/673/?user_field_names=true "HTTP/1.1 200 OK"
2026-01-08 13:07:26,739 - INFO - HTTP Request: GET https://planilhaandrieli.jords.site/api/database/rows/table/673/?user_field_names=true "HTTP/1.1 200 OK"
2026-01-08 13:07:26,742 - INFO - HTTP Request: GET https://planilhaandrieli.jords.site/api/database/rows/table/677/?user_field_names=true&size=200 "HTTP/1.1 200 OK"
2026-01-08 13:07:37,050 - INFO - HTTP Request: GET https://planilhaandrieli.jords.site/api/database/rows/table/677/?user_field_names=true&size=200 "HTTP/1.1 200 OK"
2026-01-08 13:07:37,054 - INFO - HTTP Request: GET https://planilhaandrieli.jords.site/api/database/rows/table/673/?user_field_names=true "HTTP/1.1 200 OK"
2026-01-08 13:07:46,676 - INFO - HTTP Request: GET https://planilhaandrieli.jords.site/api/database/rows/table/673/?user_field_names=true "HTTP/1.1 200 OK"
2026-01-08 13:07:46,681 - INFO - HTTP Request: GET https://planilhaandrieli.jords.site/api/database/rows/table/677/?user_field_names=true&size=200 "HTTP/1.1 200 OK"
2026-01-08 13:07:57,004 - INFO - HTTP Request: GET https://planilhaandrieli.jords.site/api/database/rows/table/677/?user_field_names=true&size=200 "HTTP/1.1 200 OK"
2026-01-08 13:07:57,017 - INFO - HTTP Request: GET https://planilhaandrieli.jords.site/api/database/rows/table/673/?user_field_names=true "HTTP/1.1 200 OK"
2026-01-08 13:08:06,738 - INFO - HTTP Request: GET https://planilhaandrieli.jords.site/api/database/rows/table/673/?user_field_names=true "HTTP/1.1 200 OK"
2026-01-08 13:08:06,747 - INFO - HTTP Request: GET https://planilhaandrieli.jords.site/api/database/rows/table/677/?user_field_names=true&size=200 "HTTP/1.1 200 OK"
2026-01-08 13:08:17,039 - INFO - HTTP Request: GET https://planilhaandrieli.jords.site/api/database/rows/table/677/?user_field_names=true&size=200 "HTTP/1.1 200 OK"
2026-01-08 13:08:17,059 - INFO - HTTP Request: GET https://planilhaandrieli.jords.site/api/database/rows/table/673/?user_field_names=true "HTTP/1.1 200 OK"
2026-01-08 13:08:26,814 - INFO - HTTP Request: GET https://planilhaandrieli.jords.site/api/database/rows/table/677/?user_field_names=true&size=200 "HTTP/1.1 200 OK"
2026-01-08 13:08:26,832 - INFO - HTTP Request: GET https://planilhaandrieli.jords.site/api/database/rows/table/673/?user_field_names=true "HTTP/1.1 200 OK"
2026-01-08 13:08:37,131 - INFO - HTTP Request: GET https://planilhaandrieli.jords.site/api/database/rows/table/677/?user_field_names=true&size=200 "HTTP/1.1 200 OK"
2026-01-08 13:08:37,151 - INFO - HTTP Request: GET https://planilhaandrieli.jords.site/api/database/rows/table/673/?user_field_names=true "HTTP/1.1 200 OK"
2026-01-08 13:08:46,717 - INFO - HTTP Request: GET https://planilhaandrieli.jords.site/api/database/rows/table/677/?user_field_names=true&size=200 "HTTP/1.1 200 OK"
2026-01-08 13:08:46,748 - INFO - HTTP Request: GET https://planilhaandrieli.jords.site/api/database/rows/table/673/?user_field_names=true "HTTP/1.1 200 OK"
2026-01-08 13:08:57,182 - INFO - HTTP Request: GET https://planilhaandrieli.jords.site/api/database/rows/table/677/?user_field_names=true&size=200 "HTTP/1.1 200 OK"
2026-01-08 13:08:57,232 - INFO - HTTP Request: GET https://planilhaandrieli.jords.site/api/database/rows/table/673/?user_field_names=true "HTTP/1.1 200 OK"
2026-01-08 13:09:06,750 - INFO - HTTP Request: GET https://planilhaandrieli.jords.site/api/database/rows/table/673/?user_field_names=true "HTTP/1.1 200 OK"
2026-01-08 13:09:06,751 - INFO - HTTP Request: GET https://planilhaandrieli.jords.site/api/database/rows/table/677/?user_field_names=true&size=200 "HTTP/1.1 200 OK"
